Customer_ID,Age,Annual_Income,Spending_Score,Credit_Limit,Balance,Purchase_Frequency,Avg_Transaction_Value,Customer_Tenure_Years,Credit_Utilization_Ratio,Days_Since_Last_Transaction,Revolving_Utilization,Payments,Product_Category,Payment_Status,Account_Type
1,52,84505,61,35473,2130,6,497.62,11,0.92,167,0.82,4753,Food,Delayed,Gold
2,42,26570,3,15743,6921,6,484.11,8,0.3,122,0.02,2734,Travel,Delayed,Standard
3,54,37461,5,14108,13519,8,288.85,8,0.43,51,0.43,1341,Electronics,Delayed,Gold
4,67,53143,89,27057,20294,8,384.25,7,0.39,165,0.84,2905,Travel,On-Time,Standard
5,41,63710,79,18912,7368,6,256.24,1,0.38,165,0.43,2235,Fashion,On-Time,Standard
6,41,117030,71,14918,962,7,148.8,20,0.58,11,0.1,9435,Travel,On-Time,Gold
7,68,28482,91,16436,12472,3,382.58,17,0.67,124,0.56,4432,Home,Delayed,Standard
8,56,60703,15,14315,7893,4,251.78,16,0.4,41,0.39,1534,Food,On-Time,Standard
9,37,113120,37,6646,15617,2,439.76,12,0.81,49,0.31,4630,Fashion,On-Time,Gold
10,53,63004,48,32504,4779,8,437.21,19,0.59,0,0.86,3560,Electronics,On-Time,Platinum
11,38,93416,60,23907,474,4,481.24,13,0.27,63,0.44,802,Food,On-Time,Gold
12,38,69418,64,7114,20985,6,364.3,14,0.37,3,0.2,2200,Home,On-Time,Gold
13,48,85271,82,31997,6686,5,271.58,16,0.96,128,0.1,3756,Travel,On-Time,Standard
14,18,65861,49,21416,3660,6,302.41,2,0.6,41,0.93,2680,Travel,Delayed,Standard
15,19,101682,16,18306,5212,7,211.47,20,0.5,23,0.71,4999,Fashion,On-Time,Standard
16,36,20000,27,24237,19872,3,346.74,9,0.25,20,0.12,4363,Fashion,Late,Standard
17,29,60467,43,16516,26052,5,91.5,12,0.53,164,0.07,5770,Food,Delayed,Standard
18,49,86862,11,9475,4472,0,496.24,9,0.08,17,0.54,4300,Fashion,Late,Gold
19,31,96347,69,15687,8636,4,78.42,15,0.4,171,0.35,-876,Food,On-Time,Standard
20,23,134718,70,19414,12252,8,321.18,11,0.87,2,0.61,4448,Home,Late,Standard
21,66,59359,71,12801,0,5,180.79,13,0.43,156,0.64,6179,Travel,Late,Standard
22,41,134179,2,24069,6424,7,419.98,2,0.84,129,0.33,4440,Travel,On-Time,Platinum
23,46,48639,48,30236,23230,4,333.46,15,0.04,176,0.46,5061,Fashion,On-Time,Gold
24,23,128145,20,17077,7722,2,323.32,16,0.14,87,0.88,4511,Food,Delayed,Standard
25,36,107698,7,5000,18846,7,386.85,16,0.73,89,0.8,4716,Fashion,On-Time,Gold
26,46,38461,63,18670,9525,4,103.14,0,0.74,168,0.68,5320,Electronics,On-Time,Standard
27,27,87281,91,13198,0,8,190.28,8,0.65,55,0.86,-1202,Electronics,On-Time,Standard
28,50,72950,58,18286,16944,5,277.65,3,0.92,173,0.74,4992,Electronics,On-Time,Gold
29,35,100023,29,18181,7561,5,193.99,5,0.53,150,0.72,4483,Travel,On-Time,Gold
30,40,66069,31,13109,20022,6,99.57,19,0.73,47,0.45,-331,Food,On-Time,Platinum
31,35,62710,74,9062,11414,6,189.3,7,0.27,38,0.4,5933,Travel,On-Time,Standard
32,72,129763,19,20099,10044,6,256.28,1,0.61,42,0.25,4656,Home,On-Time,Standard
33,44,71051,15,13856,13297,2,116.51,20,0.77,101,0.93,3006,Electronics,On-Time,Standard
34,29,108056,24,33950,12659,7,347.82,20,0.7,41,0.6,4422,Fashion,Late,Platinum
35,57,65985,59,21970,0,9,82.69,10,0.81,159,0.72,3646,Home,Delayed,Standard
36,26,141666,44,14130,17426,4,451.22,1,0.4,147,0.05,3643,Home,Delayed,Platinum
37,48,47866,8,16207,9769,1,213.3,13,0.28,135,0.86,2990,Food,On-Time,Platinum
38,18,50434,50,18788,10189,4,211.51,3,0.28,87,0.2,822,Travel,On-Time,Platinum
39,25,135980,60,20783,12927,6,144.42,14,0.8,134,0.67,662,Fashion,On-Time,Platinum
40,47,57202,39,24931,16328,3,266.87,17,0.85,61,0.17,3667,Travel,On-Time,Standard
41,56,139042,60,29159,17385,7,424.48,17,0.21,153,0.09,6012,Travel,Late,Gold
42,47,110673,66,19431,14660,5,314.04,17,0.37,17,0.24,5468,Food,On-Time,Standard
43,43,68814,79,23641,0,6,414.57,14,0.92,168,0.35,2420,Food,On-Time,Gold
44,40,20000,75,23411,9503,9,485.95,3,0.01,49,0.08,3944,Electronics,On-Time,Platinum
45,22,74227,14,20790,3447,4,331.37,18,0.35,23,0.28,4623,Electronics,Delayed,Gold
46,34,79065,52,18338,11254,4,125.9,14,0.61,7,0.59,5772,Travel,Delayed,Gold
47,38,121688,3,21132,8609,5,186.24,4,0.15,136,0.47,4926,Travel,Delayed,Standard
48,60,138537,22,14774,24252,3,347.63,7,0.69,8,0.73,6396,Travel,On-Time,Gold
49,50,47600,26,10925,457,11,401.91,20,0.29,18,0.59,2457,Electronics,On-Time,Standard
50,18,107047,36,31552,10070,3,344.55,4,0.94,53,0.81,2849,Electronics,On-Time,Standard
51,49,105616,76,21724,10791,7,310.53,10,0.07,114,0.64,5118,Home,Delayed,Gold
52,39,117936,42,22185,6735,8,467.13,5,0.87,61,0.12,2566,Electronics,Late,Gold
53,34,94947,36,18267,9838,4,273.44,12,0.6,127,0.7,3457,Electronics,On-Time,Standard
54,54,20000,84,23985,24990,5,350.0,14,0.62,143,0.33,1430,Food,Delayed,Standard
55,60,68783,28,18561,12537,5,190.55,15,0.02,97,0.03,7856,Home,Delayed,Standard
56,58,28771,28,7862,20582,9,224.98,11,0.91,46,0.01,1382,Travel,On-Time,Standard
57,32,66895,48,15723,6710,1,155.5,1,0.85,123,0.22,465,Food,On-Time,Standard
58,40,114200,74,24780,15406,3,410.11,16,0.45,124,0.19,2843,Food,On-Time,Gold
59,49,87206,50,15251,4324,7,139.61,11,0.48,83,0.39,4272,Fashion,On-Time,Gold
60,59,120923,49,5338,3895,4,154.56,8,0.29,177,0.92,1846,Fashion,On-Time,Gold
61,37,88670,27,17653,0,1,98.23,15,0.33,124,0.57,2827,Travel,On-Time,Standard
62,42,23066,73,6154,2537,5,380.57,4,0.48,155,0.01,5652,Electronics,On-Time,Standard
63,28,20000,4,17532,10391,7,84.17,8,0.08,27,0.88,3216,Home,On-Time,Standard
64,27,80952,55,29483,20822,9,76.83,17,0.08,87,0.05,3285,Electronics,On-Time,Standard
65,57,66442,63,9826,9184,7,331.37,4,0.82,11,0.95,4167,Home,On-Time,Standard
66,65,35922,88,25183,11625,5,218.98,11,0.38,25,0.91,6873,Travel,On-Time,Standard
67,43,20000,96,33718,18019,6,467.18,11,0.98,136,0.44,243,Food,On-Time,Standard
68,60,45610,16,30184,7734,6,444.71,8,0.09,109,0.56,4577,Fashion,Delayed,Standard
69,50,67220,96,18179,3167,7,273.54,13,0.94,67,0.4,5274,Electronics,Delayed,Gold
70,35,101635,88,12678,3965,6,86.93,11,0.65,131,0.09,5854,Electronics,On-Time,Platinum
71,50,82545,96,21399,17848,3,297.66,13,0.31,175,0.01,3918,Electronics,Delayed,Standard
72,68,139322,54,21509,11011,8,497.46,19,0.27,173,0.47,1580,Travel,On-Time,Gold
73,44,33575,8,27373,11012,2,347.17,2,0.96,163,0.93,1207,Travel,On-Time,Standard
74,68,110242,90,20409,3760,4,407.36,6,0.34,91,0.05,4181,Travel,Delayed,Standard
75,18,76891,88,23221,19403,10,231.6,20,0.53,73,0.73,4284,Electronics,On-Time,Standard
76,57,102786,67,12728,22931,2,83.5,3,0.95,41,0.14,1584,Fashion,On-Time,Gold
77,46,57539,72,25917,11212,10,472.92,1,0.21,15,0.73,2173,Fashion,On-Time,Gold
78,40,117867,78,9791,16427,4,198.35,11,0.18,13,0.45,2089,Travel,On-Time,Gold
79,46,86808,15,14979,5485,3,118.07,1,0.22,115,0.44,1096,Fashion,Delayed,Standard
80,18,47822,15,24806,18920,4,119.91,11,0.24,174,0.81,3096,Food,On-Time,Standard
81,41,74519,12,30327,14029,5,111.25,8,0.7,131,0.18,2678,Food,On-Time,Standard
82,50,65417,77,25470,1387,3,243.31,0,0.17,163,0.46,3422,Food,Delayed,Gold
83,67,94567,85,19740,13164,4,437.02,4,0.04,166,0.08,3153,Electronics,On-Time,Standard
84,37,27808,84,19814,13129,9,116.26,11,0.72,59,0.69,2812,Fashion,Late,Gold
85,32,73825,72,12737,11271,8,389.92,20,0.96,169,0.2,-869,Electronics,On-Time,Gold
86,37,90812,62,17044,13559,0,82.61,14,0.55,41,0.6,6028,Electronics,On-Time,Gold
87,58,76320,40,5000,9672,2,104.22,7,0.36,7,0.43,-454,Home,On-Time,Gold
88,49,128877,52,33271,8716,9,102.31,6,0.03,123,0.9,2139,Fashion,On-Time,Platinum
89,37,105960,67,37729,11748,5,282.39,3,0.57,113,0.51,1675,Home,Late,Standard
90,52,74700,73,5000,7551,7,445.84,20,0.33,168,0.81,6756,Food,Late,Standard
91,46,83667,98,8526,5465,5,384.87,18,0.65,26,0.91,591,Travel,On-Time,Gold
92,59,86826,8,30899,17772,6,438.78,6,0.96,44,0.06,5426,Food,On-Time,Platinum
93,34,91131,50,13722,5985,2,438.86,1,0.02,151,0.24,3022,Travel,Delayed,Standard
94,40,20000,47,31080,8874,0,101.42,19,0.69,21,0.13,-1031,Electronics,Delayed,Platinum
95,39,62938,79,26031,6641,6,298.0,9,0.67,151,0.12,571,Home,Late,Platinum
96,23,20000,48,17432,3907,3,405.01,2,0.59,138,0.03,1679,Electronics,On-Time,Platinum
97,49,126131,17,27557,20792,2,477.32,7,0.73,79,0.56,4165,Home,On-Time,Standard
98,48,72566,9,19707,0,3,357.86,19,0.37,180,0.29,2391,Travel,On-Time,Standard
99,45,67266,84,19567,12780,3,435.44,8,0.12,27,0.42,5907,Electronics,On-Time,Gold
100,41,110871,53,24228,9084,7,217.3,9,0.0,10,0.63,6165,Home,On-Time,Standard
101,23,91892,78,26336,13351,7,367.66,9,0.4,179,0.57,2597,Home,On-Time,Platinum
102,38,29854,14,28018,8807,8,216.68,10,0.81,83,0.44,1560,Electronics,On-Time,Standard
103,39,72163,10,38840,13447,5,137.66,8,0.59,32,0.59,4900,Travel,On-Time,Standard
104,32,61593,39,22917,11981,8,79.36,15,0.15,6,0.17,-1402,Home,Delayed,Standard
105,42,20000,46,30342,14120,3,448.04,9,0.32,9,0.51,5679,Food,On-Time,Standard
106,51,47388,100,30120,22205,4,79.03,17,0.66,124,0.96,2478,Travel,On-Time,Standard
107,73,67658,19,25480,0,5,499.87,18,0.93,172,0.95,7194,Electronics,On-Time,Platinum
108,47,70401,97,15779,10568,2,279.82,18,0.86,175,0.8,3810,Home,Delayed,Standard
109,48,20000,21,28775,3043,4,276.72,11,0.63,130,0.61,2349,Fashion,On-Time,Gold
110,43,121066,47,23566,4927,4,83.07,17,0.22,132,0.38,2048,Fashion,On-Time,Standard
111,18,70915,81,9690,3335,7,83.57,4,0.87,0,0.13,3332,Electronics,On-Time,Gold
112,44,76502,15,28109,7954,5,373.16,7,0.92,163,0.87,4912,Travel,On-Time,Standard
113,45,91025,4,6990,17855,5,249.28,3,0.91,11,0.8,646,Food,Late,Gold
114,80,43476,64,25180,7354,9,129.92,18,0.57,30,0.43,4785,Fashion,Late,Gold
115,42,93254,82,15583,12421,4,141.13,16,0.87,168,0.59,1598,Fashion,On-Time,Gold
116,49,60317,73,21306,16277,2,154.28,6,0.79,108,0.55,4188,Food,On-Time,Gold
117,44,39136,20,8847,4038,11,414.68,11,0.62,38,0.11,6055,Electronics,On-Time,Standard
118,27,97937,60,14208,4416,6,325.23,11,0.98,108,0.74,4344,Electronics,On-Time,Gold
119,62,134666,76,15812,10002,7,82.52,5,0.24,132,0.34,1420,Home,On-Time,Standard
120,56,103993,54,18781,0,4,360.79,14,0.62,64,0.43,6432,Travel,Delayed,Standard
121,56,111919,23,15242,24064,7,283.91,2,0.03,105,0.57,4598,Travel,On-Time,Gold
122,31,54174,22,22782,10039,1,310.9,2,0.45,148,0.97,187,Fashion,On-Time,Standard
123,66,20000,86,23815,13917,3,185.99,1,0.83,135,0.61,4632,Fashion,On-Time,Standard
124,23,134605,10,16427,8632,5,58.03,14,0.24,147,0.29,2133,Fashion,On-Time,Gold
125,53,157180,46,20312,14452,2,278.93,7,0.75,34,0.02,3855,Home,On-Time,Gold
126,77,136712,1,24252,8779,5,317.81,7,0.76,93,0.31,808,Travel,Delayed,Standard
127,30,61568,69,5000,13908,5,340.37,7,0.63,49,0.57,-918,Home,On-Time,Gold
128,36,28814,52,23537,19077,5,248.97,8,0.89,44,0.53,2918,Electronics,On-Time,Standard
129,46,32372,10,14866,0,5,302.32,14,0.45,44,0.8,4489,Food,On-Time,Standard
130,37,20000,14,5000,14664,3,294.79,11,0.21,174,0.01,4845,Food,On-Time,Gold
131,21,70704,72,16865,6294,7,216.32,2,0.65,155,0.93,3811,Food,On-Time,Gold
132,46,139227,11,11937,2267,5,413.56,11,0.95,26,0.83,5089,Fashion,On-Time,Standard
133,29,69333,35,16245,0,5,244.94,1,0.63,93,0.22,3740,Electronics,On-Time,Standard
134,52,87092,91,23736,10683,4,156.78,15,0.88,36,0.1,266,Travel,Delayed,Gold
135,31,130023,22,26803,11973,2,54.03,4,0.87,34,0.72,3314,Travel,On-Time,Standard
136,68,58836,26,30316,5619,9,179.25,15,0.01,146,0.54,2786,Home,On-Time,Standard
137,33,156421,87,30805,1191,6,96.55,3,0.08,180,0.77,1192,Electronics,On-Time,Standard
138,40,154683,13,11707,10802,6,275.53,2,0.55,105,0.19,6999,Home,On-Time,Gold
139,57,69755,53,29679,10485,4,221.65,11,0.86,40,0.59,3798,Travel,On-Time,Gold
140,26,51898,98,10213,14209,4,162.97,10,0.38,101,0.91,1273,Fashion,Delayed,Gold
141,48,102889,26,28464,14811,7,108.16,12,0.89,131,0.98,627,Food,On-Time,Standard
142,64,61099,20,24568,18152,3,412.55,8,0.35,118,0.75,2617,Electronics,On-Time,Standard
143,20,28737,48,21365,14717,2,493.17,16,0.42,74,0.99,2216,Food,On-Time,Gold
144,47,126249,61,12909,0,4,437.67,1,0.32,44,0.96,6352,Food,On-Time,Gold
145,48,123657,76,29580,9935,6,404.05,18,0.44,155,0.97,2774,Home,Delayed,Gold
146,56,81220,71,11938,17000,3,289.04,8,0.46,67,0.41,6672,Electronics,Late,Platinum
147,26,24485,43,19819,15936,4,426.0,7,0.48,177,0.13,4144,Fashion,On-Time,Standard
148,25,25818,43,20543,27008,8,290.36,15,0.29,166,0.14,4778,Electronics,Delayed,Standard
149,52,79289,97,6417,16224,3,194.91,4,0.39,130,0.09,3599,Home,On-Time,Standard
150,49,55005,60,21191,572,7,151.78,5,0.6,33,0.0,1664,Electronics,Late,Standard
151,48,61356,41,11236,0,5,147.16,8,0.01,110,0.4,1832,Travel,On-Time,Standard
152,50,115878,22,31526,10391,5,255.27,14,0.55,24,0.97,2166,Travel,On-Time,Platinum
153,34,104327,72,41630,11056,10,337.26,4,0.02,44,0.08,933,Electronics,On-Time,Standard
154,48,130125,0,14129,6161,7,118.42,13,0.61,66,0.53,5264,Food,Delayed,Platinum
155,49,35375,35,16856,15376,4,55.47,11,0.38,80,0.83,7108,Travel,Delayed,Gold
156,34,61272,54,21330,0,4,60.26,6,0.46,86,0.96,6661,Electronics,On-Time,Gold
157,72,105359,15,5000,6752,5,188.72,14,0.81,144,0.65,1883,Travel,On-Time,Standard
158,52,92923,88,33147,0,2,374.32,1,0.67,84,0.9,5158,Electronics,On-Time,Standard
159,27,136295,17,17450,4735,4,51.71,20,0.93,114,0.47,2076,Fashion,On-Time,Platinum
160,54,91821,97,16801,7569,4,260.3,5,0.25,17,0.25,1223,Home,On-Time,Standard
161,30,148924,37,25517,17358,3,183.83,19,0.4,53,0.08,1487,Food,Delayed,Standard
162,56,96600,66,20679,1447,4,461.27,20,0.22,150,0.35,827,Fashion,On-Time,Standard
163,62,117486,19,21315,9043,7,481.43,17,0.18,16,0.59,2454,Travel,On-Time,Standard
164,32,62059,18,26748,6332,3,229.43,1,0.67,76,0.98,4921,Electronics,Late,Standard
165,59,75571,12,18999,9146,9,489.78,2,0.66,127,0.21,3506,Home,On-Time,Standard
166,51,111437,16,11012,7283,6,486.97,8,0.49,49,0.55,-2145,Food,Delayed,Platinum
167,57,139519,77,29792,8226,3,309.24,20,0.15,58,0.54,1400,Food,On-Time,Standard
168,73,104169,29,15316,5438,0,223.45,9,0.57,14,0.14,1504,Electronics,Delayed,Standard
169,41,71673,85,15754,12588,4,97.52,4,0.51,42,0.03,5810,Electronics,On-Time,Gold
170,33,130093,42,21845,17716,3,299.11,3,0.57,180,0.96,547,Food,On-Time,Standard
171,31,20000,47,9550,10293,3,425.69,3,0.45,146,0.96,2620,Electronics,On-Time,Platinum
172,32,20000,42,21914,24058,8,228.14,20,0.08,75,0.37,4529,Travel,On-Time,Platinum
173,43,102265,92,27580,10549,12,277.39,14,0.41,152,0.2,1233,Travel,On-Time,Standard
174,50,75564,65,32639,15642,3,229.25,6,0.32,109,0.8,2668,Fashion,On-Time,Gold
175,49,99220,52,25921,4681,6,366.63,17,0.27,60,0.15,5470,Travel,Late,Standard
176,57,77576,71,28584,9194,7,297.88,16,0.66,119,0.85,5316,Electronics,Delayed,Gold
177,45,97837,77,14883,7827,5,281.29,1,0.67,76,0.44,4610,Travel,On-Time,Gold
178,66,42423,33,26602,1441,3,147.97,18,0.97,65,0.11,3670,Fashion,On-Time,Standard
179,41,97819,76,18471,4620,3,316.89,20,0.63,176,0.97,2228,Travel,On-Time,Gold
180,80,114776,73,29275,12501,10,272.62,15,0.3,109,0.05,-440,Home,On-Time,Gold
181,54,123822,71,20820,18987,4,365.97,9,0.53,17,0.38,6470,Fashion,On-Time,Standard
182,32,155542,70,28620,13930,1,334.53,2,0.63,97,0.61,4007,Fashion,Delayed,Gold
183,28,84763,12,21290,12353,5,182.23,15,0.41,51,0.2,5018,Food,Delayed,Standard
184,52,85956,89,13860,3995,4,333.45,0,0.64,161,0.63,704,Fashion,On-Time,Standard
185,41,20000,55,20316,13398,5,393.8,16,0.82,127,0.51,113,Food,Delayed,Standard
186,55,53743,58,17353,5572,6,342.99,11,0.63,148,0.56,4626,Home,On-Time,Gold
187,52,67276,31,30377,1793,5,274.86,12,0.17,170,0.35,814,Fashion,On-Time,Standard
188,43,117012,82,9151,3705,5,347.44,18,0.32,18,0.91,1995,Home,On-Time,Standard
189,32,50559,78,6581,9159,5,262.93,11,0.96,137,0.8,4539,Electronics,On-Time,Gold
190,22,106853,53,22337,6220,7,202.68,18,0.36,33,0.41,2070,Fashion,On-Time,Platinum
191,38,74935,1,17413,12013,7,329.75,12,0.83,51,0.69,1787,Electronics,On-Time,Standard
192,57,67913,36,10834,7355,8,58.56,18,0.14,7,0.29,4124,Electronics,On-Time,Standard
193,48,84955,82,19718,11944,3,91.79,1,0.99,160,0.9,1104,Food,Delayed,Standard
194,26,59353,96,22130,7822,7,132.42,13,0.21,97,0.54,4217,Home,Delayed,Gold
195,47,57838,32,29828,9660,3,490.56,9,0.96,143,0.55,1863,Fashion,On-Time,Gold
196,50,20000,0,5178,3133,4,178.95,19,0.05,102,0.01,2897,Travel,On-Time,Gold
197,31,65081,27,21483,20046,7,275.06,15,0.58,26,0.64,3552,Fashion,Late,Standard
198,47,55801,16,33130,0,8,306.41,5,0.18,166,0.03,-350,Fashion,Delayed,Gold
199,45,54360,56,32751,27426,7,55.81,6,0.65,160,0.69,4986,Food,On-Time,Gold
200,27,91674,69,20739,13316,6,84.5,20,0.9,3,0.46,785,Electronics,Delayed,Standard
201,50,101345,51,15272,0,9,120.18,1,0.3,100,0.52,4351,Home,On-Time,Gold
202,53,84287,43,17843,10692,7,148.04,0,0.4,74,0.94,2219,Travel,On-Time,Gold
203,61,114816,83,12121,11556,4,82.72,12,0.05,138,0.92,1909,Fashion,On-Time,Standard
204,60,98022,46,16468,20448,4,342.72,19,0.58,149,0.05,3356,Fashion,On-Time,Platinum
205,24,63197,12,20626,557,9,103.82,20,0.6,77,0.95,2611,Food,On-Time,Gold
206,30,56485,75,23764,566,6,452.76,19,0.62,166,0.09,1008,Home,Delayed,Standard
207,52,87512,29,26827,12413,3,276.43,3,0.91,129,0.3,2030,Travel,On-Time,Standard
208,52,97950,84,19115,11353,6,134.13,2,0.09,97,0.57,1220,Electronics,On-Time,Gold
209,52,130913,65,18523,20270,5,154.12,3,0.47,10,0.7,224,Home,On-Time,Standard
210,80,122646,52,27011,3012,6,341.05,12,0.3,55,0.82,2529,Fashion,On-Time,Gold
211,53,53341,17,17255,2438,1,100.8,14,0.24,50,0.52,-1424,Electronics,On-Time,Standard
212,62,70919,27,25589,23091,7,70.15,9,0.34,66,0.32,4147,Food,On-Time,Platinum
213,59,101840,3,6784,9681,6,409.77,16,0.94,113,0.54,3209,Travel,On-Time,Standard
214,54,117719,41,23736,4781,7,271.43,14,0.25,127,0.09,663,Food,Delayed,Standard
215,40,112558,5,36905,14940,6,432.47,18,0.08,45,0.11,2388,Travel,On-Time,Platinum
216,56,72444,8,12588,0,2,477.7,18,0.41,121,0.64,6223,Electronics,On-Time,Standard
217,33,24839,19,31464,12648,7,254.42,14,0.27,73,0.36,1874,Electronics,Delayed,Gold
218,41,35042,93,25551,5576,6,186.55,8,0.29,70,0.05,4722,Fashion,On-Time,Standard
219,37,85905,100,26996,6485,4,216.61,12,0.45,155,0.59,2340,Food,Delayed,Standard
220,46,88689,37,25356,19067,4,451.95,5,0.82,165,0.95,443,Fashion,On-Time,Standard
221,79,31052,67,14918,13004,4,499.31,9,0.84,23,0.36,715,Home,On-Time,Standard
222,18,76782,49,9572,2105,3,221.57,0,0.48,92,0.54,3079,Fashion,On-Time,Standard
223,55,100248,59,23795,10360,2,484.05,15,0.84,151,0.96,4902,Electronics,On-Time,Standard
224,20,28950,12,19017,10819,3,277.43,10,0.17,38,0.25,3623,Home,On-Time,Gold
225,37,119199,98,8863,8165,7,66.49,17,0.27,130,0.81,5673,Home,On-Time,Gold
226,61,59898,93,16368,3278,5,141.16,1,0.16,99,0.27,2621,Fashion,On-Time,Gold
227,45,125304,41,11568,11587,4,224.26,1,0.92,101,0.86,4539,Food,Late,Standard
228,28,53661,67,35342,14905,4,209.36,14,0.76,25,0.19,1701,Travel,On-Time,Standard
229,34,33934,24,26734,13176,5,415.89,3,0.77,142,0.2,3056,Travel,On-Time,Gold
230,55,56674,30,12176,5010,3,404.34,17,0.69,75,0.03,1326,Fashion,Delayed,Gold
231,34,71194,11,24011,8895,2,106.82,16,0.01,68,0.17,-107,Fashion,Delayed,Gold
232,48,59460,63,10732,0,7,75.6,14,0.21,17,0.36,3766,Food,On-Time,Platinum
233,45,66359,78,5456,21188,5,369.43,14,0.87,67,0.52,2107,Fashion,Delayed,Standard
234,35,88358,60,14412,5788,4,241.53,3,0.48,130,0.89,1179,Home,On-Time,Standard
235,77,68152,52,18794,6358,2,127.26,7,0.74,144,0.63,1112,Fashion,On-Time,Standard
236,54,72355,25,23060,798,4,88.88,17,0.22,88,0.45,-2368,Food,On-Time,Standard
237,18,20000,60,26958,16026,7,146.35,3,0.07,115,0.93,-1143,Food,On-Time,Gold
238,47,90667,9,17136,17196,5,481.22,16,0.83,72,0.37,396,Food,On-Time,Gold
239,35,71431,11,25389,6012,6,89.17,2,0.23,104,0.11,4922,Food,Delayed,Standard
240,57,139411,21,7219,2035,7,297.84,11,0.22,131,0.95,3223,Travel,On-Time,Gold
241,33,37417,52,31729,10143,6,61.78,20,0.4,85,0.61,3795,Food,Delayed,Gold
242,43,20000,20,7498,7694,8,456.52,5,0.55,102,0.84,3029,Travel,On-Time,Standard
243,52,99722,34,16049,15210,8,280.39,20,0.63,28,0.07,544,Electronics,Late,Platinum
244,57,88861,70,14364,9080,8,471.84,11,0.93,122,0.95,1154,Food,On-Time,Gold
245,26,34662,81,8501,8582,5,196.1,16,0.76,177,0.98,42,Home,On-Time,Gold
246,39,20000,26,22648,14693,4,232.35,19,0.53,124,0.01,4802,Food,On-Time,Gold
247,37,136495,59,33656,0,5,387.3,3,0.14,62,0.58,492,Home,On-Time,Standard
248,35,131564,98,5488,7821,5,473.87,4,0.14,139,0.41,2989,Fashion,On-Time,Gold
249,71,20000,46,5000,11345,6,113.02,15,0.13,173,0.51,5038,Fashion,Delayed,Standard
250,51,56671,65,13001,7005,6,229.0,10,0.99,143,0.18,375,Travel,Delayed,Standard
251,26,141567,95,18118,11965,3,486.76,2,0.81,29,0.77,872,Home,On-Time,Platinum
252,58,55957,14,26133,11551,6,196.63,14,0.09,172,0.26,-1064,Home,Delayed,Standard
253,76,55375,23,16160,16153,6,471.62,19,0.3,170,0.63,2477,Fashion,On-Time,Platinum
254,60,63689,83,5253,8079,4,329.07,19,0.32,148,0.12,1567,Fashion,Late,Gold
255,22,30164,9,30264,0,2,266.33,15,0.32,85,0.55,2995,Food,On-Time,Platinum
256,37,20000,87,12682,0,7,199.39,14,0.01,111,0.43,3616,Travel,On-Time,Standard
257,64,117101,23,25044,13244,3,279.1,2,0.43,152,0.11,1279,Home,On-Time,Standard
258,34,20000,87,10894,11269,5,344.21,7,0.86,93,0.04,2884,Electronics,On-Time,Standard
259,51,84890,56,18532,8418,3,369.78,6,0.11,120,0.85,3759,Electronics,Delayed,Platinum
260,56,110463,33,22846,8926,6,84.34,14,0.06,44,0.54,1081,Travel,On-Time,Standard
261,31,20000,40,13151,5463,8,338.15,5,0.65,56,0.67,4150,Electronics,Late,Standard
262,44,38029,39,23398,5487,4,451.59,1,0.77,28,0.68,4044,Fashion,Late,Standard
263,18,123527,10,17131,6170,2,242.1,10,0.24,134,0.28,3953,Food,On-Time,Gold
264,29,96315,89,16346,8045,9,162.73,9,0.91,28,0.73,2637,Fashion,Delayed,Standard
265,41,50308,0,32068,10854,6,364.67,9,0.68,110,0.04,3181,Fashion,On-Time,Standard
266,26,123089,29,22840,9463,6,101.2,10,0.48,58,0.08,2695,Travel,Delayed,Gold
267,69,123261,42,23909,7707,6,469.74,2,0.8,114,0.16,2774,Fashion,On-Time,Gold
268,23,85762,81,25892,14869,3,280.86,15,0.32,8,0.54,2379,Travel,On-Time,Gold
269,38,38993,25,24606,16083,3,347.75,15,0.27,49,0.86,1796,Travel,Delayed,Platinum
270,46,58462,52,22853,19370,5,208.62,7,0.26,20,0.46,2672,Home,Delayed,Gold
271,66,86455,46,29923,8680,5,243.55,14,0.18,20,0.71,5748,Food,Delayed,Standard
272,23,67456,8,12501,6356,2,309.64,18,0.88,122,0.32,2601,Travel,On-Time,Standard
273,62,112558,8,21185,9554,2,494.24,2,0.39,45,0.25,4150,Electronics,Delayed,Standard
274,45,20000,0,17522,6159,6,366.06,4,0.87,144,0.82,4758,Electronics,On-Time,Standard
275,30,20000,70,21128,9888,6,470.68,12,0.88,146,0.27,4289,Travel,On-Time,Standard
276,51,82234,43,14412,12849,6,479.89,8,0.13,88,0.42,6012,Food,On-Time,Standard
277,47,55338,58,7018,10745,9,401.42,13,0.04,96,0.84,3783,Home,On-Time,Gold
278,35,49918,55,26400,8869,5,68.52,4,0.97,28,0.6,4589,Fashion,On-Time,Standard
279,46,20000,50,39301,14470,4,171.65,18,0.21,180,0.6,5670,Food,On-Time,Standard
280,39,75781,15,28609,21735,3,413.05,10,0.38,175,0.09,1852,Electronics,On-Time,Gold
281,46,72889,37,26937,5046,9,56.15,18,0.13,93,0.26,2416,Home,On-Time,Platinum
282,54,101139,10,22040,12340,4,268.47,1,0.95,6,0.37,4127,Fashion,On-Time,Standard
283,68,77756,24,18760,8665,8,394.82,15,0.09,33,0.49,638,Home,Delayed,Gold
284,26,69695,92,19235,4092,6,468.92,1,0.81,156,0.6,4747,Travel,On-Time,Standard
285,76,122080,82,19135,4962,9,248.47,5,0.86,168,0.05,180,Food,On-Time,Gold
286,18,22501,81,14817,7154,11,423.15,16,0.92,136,0.94,2282,Travel,Late,Standard
287,42,96455,58,6761,21012,2,255.44,13,0.46,48,0.91,2772,Home,Delayed,Gold
288,53,20000,28,21590,16672,4,114.16,12,0.56,96,0.85,-174,Fashion,On-Time,Gold
289,49,41465,79,17770,3747,5,255.63,12,0.51,177,0.56,2288,Home,On-Time,Standard
290,35,26493,39,29114,13812,7,248.83,7,0.54,4,0.64,272,Electronics,On-Time,Platinum
291,41,106277,7,25915,3204,4,286.1,17,0.24,164,0.75,510,Food,Late,Gold
292,37,72383,97,5000,5615,4,468.72,9,0.58,78,0.18,5503,Home,Delayed,Gold
293,36,74459,5,33710,19190,3,328.18,15,0.26,98,0.96,2225,Fashion,On-Time,Standard
294,57,30730,44,15871,23883,10,90.5,5,0.58,95,0.7,4998,Home,On-Time,Standard
295,50,63012,52,17111,0,4,243.83,6,0.82,160,0.1,3346,Electronics,On-Time,Standard
296,34,44461,93,6582,10215,4,255.08,6,0.0,14,0.55,3722,Home,On-Time,Gold
297,58,90338,97,22132,12853,4,421.71,18,0.86,21,0.23,2173,Travel,Late,Standard
298,49,35356,20,23289,8078,6,282.69,16,0.45,64,0.24,-39,Home,Late,Standard
299,57,128191,56,33711,10984,3,244.55,7,0.61,51,0.72,6260,Home,On-Time,Gold
300,54,20000,75,26807,7160,7,110.49,6,0.26,48,0.42,4292,Food,Delayed,Gold
301,32,42739,5,15970,14391,8,400.94,18,1.0,33,0.11,2275,Home,On-Time,Standard
302,36,142088,62,5817,7607,7,397.18,6,0.62,164,0.15,1381,Travel,On-Time,Gold
303,56,57594,5,15390,13915,3,140.16,12,0.97,16,0.09,-1058,Home,On-Time,Standard
304,54,22404,52,28351,16897,5,347.33,6,0.77,51,0.03,1699,Food,On-Time,Standard
305,44,83762,3,16820,15914,4,87.73,4,0.88,122,0.84,5125,Fashion,Delayed,Standard
306,46,55984,8,11248,8712,4,310.06,0,0.26,107,0.06,4195,Travel,On-Time,Gold
307,64,41565,68,21353,0,2,294.31,1,0.64,59,0.5,2531,Food,On-Time,Gold
308,36,31165,73,17323,13429,5,106.24,15,0.35,56,0.03,253,Home,On-Time,Gold
309,53,185734,71,16348,0,3,348.19,1,0.82,49,0.74,3756,Home,On-Time,Standard
310,41,64937,86,14013,13236,8,89.1,8,0.98,128,0.06,3096,Electronics,Delayed,Standard
311,41,20000,3,20872,12678,2,415.89,7,0.21,52,0.06,2420,Fashion,On-Time,Standard
312,61,134748,57,28205,8548,6,118.38,1,0.74,114,0.36,3053,Food,Delayed,Gold
313,57,99442,36,24113,10467,7,241.95,1,0.75,173,0.36,1815,Food,On-Time,Gold
314,57,44341,70,5000,20183,2,432.9,4,0.35,56,0.27,1526,Travel,On-Time,Gold
315,64,37675,5,32408,19067,5,79.13,0,0.14,53,0.95,5108,Electronics,On-Time,Gold
316,45,101938,50,26011,7540,7,410.48,3,0.32,102,0.33,4076,Home,On-Time,Platinum
317,55,65123,78,22430,0,5,386.3,15,0.17,10,0.12,1430,Home,Late,Platinum
318,40,20000,98,23395,20996,3,181.29,18,0.88,23,0.96,-1674,Electronics,Delayed,Gold
319,49,146489,49,24676,0,3,453.05,14,0.83,73,0.62,4265,Home,On-Time,Gold
320,43,57640,95,23113,10638,4,461.71,0,0.77,100,0.0,3807,Travel,Late,Standard
321,46,134822,13,12309,9486,8,379.21,4,0.76,122,0.34,3610,Home,Late,Standard
322,53,126137,98,24060,13047,7,422.13,2,0.4,122,0.9,4267,Home,On-Time,Standard
323,32,34959,10,21303,19095,4,115.25,15,0.91,8,0.57,2209,Fashion,Late,Standard
324,76,116327,9,23343,10424,6,249.01,7,0.81,87,0.32,861,Fashion,On-Time,Standard
325,29,48942,60,14913,6466,8,486.45,18,0.91,100,0.16,-1126,Food,Delayed,Standard
326,26,20000,80,28733,11992,4,93.08,0,0.5,9,0.71,-977,Home,On-Time,Standard
327,62,58016,12,15513,458,7,237.23,3,0.28,22,0.56,3650,Electronics,On-Time,Gold
328,56,90905,33,19614,5211,4,482.91,16,0.65,61,0.79,3600,Home,On-Time,Gold
329,54,56490,59,15937,8518,5,313.72,11,0.68,66,0.6,5701,Food,On-Time,Gold
330,54,62718,50,12019,13801,5,62.99,20,0.71,109,0.8,3635,Electronics,On-Time,Standard
331,44,120742,4,25725,19704,9,433.49,2,0.39,129,0.26,876,Home,On-Time,Standard
332,31,79259,73,15992,17568,8,195.29,7,0.52,25,0.18,3725,Electronics,Delayed,Standard
333,46,41268,31,21170,16444,3,66.17,14,0.11,113,0.61,4651,Electronics,On-Time,Platinum
334,34,103081,11,8881,17644,4,423.92,9,0.6,52,0.73,2892,Electronics,On-Time,Gold
335,59,82907,51,5457,14123,2,385.54,19,0.46,39,0.97,4304,Home,Delayed,Standard
336,42,20000,12,33843,10542,0,288.96,11,0.19,84,0.62,5197,Travel,On-Time,Platinum
337,32,92134,84,32691,2999,3,213.4,15,0.49,102,0.73,6230,Fashion,On-Time,Standard
338,40,90673,53,15164,10222,4,391.32,14,0.35,43,0.37,3384,Electronics,On-Time,Standard
339,51,75804,96,23644,0,5,319.1,5,0.65,70,0.7,442,Electronics,Delayed,Gold
340,36,110668,53,16432,6345,7,155.97,8,0.81,142,0.77,4822,Food,Late,Gold
341,32,48104,40,25339,10454,4,445.85,6,0.41,75,0.38,3227,Travel,On-Time,Gold
342,48,88459,47,11345,10417,6,290.31,1,0.83,88,0.87,5513,Fashion,On-Time,Gold
343,48,20000,50,10580,5595,2,436.13,2,0.17,145,0.62,3709,Travel,On-Time,Standard
344,37,91283,46,20173,0,6,87.24,7,0.64,70,0.03,2881,Home,Delayed,Platinum
345,37,153122,49,23058,6073,6,153.19,14,0.43,17,0.25,3276,Food,On-Time,Gold
346,48,35205,95,14414,8214,6,191.25,7,0.38,28,0.72,3173,Travel,On-Time,Standard
347,23,44607,75,9563,11324,7,430.47,17,0.23,166,0.51,2265,Electronics,On-Time,Gold
348,23,46599,45,30067,14845,4,442.4,6,0.24,53,0.44,3323,Travel,On-Time,Standard
349,34,80199,98,16285,7845,3,397.01,2,0.46,56,0.97,2577,Fashion,On-Time,Gold
350,41,32478,99,16366,7306,0,312.14,5,0.84,12,0.4,-657,Home,Late,Standard
351,49,91849,37,29861,5521,4,254.93,19,0.55,150,0.12,1779,Travel,On-Time,Standard
352,67,108873,91,37932,9507,4,92.6,19,0.57,133,0.36,2568,Electronics,On-Time,Gold
353,57,96373,12,22620,16540,3,344.98,16,0.71,24,0.96,4193,Fashion,Delayed,Standard
354,42,20000,75,27036,2669,4,425.9,7,0.29,77,0.9,2675,Electronics,On-Time,Platinum
355,44,114806,21,10894,0,6,436.6,3,0.38,141,0.84,3699,Fashion,Late,Platinum
356,29,112494,1,25846,11464,6,158.46,11,0.85,14,0.78,-975,Fashion,On-Time,Standard
357,44,108206,92,26835,18230,4,314.13,6,0.05,63,0.53,2903,Food,On-Time,Gold
358,40,89913,76,12340,12142,2,474.58,6,0.51,148,0.35,3282,Food,Late,Platinum
359,49,83807,98,15722,3060,7,434.15,0,0.54,115,0.78,2257,Food,On-Time,Standard
360,32,116295,12,29785,9263,1,120.78,20,0.55,14,0.22,-497,Travel,On-Time,Standard
361,52,151940,56,17790,10388,3,226.48,17,0.76,89,0.44,3421,Food,On-Time,Standard
362,67,36878,33,31391,15010,5,94.08,2,0.45,80,0.84,4576,Electronics,On-Time,Gold
363,43,118125,18,20154,3924,2,424.9,16,0.84,17,0.36,5109,Electronics,On-Time,Gold
364,51,71551,8,19766,21015,5,323.05,10,0.34,180,0.72,1692,Electronics,Delayed,Gold
365,55,69813,94,27810,7109,5,365.2,1,0.34,99,0.45,2806,Food,On-Time,Platinum
366,38,20000,32,36421,5384,4,124.09,3,0.96,103,0.14,8805,Home,On-Time,Standard
367,48,63608,26,25278,12017,5,376.64,0,0.32,28,0.47,3263,Electronics,On-Time,Gold
368,45,35109,44,21398,243,9,151.41,9,0.19,82,0.0,3032,Fashion,Late,Gold
369,46,56445,1,30132,24401,3,487.82,14,0.55,113,0.77,5560,Home,On-Time,Standard
370,33,31072,78,30685,13261,12,443.79,9,0.95,73,0.22,3691,Electronics,On-Time,Gold
371,45,57043,82,24277,8051,5,57.21,15,0.78,52,0.37,1754,Fashion,On-Time,Platinum
372,52,58755,56,23027,3102,0,353.09,1,0.44,79,0.35,2511,Home,Late,Standard
373,66,78870,94,25610,8677,1,201.65,7,0.51,163,0.5,1242,Food,On-Time,Standard
374,59,20000,56,8559,16804,4,358.09,1,1.0,5,0.75,4743,Food,Delayed,Standard
375,77,20000,15,11624,7322,8,129.5,3,0.72,91,0.66,906,Electronics,On-Time,Gold
376,33,89476,78,21926,4714,9,172.87,11,0.1,49,0.64,4356,Electronics,On-Time,Platinum
377,58,43102,5,13837,14930,2,70.83,4,0.61,67,0.96,564,Travel,On-Time,Standard
378,47,117981,13,20290,2654,7,215.86,14,0.94,128,0.07,2083,Travel,On-Time,Gold
379,77,84010,26,21628,11638,7,321.48,9,0.19,15,0.16,1479,Food,On-Time,Standard
380,32,99270,37,12144,12883,5,440.44,10,0.77,95,0.06,1831,Travel,On-Time,Standard
381,32,131427,18,24770,12687,10,144.94,9,0.41,4,0.29,6217,Home,On-Time,Standard
382,36,62611,36,5000,13019,7,445.25,18,0.14,143,0.16,1778,Fashion,Delayed,Standard
383,18,52020,3,17426,3346,6,411.42,11,0.84,5,0.34,1477,Home,On-Time,Standard
384,37,109868,57,7737,8685,5,341.62,3,0.64,28,0.57,3108,Travel,On-Time,Gold
385,33,95380,89,17422,8238,7,437.44,5,0.01,103,0.14,1449,Travel,Delayed,Gold
386,47,67506,8,27649,10962,6,196.71,19,0.83,66,0.12,7152,Home,Delayed,Gold
387,50,130658,39,14064,0,7,473.8,8,0.54,169,0.61,3027,Electronics,On-Time,Platinum
388,73,66510,14,5000,206,5,130.68,7,0.62,147,0.24,4210,Food,On-Time,Standard
389,59,76310,100,18126,25123,8,310.32,12,0.56,180,0.27,2523,Home,On-Time,Standard
390,36,75848,3,13356,15078,7,260.15,9,0.39,132,0.29,5673,Electronics,On-Time,Standard
391,31,37616,89,20012,8510,10,387.67,18,0.14,168,0.24,3433,Home,On-Time,Standard
392,52,78103,51,18115,10531,7,206.94,16,0.72,77,0.6,4889,Food,On-Time,Standard
393,25,130870,17,21404,24126,4,463.62,8,0.68,74,0.14,4534,Travel,Delayed,Gold
394,72,92798,52,29381,0,3,93.3,8,0.86,115,0.28,4495,Fashion,On-Time,Standard
395,62,76242,58,16983,10798,4,325.98,5,0.61,130,0.98,920,Electronics,Delayed,Standard
396,37,68529,98,20692,7609,5,83.34,17,0.04,152,0.39,3484,Food,On-Time,Gold
397,19,88234,53,17415,18698,7,487.3,3,0.41,98,0.52,3826,Food,Delayed,Platinum
398,65,104990,40,28080,14016,3,141.03,7,0.1,16,0.28,6375,Travel,On-Time,Platinum
399,43,99369,59,21255,25148,10,397.76,6,0.6,162,0.74,5484,Electronics,On-Time,Standard
400,63,61725,92,24156,15699,6,378.05,14,0.2,24,0.53,3461,Fashion,On-Time,Standard
401,21,87991,87,26080,6903,7,489.2,16,0.94,65,0.41,4301,Fashion,On-Time,Standard
402,36,94197,3,5000,8352,5,470.25,3,0.16,27,0.98,3218,Electronics,Late,Standard
403,45,34712,84,26295,14793,8,442.09,3,0.83,51,0.03,3507,Food,On-Time,Gold
404,45,81729,38,23043,20169,7,339.51,13,0.61,18,0.2,1844,Travel,On-Time,Platinum
405,38,20000,6,14604,5040,10,284.7,0,0.31,11,0.94,3333,Home,Delayed,Platinum
406,54,94301,22,30307,11791,8,141.06,11,0.79,154,1.0,2749,Food,Delayed,Gold
407,28,101413,84,27896,0,7,335.16,8,0.97,15,0.53,1781,Electronics,Late,Gold
408,42,104901,62,18480,7948,5,372.47,18,0.14,76,0.91,2039,Travel,On-Time,Standard
409,46,59198,64,5000,22079,5,474.43,20,0.84,161,0.7,4476,Electronics,Delayed,Standard
410,52,87361,40,19540,20631,8,177.01,2,0.81,76,0.95,638,Home,Delayed,Gold
411,55,131958,88,12010,15245,4,211.13,4,0.76,119,0.4,3789,Fashion,Delayed,Standard
412,28,131550,94,5000,22453,4,252.14,10,0.27,92,0.61,919,Fashion,Delayed,Gold
413,21,73833,43,24652,8168,3,361.15,11,0.77,146,0.84,2883,Electronics,Delayed,Standard
414,64,80572,44,32215,9542,4,428.86,18,0.08,9,0.17,2472,Travel,On-Time,Gold
415,49,119436,68,19248,8042,5,166.02,2,0.11,145,0.16,1400,Travel,On-Time,Gold
416,33,20000,94,22073,14581,5,293.08,13,0.31,7,0.42,4764,Fashion,On-Time,Gold
417,68,62076,50,30742,30438,3,163.34,1,0.26,180,0.13,1517,Food,On-Time,Gold
418,46,128422,64,21422,12566,7,259.0,13,0.48,47,0.25,2400,Travel,On-Time,Standard
419,62,114008,53,15127,2012,4,470.48,14,0.57,97,0.67,767,Food,On-Time,Standard
420,46,89770,55,5000,2278,2,447.14,9,0.3,77,0.17,5702,Travel,Delayed,Standard
421,75,20000,93,26520,3902,2,257.53,20,0.7,35,0.68,2261,Food,Late,Standard
422,71,73003,81,23343,4318,4,215.0,5,0.01,90,0.41,7888,Electronics,Delayed,Gold
423,41,51403,71,27420,3695,2,295.19,17,0.23,123,0.99,3184,Home,On-Time,Standard
424,59,88241,89,5000,11532,7,379.99,1,0.35,106,0.85,6703,Fashion,Late,Gold
425,54,42626,39,36613,13,7,102.64,3,0.39,116,0.8,4879,Travel,On-Time,Gold
426,65,33971,57,13674,13429,5,152.02,3,0.36,56,0.3,2532,Electronics,On-Time,Standard
427,30,20000,14,28740,16915,3,104.11,4,0.01,85,0.79,5773,Electronics,On-Time,Gold
428,55,123872,18,5000,5652,9,58.38,15,0.94,46,0.4,3462,Travel,Delayed,Platinum
429,60,59009,9,13801,12413,6,402.77,7,0.76,67,0.57,3115,Fashion,Late,Gold
430,18,81285,87,15647,14659,7,218.68,11,0.01,153,0.46,5171,Electronics,Late,Standard
431,27,74910,15,11825,16148,6,393.9,15,0.35,13,0.77,1106,Electronics,On-Time,Standard
432,18,32302,42,13418,10771,5,273.33,3,0.44,135,0.55,2068,Home,On-Time,Standard
433,40,24637,30,32961,3365,7,358.51,12,0.22,174,0.63,1987,Home,On-Time,Platinum
434,55,34787,15,17283,10754,4,274.07,10,0.92,32,0.56,2330,Food,On-Time,Platinum
435,67,46073,79,37032,8904,3,269.18,5,0.73,85,0.9,1404,Electronics,On-Time,Standard
436,46,89664,27,28444,10978,8,448.97,8,0.86,8,0.95,5209,Travel,On-Time,Standard
437,69,43171,61,5000,3059,9,337.12,12,0.74,23,0.43,3718,Fashion,On-Time,Standard
438,24,144859,19,17262,0,1,99.58,0,0.35,31,0.51,4299,Fashion,On-Time,Standard
439,19,116086,34,16910,0,2,305.76,5,0.48,165,0.17,577,Fashion,Delayed,Gold
440,44,107334,58,12426,0,2,113.05,18,0.06,47,0.31,4673,Travel,On-Time,Standard
441,50,70213,8,29758,0,2,311.7,10,0.42,5,0.76,3246,Electronics,On-Time,Gold
442,44,135571,9,26895,17172,2,347.32,5,0.8,17,0.64,2166,Fashion,On-Time,Standard
443,18,66279,44,37256,11757,2,137.06,5,0.75,37,0.61,3101,Electronics,On-Time,Gold
444,43,73749,81,16332,10279,3,122.2,2,0.78,24,0.46,4065,Fashion,On-Time,Standard
445,25,81798,14,23506,7600,7,132.47,19,0.27,138,0.4,1043,Home,On-Time,Standard
446,55,103072,29,17181,0,4,420.47,5,0.1,156,0.23,3685,Home,Delayed,Standard
447,50,100476,47,16813,12695,2,121.15,4,0.46,154,0.91,2925,Fashion,On-Time,Standard
448,30,55994,95,26489,11584,2,401.2,19,0.48,132,0.97,1687,Home,On-Time,Gold
449,37,53680,39,37609,10320,2,59.01,13,0.62,136,0.21,5127,Food,Delayed,Gold
450,29,100596,90,27877,4623,4,421.06,13,0.09,150,0.41,5139,Travel,Delayed,Standard
451,44,103609,90,27021,5154,7,159.46,12,0.04,12,0.17,3785,Home,On-Time,Platinum
452,59,59265,82,19529,13661,0,134.78,2,0.75,123,0.71,4690,Home,On-Time,Gold
453,30,20000,73,26781,4627,4,333.87,15,0.64,122,0.66,2216,Home,On-Time,Standard
454,52,66707,43,29423,17440,2,442.57,11,0.22,39,0.02,1516,Travel,On-Time,Standard
455,37,99941,45,13130,21196,5,372.37,13,0.84,171,0.31,3137,Travel,On-Time,Gold
456,33,147216,5,20332,17832,5,302.27,1,0.35,136,0.32,6065,Travel,On-Time,Standard
457,43,27081,23,17406,10666,5,157.84,7,0.48,129,0.72,832,Fashion,On-Time,Standard
458,29,57937,72,14940,9348,9,233.91,8,0.13,88,0.18,1794,Travel,On-Time,Standard
459,36,59423,90,27865,10688,6,435.95,13,0.97,64,0.92,2220,Fashion,On-Time,Standard
460,27,129232,6,18116,14755,4,409.21,10,0.73,159,0.08,3705,Travel,On-Time,Gold
461,74,73602,5,23792,20184,6,149.83,3,0.24,20,0.21,2225,Home,Delayed,Gold
462,45,38706,32,23859,13872,5,444.64,3,0.95,21,0.03,2901,Food,On-Time,Standard
463,34,97347,84,17842,0,4,157.9,20,0.38,121,0.99,2178,Fashion,On-Time,Gold
464,48,58814,37,8356,3506,6,492.29,19,0.43,65,0.83,3137,Travel,Delayed,Standard
465,43,26024,43,17194,8941,4,384.6,10,0.16,57,0.68,4511,Electronics,Delayed,Platinum
466,41,39289,16,24226,16903,6,368.84,14,0.43,42,0.99,224,Electronics,Late,Gold
467,54,144361,30,22419,26041,8,312.63,1,0.97,137,0.02,2470,Electronics,Late,Gold
468,56,90368,36,5000,10505,8,435.1,4,0.43,64,0.84,6838,Travel,Delayed,Platinum
469,37,79310,10,26490,14676,5,447.56,9,0.7,44,0.68,5192,Electronics,On-Time,Gold
470,36,65004,91,15571,0,3,164.55,14,0.98,170,0.16,1260,Electronics,On-Time,Gold
471,40,86685,4,24581,5075,4,406.39,15,0.62,43,0.8,4883,Food,Delayed,Gold
472,18,86209,63,26519,12488,1,124.41,3,0.28,9,0.78,4566,Fashion,On-Time,Standard
473,22,86686,75,23762,0,3,227.63,16,0.34,106,0.3,1105,Fashion,On-Time,Platinum
474,65,79593,2,35057,11724,5,461.7,20,0.24,100,0.48,5217,Travel,Delayed,Standard
475,69,109751,55,27995,7348,1,187.12,13,0.95,7,0.03,4027,Food,On-Time,Gold
476,41,75924,62,16372,10317,4,244.29,20,0.89,131,0.01,2441,Fashion,On-Time,Gold
477,53,35882,37,17188,4995,4,239.41,8,0.64,118,0.26,2481,Fashion,Delayed,Gold
478,49,50503,53,19397,13662,5,306.78,18,0.08,161,0.31,787,Electronics,On-Time,Standard
479,80,20000,1,17188,17408,9,425.37,2,0.79,25,0.86,4180,Travel,On-Time,Platinum
480,61,156072,89,22956,15219,6,296.19,3,0.82,156,0.46,4597,Electronics,On-Time,Standard
481,43,109510,1,10929,15007,8,472.67,20,0.75,58,0.94,4945,Food,On-Time,Standard
482,30,41797,11,31057,13983,6,443.63,8,0.17,126,0.66,2024,Fashion,On-Time,Platinum
483,20,63726,39,20331,9878,9,326.05,19,0.28,126,0.62,3080,Fashion,Delayed,Standard
484,48,49524,1,30825,6934,4,244.38,11,0.81,18,0.32,2886,Food,Late,Standard
485,33,136701,79,10531,16467,8,196.14,13,0.44,7,0.23,828,Home,On-Time,Gold
486,23,20000,93,10559,3806,5,325.53,6,0.24,11,0.46,4712,Electronics,On-Time,Standard
487,35,79579,56,28634,13505,2,413.81,4,0.64,81,0.75,2213,Food,On-Time,Gold
488,28,70658,46,14821,13318,5,277.51,1,0.59,140,0.37,4212,Food,Late,Platinum
489,70,108073,35,12025,2650,11,446.51,9,0.52,109,0.84,3117,Electronics,Delayed,Standard
490,58,70839,3,29312,3391,8,179.39,9,0.34,146,0.7,-118,Electronics,On-Time,Platinum
491,44,20000,74,13503,13572,8,436.89,11,0.77,141,0.16,3682,Electronics,On-Time,Standard
492,67,64955,23,19849,11476,6,348.72,19,0.57,151,0.34,2701,Home,On-Time,Gold
493,46,36113,81,15668,12515,3,181.23,6,0.87,72,0.05,-721,Food,Delayed,Standard
494,32,78183,90,26061,8494,1,236.43,18,0.83,109,0.39,5388,Food,Delayed,Gold
495,67,132367,100,21813,20725,6,67.26,5,0.94,112,0.48,-419,Home,On-Time,Gold
496,53,20000,61,27290,14122,6,461.79,7,0.74,121,0.83,3264,Fashion,Delayed,Gold
497,29,42991,1,10408,19412,7,395.77,0,0.14,73,0.41,4013,Travel,On-Time,Standard
498,42,52892,14,21928,8156,4,324.37,8,0.37,161,0.62,3499,Home,On-Time,Gold
499,31,59734,74,20732,16990,8,487.04,6,0.75,109,0.36,2505,Food,On-Time,Gold
500,24,104605,90,14008,7792,9,464.85,20,0.13,75,0.69,3386,Fashion,On-Time,Platinum
501,58,68058,48,11714,7695,5,462.49,5,0.68,141,0.17,769,Fashion,On-Time,Standard
502,73,91632,86,19302,1439,5,186.73,12,0.33,84,0.22,4975,Fashion,Delayed,Standard
503,24,49969,34,17672,13184,8,152.04,10,0.24,107,0.86,2789,Travel,On-Time,Gold
504,53,84196,93,29439,2834,2,384.66,8,0.54,86,0.36,2117,Travel,On-Time,Platinum
505,35,106111,46,26606,5683,5,196.93,5,0.09,0,0.25,2215,Food,On-Time,Standard
506,37,45708,23,14510,523,5,172.4,7,0.69,102,0.01,2925,Fashion,On-Time,Standard
507,36,106254,82,17944,0,3,163.64,2,0.41,144,0.72,1458,Fashion,On-Time,Platinum
508,32,77094,59,24375,9419,5,81.14,18,0.6,110,0.47,2897,Electronics,Late,Standard
509,45,116818,92,25255,5003,4,376.08,5,0.09,96,0.17,1656,Home,On-Time,Gold
510,32,66943,76,29508,12312,7,53.74,1,0.44,66,0.87,3504,Home,On-Time,Standard
511,49,90249,47,19489,9640,4,304.11,6,0.78,151,0.8,3679,Fashion,On-Time,Standard
512,44,73375,22,21273,17316,5,170.01,2,0.71,16,0.28,680,Food,Delayed,Standard
513,41,71151,11,5759,23484,2,350.53,11,0.54,165,0.22,1825,Travel,On-Time,Standard
514,31,85357,40,11118,18039,3,475.33,1,0.19,138,0.42,136,Food,Delayed,Gold
515,36,96472,28,27289,10210,5,360.99,16,0.59,153,0.36,4316,Fashion,Delayed,Gold
516,56,25017,69,11265,14710,7,220.26,5,0.68,12,0.16,-2498,Electronics,On-Time,Standard
517,52,132345,50,6595,19191,6,130.18,19,0.56,42,0.98,1206,Electronics,Delayed,Standard
518,30,20000,22,26149,6477,6,202.55,0,0.76,75,0.33,4900,Fashion,On-Time,Gold
519,46,47607,30,16842,16265,4,256.47,17,0.38,143,0.53,4983,Fashion,On-Time,Standard
520,56,71229,20,13640,19144,8,446.42,1,0.39,78,0.74,4747,Food,Delayed,Gold
521,19,91494,23,8168,10576,3,489.68,2,0.94,180,0.93,5486,Travel,On-Time,Platinum
522,53,138046,71,8225,13280,6,467.33,7,0.91,146,0.15,-897,Food,On-Time,Standard
523,35,20000,8,16427,24320,4,275.29,18,0.18,18,0.14,4408,Travel,On-Time,Standard
524,53,54692,21,18869,5624,5,262.26,2,0.25,164,0.61,2973,Home,Late,Gold
525,33,20000,3,29950,8115,3,172.31,10,0.57,70,0.26,1405,Home,Delayed,Standard
526,18,76264,76,18935,13891,7,221.04,10,0.56,140,0.67,3259,Home,Delayed,Gold
527,20,85867,97,17433,3797,7,462.81,19,0.08,4,0.16,-15,Electronics,On-Time,Platinum
528,45,138631,2,17684,9485,10,437.7,1,0.91,80,0.58,4100,Electronics,Delayed,Gold
529,48,79825,100,5000,1468,9,116.17,18,0.77,95,0.73,1598,Fashion,On-Time,Gold
530,31,116761,27,16079,0,4,209.59,16,0.8,74,0.72,-533,Home,Delayed,Standard
531,54,98353,89,25076,11682,4,311.32,15,0.69,162,0.73,2083,Travel,Delayed,Gold
532,20,57590,97,20695,667,10,100.24,17,0.17,6,0.65,866,Electronics,On-Time,Standard
533,44,20000,14,26206,3548,6,208.34,20,0.36,149,0.99,167,Travel,On-Time,Platinum
534,26,86000,7,28655,17166,4,313.17,18,0.33,132,0.96,4360,Electronics,Late,Standard
535,35,20000,47,6838,11188,8,253.24,8,0.99,135,0.1,3472,Electronics,On-Time,Standard
536,45,126808,98,14796,9741,4,438.84,15,0.11,77,0.37,5392,Home,On-Time,Gold
537,32,68517,87,28032,7394,9,317.45,1,0.55,156,0.81,3779,Home,Late,Gold
538,39,122807,51,20839,20770,2,352.02,20,0.77,168,0.46,5940,Electronics,On-Time,Standard
539,60,55791,54,18804,25669,7,287.35,10,0.41,41,0.3,857,Fashion,Delayed,Gold
540,36,85754,36,28269,14245,2,188.92,4,0.53,91,0.89,717,Electronics,On-Time,Platinum
541,57,83373,3,13666,0,8,317.08,19,0.17,85,0.39,2970,Fashion,Late,Gold
542,28,73198,54,14147,9758,8,499.08,19,0.21,151,0.03,1677,Fashion,On-Time,Platinum
543,52,57693,11,13622,2604,2,140.29,9,0.7,99,0.46,4247,Home,Late,Gold
544,66,90698,18,9363,6857,5,375.68,6,0.72,23,0.4,3716,Fashion,On-Time,Standard
545,18,37953,78,18226,13367,6,370.42,12,0.56,1,0.22,3985,Travel,On-Time,Gold
546,33,26622,56,21443,10740,4,401.14,11,0.91,39,0.36,6178,Travel,On-Time,Standard
547,53,124713,93,11647,407,5,246.89,18,0.37,147,0.12,4770,Home,On-Time,Platinum
548,41,104086,36,19142,5154,4,54.83,5,0.73,68,0.57,2,Travel,Delayed,Standard
549,50,77635,75,15216,18036,1,456.86,6,0.73,178,0.42,2579,Electronics,Late,Gold
550,35,141605,82,19385,21125,2,166.06,10,0.46,19,0.11,-1739,Travel,On-Time,Gold
551,46,64289,97,31555,19554,3,230.45,12,0.83,107,0.99,4255,Home,Delayed,Standard
552,42,127908,6,20688,542,6,423.74,11,0.53,79,0.98,983,Electronics,On-Time,Platinum
553,62,82022,91,20847,7536,4,442.38,17,0.63,101,0.86,2300,Electronics,On-Time,Gold
554,48,34009,54,36303,4906,6,359.54,12,0.04,66,0.25,4854,Fashion,On-Time,Standard
555,50,148921,27,15941,14666,10,247.87,7,0.69,18,0.1,5603,Home,Delayed,Standard
556,38,114628,92,24902,7939,6,340.09,7,0.65,90,0.39,3795,Food,On-Time,Standard
557,37,70159,36,15750,2900,7,244.23,14,0.91,80,0.77,4532,Food,On-Time,Platinum
558,38,104086,83,26286,20355,7,142.35,3,0.14,150,0.87,4344,Food,On-Time,Gold
559,50,58851,60,12761,5952,10,202.09,15,0.19,10,0.39,3954,Home,On-Time,Standard
560,38,108165,74,17321,17077,6,321.89,15,0.48,163,0.41,6294,Home,On-Time,Standard
561,49,20000,38,15510,5728,6,88.59,5,0.35,51,0.01,3276,Travel,On-Time,Standard
562,76,34207,22,11651,15510,7,59.55,15,0.14,84,0.85,4383,Travel,On-Time,Gold
563,58,114170,51,5000,7735,5,52.12,7,0.15,123,0.38,1582,Home,On-Time,Standard
564,40,65013,83,23259,2722,10,100.47,18,0.72,60,0.99,5360,Home,On-Time,Gold
565,63,83301,83,14905,18061,5,111.7,4,0.75,84,0.35,2048,Electronics,On-Time,Standard
566,38,21128,10,17826,5047,6,354.2,16,0.89,45,0.0,500,Travel,On-Time,Gold
567,18,148914,65,18963,10766,2,232.1,5,0.31,127,0.22,5055,Travel,On-Time,Standard
568,29,122621,12,8273,904,7,70.11,4,0.45,111,0.54,5430,Travel,On-Time,Gold
569,18,66972,76,16855,353,5,134.93,14,0.14,30,0.8,2424,Electronics,On-Time,Standard
570,39,58812,40,5706,20769,6,280.49,2,0.12,123,0.02,2469,Food,On-Time,Standard
571,45,116184,48,16323,10978,3,329.53,10,0.01,128,0.01,4480,Travel,On-Time,Standard
572,70,154298,14,31985,9259,5,493.55,10,0.17,161,0.27,3377,Food,Delayed,Standard
573,49,113150,55,15696,7041,5,283.46,4,0.28,52,0.18,2105,Fashion,On-Time,Standard
574,41,161872,53,10819,4553,12,103.54,13,0.57,78,0.49,2003,Electronics,On-Time,Gold
575,57,38105,30,16078,14081,8,341.41,19,0.62,25,0.9,1676,Fashion,On-Time,Standard
576,18,42224,60,32547,19942,5,322.83,17,0.55,116,0.23,7019,Food,On-Time,Gold
577,48,27442,57,16406,15722,1,204.28,16,0.03,68,0.36,1230,Electronics,Delayed,Standard
578,56,92670,86,7600,14274,4,346.45,2,0.52,44,0.72,4550,Travel,On-Time,Standard
579,22,82024,59,5394,7802,6,468.4,0,0.45,50,0.55,1695,Food,On-Time,Standard
580,62,68921,52,16758,14445,5,58.98,2,0.77,36,0.18,5419,Home,On-Time,Gold
581,50,107370,85,26505,23642,7,142.99,7,0.91,47,0.28,2839,Food,On-Time,Standard
582,38,124293,60,23528,8138,2,103.29,11,0.66,134,0.77,1003,Food,Delayed,Standard
583,54,20000,79,28782,12513,8,367.39,1,0.71,9,0.11,1488,Food,On-Time,Gold
584,79,51121,41,25022,19521,6,347.51,6,0.39,11,0.04,1456,Food,Delayed,Standard
585,47,107805,28,20089,23651,3,92.16,16,0.59,93,0.81,1401,Travel,Delayed,Standard
586,48,56290,83,5000,10978,3,110.97,19,0.55,137,0.04,4016,Fashion,On-Time,Gold
587,38,43071,91,31078,15937,5,433.48,9,0.97,116,0.27,3936,Fashion,On-Time,Standard
588,32,115741,26,8345,8220,4,316.63,10,0.73,148,0.58,5717,Electronics,On-Time,Gold
589,57,23419,43,38484,12270,5,279.66,18,0.28,128,0.02,1574,Travel,On-Time,Gold
590,32,62936,92,13865,8298,3,286.82,1,0.89,115,0.9,2343,Travel,On-Time,Standard
591,46,88145,4,14196,18224,5,124.39,10,0.54,86,0.92,5302,Food,Delayed,Standard
592,37,52047,51,15737,21734,3,229.04,18,0.16,89,0.39,2159,Fashion,On-Time,Standard
593,52,106326,52,20109,1555,6,312.06,7,0.83,83,0.84,3311,Fashion,On-Time,Gold
594,50,52244,51,9033,9265,4,270.9,7,0.53,77,0.02,3027,Travel,On-Time,Standard
595,60,131344,37,12921,6212,2,242.82,4,0.08,15,0.12,4976,Home,Delayed,Standard
596,37,69970,43,27475,7767,4,178.33,10,0.39,144,0.21,6500,Travel,Delayed,Gold
597,40,101850,52,30728,8306,7,215.97,13,0.49,12,0.27,2447,Food,Delayed,Standard
598,30,104840,1,11158,3924,9,354.59,14,0.28,148,0.61,1347,Food,Delayed,Standard
599,38,49898,53,22668,11955,7,487.7,8,0.29,24,0.97,4818,Food,On-Time,Standard
600,50,20000,83,15812,1842,9,453.23,6,0.13,56,0.16,5542,Home,On-Time,Platinum
601,56,89430,76,24016,16179,2,409.42,6,0.71,29,0.85,3911,Electronics,On-Time,Standard
602,31,77891,89,12820,12056,8,371.08,9,0.05,133,0.77,3643,Home,On-Time,Standard
603,58,97233,34,25848,2571,5,249.59,20,0.28,16,0.38,3799,Food,Delayed,Gold
604,65,65938,45,18933,2201,7,227.34,19,0.21,85,0.57,2621,Fashion,On-Time,Standard
605,51,57782,71,16061,15473,3,346.32,3,0.45,87,0.35,7957,Travel,On-Time,Gold
606,73,155338,91,19701,5073,3,133.08,5,0.79,43,0.24,1127,Food,On-Time,Standard
607,33,20000,78,31555,20831,11,468.91,15,0.3,55,0.13,2733,Fashion,Late,Gold
608,26,104358,54,19244,0,5,103.06,2,0.87,125,0.66,4502,Home,On-Time,Standard
609,18,52015,71,22279,2635,4,101.72,1,0.87,34,0.18,2601,Home,On-Time,Gold
610,67,61568,10,20719,7309,7,132.29,13,0.41,169,0.87,4181,Fashion,Late,Gold
611,54,62315,28,20753,9781,8,81.58,0,0.83,50,0.6,6203,Food,On-Time,Gold
612,44,42862,68,29744,14644,1,73.9,6,0.3,96,0.68,1518,Home,On-Time,Gold
613,49,97848,62,26658,8586,5,118.59,2,0.26,63,0.62,3463,Home,On-Time,Standard
614,28,130625,46,9119,7751,4,197.39,19,0.87,145,0.64,-270,Fashion,On-Time,Gold
615,80,93800,6,24389,5288,4,305.85,2,0.67,150,0.9,5474,Electronics,Delayed,Gold
616,46,79135,63,32897,4461,2,293.05,19,0.24,22,0.32,2126,Electronics,On-Time,Platinum
617,46,35542,81,18137,5009,7,83.34,4,0.03,44,0.71,5505,Travel,Delayed,Standard
618,55,95673,63,26837,9455,9,364.46,20,0.75,73,0.17,4810,Food,On-Time,Gold
619,52,161253,91,5000,0,13,181.8,4,0.31,143,0.64,3794,Home,On-Time,Gold
620,48,59772,11,12270,13756,6,235.85,17,0.1,93,0.41,-2005,Home,Late,Standard
621,33,59960,11,39159,10485,7,215.33,5,0.29,123,0.85,1972,Fashion,On-Time,Platinum
622,52,52556,35,26106,9178,4,272.89,19,0.43,137,0.35,1796,Home,Delayed,Gold
623,73,55423,28,21745,17964,4,64.76,15,0.22,71,0.86,610,Travel,On-Time,Standard
624,65,20000,10,34725,14164,5,137.01,12,0.06,17,0.46,7669,Fashion,Delayed,Gold
625,68,91201,52,11114,10893,2,119.19,9,0.33,175,0.9,4646,Electronics,Late,Gold
626,37,41177,69,30153,14575,4,411.31,2,0.5,23,1.0,3629,Food,Delayed,Standard
627,30,20000,84,13140,5641,2,299.95,12,0.8,21,0.98,4422,Travel,On-Time,Standard
628,43,105127,73,20757,14154,6,392.29,3,0.78,119,0.44,4057,Home,On-Time,Standard
629,45,31719,95,7001,15746,8,367.85,2,0.16,39,0.97,3547,Food,On-Time,Platinum
630,61,61453,46,16931,0,4,170.42,10,0.47,9,0.85,4901,Fashion,On-Time,Gold
631,19,133657,32,30589,22389,3,279.72,4,0.87,94,0.01,1360,Travel,On-Time,Gold
632,67,20000,80,15915,12338,1,115.27,9,0.05,152,0.33,3181,Electronics,Delayed,Platinum
633,42,20000,66,23944,14274,6,401.45,19,0.49,63,0.09,4987,Electronics,On-Time,Standard
634,38,85772,42,16106,17581,7,142.17,12,0.5,126,0.13,5178,Fashion,Late,Standard
635,29,120979,17,23445,9042,7,493.16,18,0.83,131,0.91,609,Fashion,On-Time,Standard
636,20,20000,73,25958,7086,1,487.82,10,0.5,17,0.3,363,Home,Delayed,Gold
637,57,91307,52,14575,12098,5,124.58,18,0.1,92,0.58,5100,Home,On-Time,Platinum
638,46,98239,38,13076,29315,5,53.26,10,0.69,72,0.46,4854,Fashion,On-Time,Standard
639,25,20000,71,16782,9296,3,102.67,7,0.57,123,0.92,292,Food,Late,Standard
640,25,106940,33,16607,5514,0,233.91,11,0.47,17,0.23,4136,Fashion,On-Time,Standard
641,39,110064,36,5000,19394,3,400.88,9,0.29,146,0.44,3915,Fashion,On-Time,Gold
642,70,62528,40,22679,0,4,430.69,20,0.08,8,0.09,2621,Electronics,On-Time,Standard
643,41,125093,96,23053,9234,9,267.12,1,0.92,81,0.63,1230,Food,On-Time,Gold
644,22,120458,48,5626,5549,4,442.46,20,0.84,161,0.89,1852,Electronics,Delayed,Standard
645,41,79124,9,26711,14402,2,447.95,16,0.94,137,0.31,-243,Food,Late,Standard
646,40,56942,39,16801,10953,4,321.58,1,0.94,36,0.79,-840,Fashion,On-Time,Platinum
647,18,36086,17,22626,2298,7,204.26,18,0.17,139,0.14,3584,Travel,On-Time,Standard
648,44,73497,24,18014,14530,10,385.19,8,0.32,31,0.47,5069,Electronics,On-Time,Gold
649,41,97790,40,22608,4255,5,351.67,11,0.48,109,0.28,2736,Fashion,On-Time,Gold
650,55,62032,35,20937,9668,8,260.54,6,0.41,28,0.67,2199,Home,Delayed,Standard
651,72,20000,1,27022,7009,1,396.52,16,0.96,69,0.69,832,Food,On-Time,Standard
652,61,125748,82,20015,15702,4,418.28,3,0.29,0,0.41,4180,Travel,Late,Gold
653,40,82608,73,26031,6788,7,342.43,6,0.12,146,0.33,-1387,Fashion,On-Time,Standard
654,28,59815,48,31398,0,5,57.03,12,0.46,137,0.78,4583,Electronics,On-Time,Gold
655,80,109286,66,19343,2193,7,259.57,20,0.51,0,0.54,4334,Food,On-Time,Gold
656,45,135985,52,17892,10442,3,246.49,2,0.41,93,0.55,2565,Home,Late,Platinum
657,45,20000,18,24500,5382,3,452.24,16,0.79,107,0.79,4395,Home,On-Time,Gold
658,44,92370,25,5000,18345,4,279.64,5,0.49,107,0.62,2745,Home,Delayed,Standard
659,47,20000,53,13007,2854,6,218.68,20,0.31,35,0.15,4977,Travel,On-Time,Platinum
660,42,94964,50,12727,14036,6,190.78,2,0.49,56,0.11,8700,Home,On-Time,Standard
661,36,80117,24,24417,15655,6,318.44,15,0.9,11,0.26,5048,Fashion,On-Time,Gold
662,36,100429,16,21200,11233,8,82.05,18,0.86,118,0.37,2377,Electronics,On-Time,Gold
663,44,55030,73,30144,12863,5,444.01,1,0.66,141,0.27,2055,Home,On-Time,Standard
664,36,20000,60,29665,9056,5,329.15,6,0.65,33,0.24,3277,Home,On-Time,Gold
665,34,56985,45,5000,11928,6,158.98,13,0.6,80,0.06,2468,Fashion,On-Time,Gold
666,46,91273,54,6507,6597,5,178.47,3,0.23,118,0.52,5525,Home,On-Time,Gold
667,41,115615,49,20309,11584,5,456.55,3,0.62,52,0.02,1966,Home,On-Time,Platinum
668,67,28126,74,7624,7985,4,64.82,7,0.6,72,0.52,6497,Fashion,Delayed,Platinum
669,18,116082,10,5000,7983,5,186.22,12,0.57,132,0.14,4110,Electronics,Delayed,Gold
670,61,49085,11,14096,5344,7,182.2,13,0.81,8,0.87,3290,Electronics,On-Time,Standard
671,63,89497,39,5000,8481,3,385.59,18,0.05,109,0.39,1423,Electronics,Delayed,Gold
672,18,54604,47,11778,20561,7,141.54,8,0.46,157,0.77,3145,Fashion,Delayed,Standard
673,39,82286,55,25691,8310,8,79.59,6,0.05,168,0.25,1526,Travel,Delayed,Gold
674,39,110675,7,16111,16580,4,225.13,14,0.8,17,0.99,5437,Electronics,Late,Gold
675,23,25919,87,31981,13666,5,373.45,7,0.23,171,0.46,1223,Home,On-Time,Standard
676,33,47803,13,15454,11728,7,76.76,4,0.37,121,0.69,3915,Fashion,On-Time,Standard
677,28,82398,86,24424,12001,2,127.26,16,0.33,2,0.91,-865,Electronics,On-Time,Standard
678,71,171063,55,15764,10147,5,334.53,13,0.94,141,0.29,4698,Travel,On-Time,Platinum
679,59,40472,53,18271,5925,3,368.01,12,0.34,138,0.4,738,Travel,On-Time,Standard
680,64,156605,99,16861,22026,7,50.98,15,0.05,88,0.65,475,Fashion,Delayed,Gold
681,55,155176,16,24449,17405,4,471.41,4,0.04,36,0.16,4624,Home,Late,Standard
682,28,71107,44,25795,10301,1,220.71,7,0.22,9,0.7,4708,Fashion,On-Time,Standard
683,37,63073,4,36491,10483,9,212.73,17,0.09,84,0.81,1049,Fashion,On-Time,Standard
684,52,47317,2,20118,13961,6,427.3,15,0.79,15,0.6,1880,Fashion,Delayed,Standard
685,26,72271,8,24382,2593,1,99.3,7,0.67,37,0.32,2702,Food,Delayed,Platinum
686,55,20000,83,11785,4520,3,154.54,6,0.78,31,0.62,396,Electronics,Delayed,Platinum
687,41,71950,19,25501,0,2,434.28,9,0.53,131,0.89,-22,Fashion,On-Time,Standard
688,39,134875,82,20201,8519,3,303.56,9,0.47,128,0.25,5659,Food,Delayed,Gold
689,55,50556,20,5000,18340,10,326.86,13,0.36,114,0.87,2886,Travel,On-Time,Gold
690,51,65371,79,13049,8025,3,187.49,8,0.81,179,0.73,1750,Travel,On-Time,Gold
691,39,20000,32,5000,25335,1,290.42,1,0.0,50,0.44,4743,Fashion,On-Time,Gold
692,62,89962,4,14092,6950,0,427.93,18,0.52,71,1.0,6687,Electronics,On-Time,Standard
693,28,85579,23,22452,11245,4,492.05,2,0.37,31,0.14,3134,Food,Late,Standard
694,54,77548,62,17609,8051,5,224.75,8,0.15,179,0.43,-960,Electronics,On-Time,Gold
695,53,66326,78,24928,0,4,122.17,9,0.71,175,0.7,2429,Home,On-Time,Standard
696,40,63289,25,5000,8073,2,212.64,10,0.27,52,0.01,1082,Fashion,On-Time,Platinum
697,49,95076,88,27666,4111,4,205.99,19,0.42,158,0.89,3847,Food,On-Time,Platinum
698,26,73847,91,21964,11642,4,209.58,10,0.29,164,0.35,2192,Electronics,Late,Platinum
699,58,87598,32,9880,18930,4,164.49,20,0.61,71,0.2,2006,Travel,On-Time,Standard
700,42,83599,17,19800,7530,3,295.73,11,0.01,112,0.31,-1856,Fashion,On-Time,Standard
701,37,119937,17,37528,12599,4,486.1,13,0.66,45,0.2,4614,Electronics,Delayed,Gold
702,60,102079,37,31721,8506,4,73.86,13,0.41,123,0.0,1031,Fashion,On-Time,Standard
703,34,82714,32,33420,16281,9,307.59,10,0.71,41,0.05,892,Fashion,Delayed,Gold
704,23,135736,26,18296,25964,5,480.11,1,0.84,47,0.18,4151,Fashion,On-Time,Standard
705,21,91810,48,29091,20394,5,239.52,12,0.51,125,0.67,3887,Food,On-Time,Standard
706,54,127198,49,30481,5686,4,295.43,0,0.87,160,0.0,2957,Home,On-Time,Standard
707,25,99277,14,11648,19667,6,98.93,2,0.13,175,0.7,2790,Travel,On-Time,Standard
708,71,20000,76,30325,12101,3,317.2,4,0.03,129,0.14,5411,Travel,Delayed,Standard
709,18,127193,51,28513,18622,6,224.02,15,0.89,132,0.51,1608,Electronics,On-Time,Gold
710,70,80407,97,14617,2815,5,377.21,4,0.12,141,0.37,6742,Home,On-Time,Standard
711,48,72921,67,20747,9379,3,275.0,7,0.18,162,0.48,2982,Home,On-Time,Platinum
712,43,86253,98,30865,11250,6,98.27,4,0.12,141,0.67,3074,Travel,Delayed,Platinum
713,36,61200,18,19536,9622,9,121.21,8,0.17,18,0.2,5244,Travel,On-Time,Platinum
714,50,84081,94,27067,12028,3,447.42,5,0.9,79,0.16,2332,Fashion,Delayed,Standard
715,44,51324,24,16228,9230,6,319.33,15,0.85,116,0.93,6206,Home,On-Time,Standard
716,61,125970,75,11240,7505,9,81.57,3,0.27,81,0.04,4919,Fashion,On-Time,Standard
717,46,70456,75,10407,6798,1,187.49,12,0.7,1,0.52,3736,Electronics,Delayed,Gold
718,47,59696,24,17749,4269,5,390.65,8,0.79,126,0.53,2170,Home,On-Time,Platinum
719,39,38002,32,23506,12158,9,310.84,2,0.15,66,0.02,860,Travel,On-Time,Platinum
720,44,85751,59,5942,9002,9,445.37,18,0.23,122,0.4,1877,Fashion,On-Time,Standard
721,49,82484,36,35409,6223,6,179.14,11,0.48,11,0.44,3735,Travel,On-Time,Standard
722,19,90536,91,28542,0,5,442.76,14,0.64,51,0.9,3671,Fashion,On-Time,Gold
723,24,33909,42,24110,13769,3,241.02,9,0.42,145,0.09,1880,Electronics,On-Time,Gold
724,56,20000,8,26526,14729,7,486.78,15,0.78,125,0.75,4596,Fashion,On-Time,Platinum
725,47,100023,13,14818,3436,11,431.39,12,0.99,162,0.58,485,Home,Delayed,Standard
726,42,134385,2,8193,10721,5,464.77,17,0.86,55,0.87,7145,Electronics,On-Time,Gold
727,45,33945,68,23278,6184,5,426.12,10,0.85,31,0.04,6605,Fashion,On-Time,Standard
728,50,138577,55,28353,15027,11,384.85,5,0.2,73,0.42,847,Electronics,On-Time,Platinum
729,36,86356,25,16049,6530,7,409.36,10,0.9,160,0.56,4649,Food,Delayed,Gold
730,33,74717,52,12446,6559,7,301.15,17,0.99,143,0.15,5369,Home,On-Time,Standard
731,47,59098,40,15664,10917,2,226.18,10,0.57,86,0.19,4312,Food,Delayed,Platinum
732,30,20000,81,23849,7059,4,232.91,1,0.76,157,0.56,2579,Travel,On-Time,Platinum
733,51,114509,20,24815,6579,9,242.84,18,0.6,173,0.59,5802,Food,Delayed,Platinum
734,19,43975,38,34480,5696,2,277.21,2,0.99,71,0.13,4519,Travel,On-Time,Standard
735,60,43807,79,23570,6903,5,354.96,17,0.6,64,0.48,3415,Food,Late,Standard
736,52,114677,22,13335,7375,7,214.76,14,0.47,96,0.15,4189,Food,On-Time,Gold
737,48,20000,92,17620,10090,4,356.76,14,0.16,3,0.07,2009,Fashion,On-Time,Platinum
738,59,20000,73,11622,8866,2,201.37,1,0.84,114,0.79,972,Electronics,On-Time,Gold
739,69,74274,57,28854,13462,7,307.48,7,0.2,6,0.12,1544,Travel,On-Time,Gold
740,60,86731,68,11078,1925,1,346.55,14,0.68,93,0.12,1204,Food,Delayed,Gold
741,18,94389,74,15475,24624,5,226.37,9,0.24,66,0.59,3424,Travel,On-Time,Platinum
742,25,62928,28,23851,10155,5,294.77,9,0.7,89,0.27,4801,Travel,On-Time,Platinum
743,35,176214,61,32762,16799,4,57.35,19,0.05,103,0.53,5008,Food,On-Time,Gold
744,45,65884,52,42849,13380,5,264.2,19,0.18,151,0.05,5807,Home,On-Time,Standard
745,52,65768,44,9277,10844,6,419.59,5,0.72,121,0.58,3051,Home,On-Time,Standard
746,34,43120,26,25100,13158,8,184.52,14,0.59,161,0.52,1636,Home,On-Time,Standard
747,47,79956,33,19815,12377,4,169.59,20,0.56,61,0.97,4888,Home,On-Time,Standard
748,33,99598,13,18005,8770,6,397.59,3,0.09,56,0.7,3766,Home,Late,Standard
749,35,123143,40,17736,26756,5,194.33,10,0.86,158,0.99,2757,Electronics,On-Time,Standard
750,23,20000,73,10122,17803,3,225.07,20,0.63,84,0.83,3354,Electronics,On-Time,Standard
751,31,65160,59,33334,0,4,419.58,8,0.58,10,0.96,2771,Food,On-Time,Gold
752,24,92868,41,5000,17356,6,78.93,4,0.96,29,0.9,279,Electronics,Delayed,Standard
753,30,98482,50,18819,10495,9,470.67,0,0.55,138,0.95,5951,Electronics,On-Time,Standard
754,60,75261,74,31978,21456,8,138.87,12,0.81,114,0.71,2017,Travel,Delayed,Gold
755,30,96696,10,21816,7715,4,147.24,18,0.21,179,0.14,3320,Food,Delayed,Standard
756,80,42641,34,14637,0,0,398.18,5,0.33,75,0.91,2909,Fashion,On-Time,Standard
757,52,137316,18,14962,7541,4,104.64,5,0.66,105,0.51,521,Food,On-Time,Standard
758,47,114705,87,27034,0,7,113.36,10,0.63,155,0.5,4269,Electronics,On-Time,Standard
759,32,21202,64,17553,5234,2,91.13,0,0.09,14,0.55,6021,Travel,Delayed,Standard
760,55,31995,75,19743,6004,4,322.24,1,0.05,159,0.21,728,Electronics,On-Time,Standard
761,36,33123,60,24977,12643,4,428.76,3,0.21,118,0.21,5939,Fashion,On-Time,Gold
762,46,102118,46,27441,11783,1,131.01,2,0.53,120,0.57,4397,Home,On-Time,Standard
763,80,23610,13,15535,14480,3,227.77,4,0.77,16,0.78,6034,Fashion,Late,Standard
764,43,61759,66,9074,13882,3,356.04,4,0.39,46,0.1,2083,Electronics,On-Time,Standard
765,62,93188,51,11977,23589,1,187.32,5,0.25,120,0.74,808,Electronics,Late,Gold
766,34,72353,31,31047,10011,2,137.45,5,0.59,92,0.18,2433,Fashion,On-Time,Standard
767,44,85355,79,20547,13599,12,457.81,10,0.1,152,0.41,3266,Food,On-Time,Platinum
768,71,32367,9,10006,16192,7,366.18,19,0.17,140,0.07,2328,Fashion,On-Time,Gold
769,35,98794,16,12533,5478,6,466.37,9,0.45,112,0.62,2837,Travel,On-Time,Standard
770,72,50471,39,29316,1151,6,401.5,14,0.97,100,0.85,4006,Travel,On-Time,Gold
771,55,62015,67,20694,12578,4,206.55,17,0.33,11,0.46,2479,Food,On-Time,Gold
772,36,84509,62,6602,7203,7,61.46,3,0.85,44,0.86,6520,Food,On-Time,Gold
773,54,79123,14,11182,15461,4,260.18,5,0.98,34,0.7,2744,Food,Delayed,Gold
774,59,75959,96,29222,15140,8,215.25,6,0.82,85,0.74,4391,Fashion,On-Time,Platinum
775,54,44974,38,15457,16923,5,277.28,3,0.44,78,0.37,2163,Fashion,On-Time,Standard
776,21,63018,56,36758,4499,7,55.53,8,0.81,6,0.34,975,Travel,On-Time,Gold
777,34,75087,9,35323,5978,4,290.05,0,0.04,118,0.13,3320,Fashion,Delayed,Standard
778,41,20000,70,31916,10748,6,235.86,1,0.86,172,0.58,4515,Electronics,On-Time,Standard
779,43,56498,96,23985,8752,4,356.14,5,0.49,121,0.99,2415,Food,On-Time,Gold
780,54,90507,16,28264,13196,5,171.11,9,0.45,48,0.54,-482,Home,On-Time,Standard
781,47,23902,75,19553,19521,1,418.51,10,0.73,126,0.54,1981,Home,On-Time,Standard
782,24,121263,16,19761,9301,4,468.43,16,0.93,82,0.37,3122,Food,On-Time,Standard
783,50,125784,15,10399,511,8,124.51,16,0.25,132,0.24,2016,Food,On-Time,Gold
784,54,25193,77,19643,0,1,340.92,17,0.42,46,0.97,3626,Fashion,On-Time,Standard
785,53,129304,2,9851,955,4,335.11,19,0.65,96,0.43,3151,Electronics,Delayed,Standard
786,61,69256,50,20049,725,7,203.08,8,0.61,148,0.15,4365,Travel,On-Time,Standard
787,57,91740,93,10311,14670,8,101.18,18,0.23,78,0.31,3219,Travel,On-Time,Standard
788,51,55133,45,13051,9664,7,350.93,15,0.02,154,0.73,1904,Electronics,On-Time,Standard
789,43,111921,54,5000,10523,8,254.98,13,0.16,4,0.96,3967,Fashion,On-Time,Platinum
790,20,91243,98,13738,15051,6,136.06,6,0.04,150,0.24,2577,Home,On-Time,Platinum
791,51,42433,25,14242,19540,3,75.76,3,0.06,173,0.47,-496,Food,On-Time,Standard
792,48,28391,75,17528,8636,2,475.72,13,0.25,40,0.31,461,Fashion,Delayed,Gold
793,49,20000,30,29525,15199,4,233.96,1,0.72,54,0.33,2855,Home,Late,Platinum
794,25,82517,80,19578,12465,5,386.93,11,0.26,47,0.09,4817,Fashion,On-Time,Standard
795,28,97898,100,27424,0,1,111.44,8,0.23,69,0.6,3712,Fashion,On-Time,Standard
796,60,101038,71,27749,0,4,330.88,3,0.64,86,0.28,5964,Food,On-Time,Standard
797,44,70280,18,31280,7621,3,61.27,7,0.56,166,0.22,2453,Fashion,On-Time,Gold
798,55,28720,89,12752,11378,5,240.06,0,0.51,144,0.13,3089,Electronics,On-Time,Gold
799,45,47717,67,10544,13364,6,160.46,11,0.65,13,0.44,2393,Fashion,On-Time,Gold
800,45,121093,14,19068,8616,1,200.92,9,0.36,14,0.41,-244,Travel,On-Time,Gold
801,59,55614,57,11661,0,4,330.88,17,0.01,41,0.76,3228,Food,On-Time,Platinum
802,37,80736,77,18162,7425,4,209.67,4,0.43,169,0.42,-442,Electronics,Delayed,Gold
803,46,31973,29,12403,0,5,161.24,3,0.37,116,0.94,3480,Electronics,On-Time,Standard
804,38,88463,47,10246,8567,9,371.6,15,0.77,18,0.45,4102,Travel,Delayed,Gold
805,38,56692,55,22843,13923,2,293.89,9,0.09,177,0.51,3183,Travel,On-Time,Gold
806,40,116868,41,34920,13001,4,332.29,13,0.78,107,0.92,4123,Electronics,On-Time,Standard
807,48,105942,23,17998,6484,7,222.07,2,0.71,165,0.11,6497,Home,On-Time,Gold
808,37,55171,51,22218,12831,6,165.01,14,0.33,22,0.38,2298,Travel,On-Time,Gold
809,63,69933,42,20519,2161,3,162.34,10,0.63,137,0.18,2464,Electronics,On-Time,Standard
810,31,52955,33,19724,5507,5,496.53,13,0.53,45,0.54,4109,Fashion,On-Time,Platinum
811,42,20000,59,31431,0,10,349.7,13,0.21,103,0.83,2262,Home,On-Time,Standard
812,38,40702,82,17787,6280,2,94.98,16,0.9,13,0.89,3149,Travel,On-Time,Standard
813,66,82928,2,5000,4572,3,339.47,3,0.19,136,0.04,433,Fashion,On-Time,Standard
814,47,88010,67,12981,7137,7,96.46,9,0.14,21,0.38,191,Electronics,Delayed,Gold
815,60,80941,10,20853,8097,8,184.81,10,0.41,88,0.37,4504,Travel,On-Time,Standard
816,22,62930,12,19144,11745,4,430.48,4,0.74,110,0.73,1235,Home,On-Time,Platinum
817,49,112322,49,18163,0,8,461.46,20,0.22,16,0.83,3030,Food,On-Time,Standard
818,58,77541,81,15918,3980,2,437.01,4,0.87,177,0.34,4465,Food,On-Time,Platinum
819,46,103130,18,20687,16848,4,299.47,5,0.58,33,0.47,3072,Fashion,Delayed,Gold
820,60,20000,43,36441,16969,3,253.9,14,0.19,110,0.09,4323,Food,On-Time,Gold
821,37,20000,32,17389,10390,3,160.57,13,0.54,167,0.09,865,Travel,On-Time,Platinum
822,66,86351,37,37307,10540,5,409.16,20,0.23,80,0.73,3302,Food,On-Time,Platinum
823,79,20000,2,23773,2109,3,330.26,16,0.2,141,0.83,5038,Home,Delayed,Gold
824,39,66501,98,14637,7386,4,288.28,6,0.15,8,0.28,2991,Food,On-Time,Standard
825,38,62916,64,26935,15754,9,166.54,0,0.59,110,0.56,5981,Electronics,On-Time,Standard
826,66,138496,34,5000,1288,6,189.64,0,0.01,152,0.53,5471,Food,On-Time,Gold
827,68,90999,35,19877,11012,4,160.33,16,0.95,114,0.88,1310,Electronics,On-Time,Gold
828,37,81634,37,24148,13898,4,337.02,15,0.03,64,0.07,751,Travel,On-Time,Platinum
829,38,108479,38,24248,10331,6,325.15,15,0.93,101,0.63,4824,Fashion,On-Time,Gold
830,40,89739,24,25096,8958,5,127.12,3,0.33,69,0.32,3693,Home,Late,Standard
831,24,56692,63,25797,8886,2,199.37,10,0.57,131,0.77,-312,Fashion,On-Time,Gold
832,31,117859,12,22378,13504,4,57.66,4,0.5,107,0.15,1964,Food,On-Time,Standard
833,29,30609,67,25783,11362,1,129.97,4,0.31,17,0.69,4555,Food,On-Time,Standard
834,33,87929,69,15521,13461,6,287.88,1,0.31,124,0.88,3082,Home,On-Time,Platinum
835,44,20000,74,29410,7432,4,219.89,14,0.13,15,0.83,3151,Food,Late,Platinum
836,48,83157,0,16319,7754,7,314.26,12,0.34,3,0.95,3132,Electronics,On-Time,Platinum
837,68,82719,71,29255,13842,2,239.53,1,0.63,122,0.13,1876,Fashion,On-Time,Standard
838,30,142058,53,19839,3756,4,92.13,10,0.59,79,0.63,6485,Food,Delayed,Standard
839,59,20000,97,21745,2099,2,349.97,2,0.85,22,0.07,2234,Travel,Delayed,Platinum
840,41,50964,8,27057,25909,4,475.16,3,0.22,50,0.53,3484,Electronics,On-Time,Gold
841,44,107907,35,32052,12958,4,173.04,5,0.16,148,0.47,2791,Travel,Delayed,Standard
842,55,88412,36,20324,8280,2,143.41,11,0.8,97,0.19,4740,Home,On-Time,Gold
843,28,82212,58,21729,5137,5,427.13,18,0.81,89,0.07,-1090,Travel,On-Time,Platinum
844,50,36754,20,5000,3567,6,171.95,18,0.73,107,0.88,656,Electronics,On-Time,Gold
845,47,51367,19,13045,9662,5,220.06,10,0.14,102,0.6,3174,Food,On-Time,Standard
846,52,124801,0,7911,9332,3,149.98,6,0.9,154,0.46,3018,Travel,On-Time,Standard
847,49,72939,98,16757,13071,3,332.88,16,0.4,139,0.42,1043,Home,On-Time,Gold
848,80,90014,58,14656,905,3,252.53,0,0.36,19,0.64,1994,Food,On-Time,Standard
849,35,70392,27,13669,1190,3,216.45,19,0.15,172,0.33,4270,Travel,Delayed,Standard
850,37,27676,70,11732,11820,6,167.34,16,0.18,44,0.73,5135,Electronics,Delayed,Standard
851,35,112352,55,24202,12705,11,479.58,9,0.1,164,0.19,2002,Electronics,On-Time,Gold
852,36,95129,8,5677,16325,9,88.44,13,0.53,167,0.21,3938,Fashion,On-Time,Standard
853,35,167225,64,11271,21631,1,173.47,5,0.38,87,0.91,-821,Travel,On-Time,Standard
854,62,34376,35,20265,8114,4,205.63,15,0.15,146,0.35,3527,Food,On-Time,Platinum
855,66,107902,97,27757,14696,6,417.94,5,0.68,117,0.77,1258,Food,Delayed,Standard
856,36,22538,33,12558,2715,5,478.28,4,0.33,145,0.04,3762,Electronics,Delayed,Gold
857,32,81293,80,28402,0,4,53.47,15,0.68,5,0.5,2850,Fashion,Late,Gold
858,52,114060,31,5000,3145,3,481.94,18,0.8,14,0.45,6237,Electronics,On-Time,Standard
859,36,20000,65,20017,6645,4,482.9,10,0.63,100,0.07,3461,Fashion,Delayed,Standard
860,54,66802,99,22448,25054,4,460.11,18,0.01,177,0.71,7886,Electronics,Delayed,Gold
861,48,52471,24,12093,0,4,463.85,14,0.28,97,0.33,3994,Electronics,On-Time,Standard
862,22,46921,50,9520,15187,6,411.17,6,0.03,160,0.79,884,Food,Late,Gold
863,68,90408,62,21013,5859,4,185.07,18,0.36,154,0.25,4921,Electronics,On-Time,Gold
864,71,119827,89,19714,13483,3,410.6,5,0.84,72,0.31,3766,Travel,Delayed,Standard
865,35,69668,44,13507,10296,3,270.09,12,0.81,96,0.11,228,Travel,On-Time,Standard
866,39,83219,25,17689,3596,3,293.23,4,0.16,144,0.21,1001,Electronics,On-Time,Standard
867,49,79572,20,15184,17171,7,60.32,8,0.68,116,0.95,-158,Home,On-Time,Platinum
868,50,75072,81,30006,13141,7,263.82,20,0.88,111,0.63,3746,Travel,On-Time,Standard
869,54,31426,92,25439,9897,6,171.89,16,0.86,66,0.81,848,Fashion,Late,Gold
870,75,119337,50,21550,12056,6,201.84,6,0.8,93,0.1,1756,Fashion,Delayed,Standard
871,42,86807,23,35097,7028,1,263.96,14,0.24,167,0.48,4140,Home,On-Time,Platinum
872,33,90795,91,28278,0,4,359.55,10,0.97,15,0.01,3965,Fashion,On-Time,Standard
873,24,42739,11,29951,10784,6,84.13,9,0.72,20,0.09,6461,Fashion,On-Time,Standard
874,34,56631,10,32648,25586,5,322.04,8,0.7,42,0.17,3936,Home,On-Time,Gold
875,44,67954,26,18751,15916,5,185.17,4,0.92,166,0.67,4461,Home,Delayed,Platinum
876,71,20000,22,10257,12052,4,422.21,13,0.34,72,0.53,4149,Fashion,On-Time,Standard
877,37,20000,32,5729,12698,3,452.33,16,0.45,93,0.84,4659,Travel,On-Time,Standard
878,48,50970,79,25913,9991,2,94.84,13,0.44,173,0.45,3825,Home,On-Time,Platinum
879,44,95900,91,12267,0,2,443.64,8,0.12,173,0.6,3712,Fashion,Delayed,Standard
880,62,48874,91,46614,2639,9,293.54,0,0.29,9,0.63,4422,Food,Late,Platinum
881,80,34247,37,13262,9555,8,123.73,4,0.7,33,0.07,6496,Electronics,On-Time,Gold
882,37,42412,54,11881,16463,6,54.26,19,0.04,125,0.87,1976,Electronics,Delayed,Gold
883,37,56786,69,26221,22815,5,322.03,18,0.46,118,0.48,1319,Fashion,On-Time,Gold
884,60,60845,41,26387,2466,4,289.43,14,0.72,102,0.69,5818,Electronics,Late,Gold
885,55,161620,28,34375,14595,5,372.05,12,0.74,31,0.44,4085,Food,On-Time,Gold
886,72,117184,33,18002,0,6,278.05,7,0.92,56,0.56,4052,Home,On-Time,Gold
887,53,115990,56,29280,7680,4,60.01,10,0.56,155,0.47,3253,Food,Late,Gold
888,39,121743,2,18700,9803,6,244.69,15,0.21,132,0.66,2800,Travel,On-Time,Standard
889,53,35047,5,24367,21797,8,428.5,17,0.77,66,0.11,3456,Home,On-Time,Standard
890,61,26105,47,18291,4286,3,222.18,20,0.51,70,0.64,444,Home,Delayed,Standard
891,57,30725,63,35311,7563,6,167.99,17,0.81,27,0.78,3240,Travel,Delayed,Standard
892,52,128380,12,38140,16946,3,181.02,19,0.22,87,0.07,2767,Home,On-Time,Standard
893,61,53112,35,10481,4865,8,97.38,17,0.01,24,0.57,3631,Electronics,On-Time,Standard
894,62,24945,78,30216,6295,6,222.64,6,0.28,161,0.08,348,Electronics,On-Time,Gold
895,65,57760,69,12558,0,5,400.38,12,0.18,26,0.26,3422,Electronics,Delayed,Gold
896,54,65455,32,29296,14363,5,77.05,19,0.72,60,0.24,-103,Electronics,On-Time,Standard
897,42,85736,75,33120,0,3,462.53,5,0.5,56,0.9,-1354,Electronics,On-Time,Gold
898,47,85038,56,12305,17366,11,252.91,3,0.37,7,0.22,3642,Electronics,On-Time,Platinum
899,63,41872,54,10222,1262,5,345.69,4,0.08,170,0.25,3468,Home,Delayed,Standard
900,32,102426,12,16038,4698,3,217.95,1,0.21,110,0.43,580,Fashion,On-Time,Gold
901,50,49432,96,29343,1793,7,170.04,5,0.93,13,0.08,1711,Travel,On-Time,Gold
902,39,68748,50,23805,8019,13,92.47,18,0.21,1,0.38,4047,Home,Delayed,Platinum
903,45,102470,91,18013,17536,6,262.19,14,0.58,167,0.59,2568,Travel,On-Time,Gold
904,64,49327,52,25768,5110,7,238.49,1,0.82,151,0.16,3835,Electronics,On-Time,Standard
905,47,52225,35,17664,3136,6,307.54,20,0.29,0,0.93,3764,Electronics,On-Time,Platinum
906,45,98666,4,21054,9876,4,230.84,3,0.8,155,0.32,3882,Food,On-Time,Platinum
907,24,40690,24,24360,9535,4,251.46,8,0.32,25,0.33,4498,Home,On-Time,Standard
908,56,59608,80,23820,14748,5,404.69,19,0.58,154,0.44,6276,Home,On-Time,Platinum
909,54,97229,36,33523,794,3,107.1,16,0.28,9,0.27,-457,Food,On-Time,Standard
910,77,157163,18,10381,11665,5,233.48,9,0.58,118,0.68,3534,Electronics,On-Time,Gold
911,40,99216,34,27574,18679,5,112.8,14,0.21,58,0.37,3066,Travel,On-Time,Gold
912,48,93905,33,12477,2895,9,471.79,16,0.81,167,0.28,3857,Electronics,Delayed,Standard
913,48,96232,53,16760,11334,2,423.0,4,0.48,31,0.09,-1160,Electronics,On-Time,Standard
914,68,32072,45,18723,2880,5,431.14,13,0.92,121,0.71,8031,Food,On-Time,Standard
915,43,79623,5,16613,17666,3,111.7,20,0.63,108,0.54,4365,Travel,Late,Standard
916,49,73809,82,9240,21845,7,443.9,5,0.83,138,0.96,-1264,Electronics,Late,Platinum
917,54,87863,0,16393,1664,11,114.44,2,0.85,125,0.17,3451,Electronics,On-Time,Standard
918,47,79660,70,22178,12041,5,259.69,5,0.53,128,0.25,667,Food,On-Time,Standard
919,38,90187,33,18926,12500,3,95.03,11,0.72,65,0.9,3758,Fashion,On-Time,Standard
920,47,62541,55,31780,10934,3,468.55,2,0.56,142,0.98,2540,Electronics,Late,Gold
921,61,77344,82,19137,8415,3,492.69,18,0.02,12,0.16,2255,Food,On-Time,Gold
922,29,25886,96,20119,6000,2,240.47,9,0.72,153,0.13,935,Home,On-Time,Standard
923,46,62203,25,21459,0,8,477.19,9,0.99,161,0.96,2806,Travel,On-Time,Standard
924,34,130633,41,18936,8864,3,91.78,1,0.87,87,0.96,3455,Food,Delayed,Platinum
925,62,87752,90,23821,16049,1,459.79,3,0.05,116,0.85,4837,Home,On-Time,Standard
926,22,74163,37,15855,17725,2,204.96,12,0.93,0,0.58,3092,Food,Late,Standard
927,36,150844,25,10672,11257,5,350.48,15,0.2,4,0.76,5469,Electronics,Delayed,Gold
928,50,20566,98,19426,3080,4,210.99,0,0.05,168,0.78,2350,Travel,On-Time,Standard
929,68,30621,58,23077,1036,5,319.51,4,0.01,168,0.38,2927,Fashion,On-Time,Standard
930,44,143508,83,21304,5672,4,153.17,4,0.42,52,0.64,1472,Travel,Delayed,Gold
931,36,76838,23,12890,0,2,331.26,12,0.3,146,0.94,2381,Electronics,Delayed,Standard
932,73,65296,20,21283,0,8,279.08,11,0.18,56,0.4,7081,Home,On-Time,Gold
933,23,27031,59,25429,584,8,213.03,15,0.09,129,0.27,2034,Electronics,On-Time,Standard
934,18,92907,89,21619,12183,6,247.64,19,0.36,71,0.76,1207,Home,On-Time,Standard
935,51,96778,19,14319,0,2,274.68,5,0.23,119,0.94,4639,Electronics,Delayed,Standard
936,37,31220,5,20613,12302,8,237.19,15,0.64,9,0.57,1376,Food,On-Time,Standard
937,29,69388,66,33621,4211,5,81.4,1,0.38,86,0.63,6639,Home,On-Time,Gold
938,55,61579,9,11696,18419,4,404.35,11,0.45,26,0.3,6456,Home,Delayed,Standard
939,48,85239,11,28767,5794,4,348.94,14,0.77,110,0.4,1459,Home,On-Time,Standard
940,36,30229,96,5000,6766,4,356.52,11,0.35,60,0.55,687,Electronics,On-Time,Gold
941,25,125077,21,15638,4747,3,73.16,2,0.17,36,0.88,567,Electronics,Delayed,Standard
942,58,111632,61,16557,4893,3,397.77,4,0.29,79,0.89,4434,Travel,Delayed,Standard
943,54,60472,60,28647,10615,4,399.17,9,0.68,170,0.65,3417,Food,On-Time,Standard
944,43,66343,79,34180,12008,7,407.58,12,0.12,60,0.56,3651,Fashion,On-Time,Standard
945,72,69543,16,28900,9679,4,326.59,18,0.66,95,0.55,1955,Fashion,On-Time,Standard
946,28,43867,9,24092,1087,7,281.52,10,0.73,5,0.02,6256,Electronics,On-Time,Standard
947,22,57262,11,28502,12847,5,442.73,11,0.64,86,0.64,-1651,Electronics,Late,Platinum
948,34,64189,82,9179,1530,7,312.1,12,0.36,35,0.23,5277,Home,Delayed,Gold
949,44,139514,39,27150,2384,5,91.77,16,0.65,114,0.29,-150,Travel,On-Time,Standard
950,48,112864,22,11183,6032,6,206.82,9,0.83,59,0.96,1661,Travel,Delayed,Standard
951,41,112386,39,14086,15425,6,370.92,7,0.32,87,0.27,1837,Food,Late,Platinum
952,50,89797,73,23165,2029,4,234.99,10,0.27,10,0.93,7188,Travel,On-Time,Platinum
953,26,30306,73,10113,12572,2,410.12,19,0.96,123,0.5,857,Home,On-Time,Standard
954,66,73340,49,29806,0,3,260.26,2,0.89,14,0.1,3173,Food,On-Time,Standard
955,43,113819,9,20011,13538,11,223.38,16,0.27,21,0.16,3353,Food,On-Time,Gold
956,61,24669,93,9588,17316,10,207.21,8,0.17,2,0.17,2637,Home,Late,Standard
957,50,100462,3,32076,14254,6,191.73,12,0.42,84,0.3,2598,Fashion,On-Time,Gold
958,51,167904,0,17896,9647,6,265.7,12,0.51,180,0.37,2353,Fashion,Delayed,Platinum
959,53,117472,42,18690,5130,4,319.65,20,0.17,165,0.46,4087,Travel,On-Time,Standard
960,51,131561,82,18236,3411,5,466.16,16,0.02,174,0.58,3686,Food,On-Time,Standard
961,54,83733,4,5000,4076,10,379.3,7,0.82,127,0.79,895,Travel,On-Time,Platinum
962,64,113717,93,30064,5791,8,145.15,17,0.92,178,0.27,4284,Fashion,Delayed,Standard
963,47,46285,89,20224,16544,4,254.24,2,0.07,178,0.34,4273,Electronics,On-Time,Standard
964,55,106834,33,21225,9154,5,187.97,11,0.84,109,0.77,1464,Fashion,On-Time,Standard
965,43,101175,65,25447,15486,6,159.28,9,0.44,136,0.57,-3829,Travel,On-Time,Platinum
966,66,86596,23,17650,31302,4,346.21,20,0.18,127,0.72,2419,Food,On-Time,Standard
967,34,127640,13,11028,21568,7,100.71,10,0.39,180,0.67,3642,Electronics,On-Time,Standard
968,72,53448,40,12553,9890,6,61.69,3,0.87,142,0.18,3942,Food,On-Time,Gold
969,44,67517,41,26985,6081,5,236.11,9,0.12,149,0.58,2862,Electronics,On-Time,Standard
970,23,78818,12,19904,15832,2,111.82,10,0.1,163,0.84,777,Electronics,Late,Standard
971,46,33815,28,28047,15822,7,279.91,0,0.97,96,0.99,927,Electronics,On-Time,Standard
972,34,84077,64,29454,13765,6,297.52,9,0.29,175,0.08,3003,Food,On-Time,Platinum
973,57,20000,45,27097,20326,8,124.59,17,0.86,84,0.29,1326,Electronics,On-Time,Standard
974,35,116878,33,30051,3389,2,363.5,13,0.56,134,0.01,6421,Travel,Delayed,Platinum
975,38,76865,62,14305,12004,6,101.3,1,0.24,68,0.18,2265,Fashion,Delayed,Standard
976,18,54164,3,24815,9741,7,327.85,9,0.3,87,0.67,2805,Home,Delayed,Platinum
977,38,41625,27,16261,14775,7,340.43,1,0.41,129,0.45,894,Food,On-Time,Platinum
978,18,65616,82,11245,6773,3,414.23,19,0.15,21,0.56,3681,Home,On-Time,Platinum
979,21,102530,0,23686,12577,6,449.09,9,0.71,69,0.08,1154,Travel,On-Time,Gold
980,56,96909,35,26033,0,5,351.61,11,0.42,89,0.43,4149,Food,On-Time,Gold
981,56,46778,12,17245,9861,2,329.33,7,0.89,48,0.19,3973,Travel,Late,Standard
982,51,41158,4,20380,21983,4,354.8,4,0.92,57,0.69,848,Electronics,On-Time,Standard
983,30,101275,96,25624,6363,2,287.34,2,0.91,66,0.42,2914,Travel,On-Time,Standard
984,44,46106,13,15104,9287,2,327.6,6,0.65,3,0.66,3359,Fashion,On-Time,Standard
985,44,77396,79,26485,17485,2,457.68,7,0.48,45,0.12,4950,Fashion,On-Time,Standard
986,27,79950,31,12748,13296,6,362.46,1,0.08,119,0.11,3107,Fashion,Delayed,Standard
987,67,87482,49,23262,0,3,185.54,9,0.76,111,0.59,4543,Home,Late,Gold
988,58,109330,26,10327,9017,3,371.75,19,0.09,61,0.89,1624,Food,On-Time,Standard
989,41,24481,34,30767,12683,3,90.77,8,0.18,140,0.75,2603,Electronics,On-Time,Standard
990,45,20000,2,25479,19568,12,253.88,17,0.84,123,0.8,3393,Food,On-Time,Platinum
991,48,52302,3,36085,18254,6,226.87,13,0.85,146,0.2,1350,Home,On-Time,Standard
992,18,147061,6,12524,9550,5,200.46,18,0.43,161,0.51,1779,Food,Delayed,Gold
993,41,155886,76,25325,14447,5,330.48,1,0.72,44,0.88,3499,Travel,Late,Platinum
994,34,148247,2,19844,9452,9,126.11,20,0.22,48,0.94,3514,Food,Delayed,Platinum
995,29,67280,80,8270,6477,5,473.9,8,0.9,43,0.06,5570,Travel,Late,Standard
996,40,20000,58,20883,17671,7,165.87,10,0.65,7,0.16,2538,Food,On-Time,Standard
997,71,20000,73,24549,17201,3,362.12,13,0.86,137,0.1,3160,Home,Late,Platinum
998,54,50438,0,35761,11883,5,246.96,20,0.39,148,0.17,3286,Home,On-Time,Platinum
999,36,67077,27,15964,5427,7,142.08,8,0.04,18,0.16,3493,Food,On-Time,Standard
1000,53,127025,58,23795,9812,5,240.75,16,0.99,74,0.47,2439,Food,On-Time,Gold
1001,65,109712,52,22454,10272,5,213.09,10,0.76,8,0.33,2156,Electronics,Late,Gold
1002,58,84096,9,18608,16456,4,401.14,2,0.17,58,0.08,2754,Electronics,On-Time,Standard
1003,45,39406,70,19198,7861,6,346.37,3,0.64,171,0.32,2692,Home,On-Time,Standard
1004,35,36568,2,25971,10198,5,424.92,4,0.95,83,0.9,3223,Electronics,On-Time,Standard
1005,55,85165,6,19195,11309,4,68.73,10,0.9,110,0.46,6209,Fashion,On-Time,Gold
1006,50,102882,8,18118,8112,6,424.75,12,0.94,37,0.74,2554,Food,Delayed,Standard
1007,58,90675,98,15947,11793,9,235.27,8,0.11,73,0.24,3368,Electronics,On-Time,Gold
1008,54,33616,89,7987,10780,5,166.34,8,0.85,60,0.47,3645,Fashion,On-Time,Standard
1009,60,101026,68,27469,4288,6,141.76,6,0.89,117,0.88,13,Fashion,Delayed,Standard
1010,36,92036,12,15863,6108,7,205.99,5,0.18,0,0.9,4288,Travel,On-Time,Platinum
1011,64,32173,93,29864,140,5,205.8,6,0.71,28,0.15,2264,Electronics,Delayed,Standard
1012,47,43627,39,30087,4827,5,114.14,10,0.69,30,0.34,3647,Food,Delayed,Standard
1013,76,102539,61,39185,19986,7,319.74,12,0.69,89,0.34,5241,Food,On-Time,Gold
1014,34,65619,61,23556,14631,2,87.18,0,0.57,147,0.29,3612,Fashion,On-Time,Standard
1015,71,138565,9,24482,4379,14,275.08,3,0.24,123,0.41,3176,Electronics,Late,Platinum
1016,47,95045,86,24897,8658,3,226.25,4,0.11,69,0.47,5031,Travel,On-Time,Standard
1017,35,55534,10,22081,3912,3,416.84,20,0.25,59,0.53,5704,Home,On-Time,Standard
1018,37,74591,75,29440,15082,7,149.11,4,0.91,75,0.04,1321,Electronics,On-Time,Gold
1019,40,77535,61,19339,11762,5,302.03,4,0.23,144,0.23,-406,Home,Delayed,Standard
1020,51,45864,76,24417,14776,3,103.16,20,0.43,115,0.65,932,Food,On-Time,Platinum
1021,52,38496,55,19131,7790,6,372.61,11,0.44,53,0.66,-1688,Food,Delayed,Gold
1022,36,103055,48,9510,17005,10,196.23,7,0.92,122,0.61,5054,Fashion,Delayed,Platinum
1023,44,108810,15,25954,1658,3,481.57,6,0.12,124,0.21,3708,Food,On-Time,Standard
1024,77,99151,72,5000,5849,5,458.12,6,0.48,23,0.42,5288,Home,On-Time,Standard
1025,70,135612,73,24394,7213,4,265.4,8,0.81,57,0.53,2364,Fashion,On-Time,Gold
1026,51,53329,92,28698,15614,4,405.19,15,0.06,18,0.17,-803,Home,On-Time,Platinum
1027,45,141970,8,24703,6196,5,83.4,12,0.75,120,0.95,5341,Travel,On-Time,Standard
1028,46,38963,32,13686,3236,1,402.04,12,0.09,40,0.54,4445,Food,On-Time,Gold
1029,54,34492,87,32370,10065,6,251.42,16,0.45,45,0.06,719,Home,On-Time,Gold
1030,29,20000,34,34516,27059,2,92.58,2,0.16,50,0.78,348,Food,On-Time,Gold
1031,41,57168,74,25324,3166,4,175.25,0,0.39,97,1.0,2882,Food,On-Time,Standard
1032,19,54851,38,34838,18671,13,184.71,4,0.04,2,0.15,3183,Food,On-Time,Standard
1033,50,96037,76,36959,9946,9,372.53,8,0.84,62,0.03,4156,Electronics,On-Time,Standard
1034,54,84755,86,14867,10039,4,403.93,10,0.13,165,0.55,3422,Travel,Late,Gold
1035,37,27281,24,12712,5781,1,290.0,11,0.19,144,0.06,370,Food,On-Time,Standard
1036,68,59290,79,25945,14376,6,198.84,11,0.46,121,0.09,4987,Home,On-Time,Platinum
1037,26,60141,55,5000,17269,8,233.35,5,0.02,67,0.54,4925,Food,Delayed,Standard
1038,23,20000,47,18227,20535,7,331.23,11,0.92,62,0.96,349,Travel,On-Time,Standard
1039,48,35762,84,14727,11999,5,334.17,2,0.41,76,0.08,5221,Home,On-Time,Standard
1040,60,44167,9,18487,5156,7,131.49,8,0.53,8,0.55,1377,Home,Late,Gold
1041,70,132345,40,10182,22511,6,275.26,7,0.87,157,0.51,1417,Electronics,On-Time,Standard
1042,38,82658,82,18778,6829,6,305.31,15,0.58,23,0.62,4761,Home,On-Time,Gold
1043,61,101486,98,24847,4594,6,387.31,16,0.08,147,0.88,5054,Food,Delayed,Platinum
1044,44,20000,58,33805,12024,6,260.2,15,0.8,49,0.47,4705,Electronics,On-Time,Gold
1045,42,122768,27,23749,3253,4,471.49,7,0.92,94,0.57,3849,Fashion,On-Time,Standard
1046,58,127044,40,5803,6503,7,349.52,8,0.81,159,0.58,4070,Electronics,On-Time,Standard
1047,54,20000,65,20523,14385,8,374.96,17,0.19,134,0.14,763,Electronics,On-Time,Gold
1048,21,46787,50,31353,30109,4,313.89,20,0.48,35,0.25,-888,Fashion,Delayed,Standard
1049,67,94830,61,18342,13958,3,430.45,4,0.3,4,0.22,2675,Home,On-Time,Gold
1050,65,100775,29,25483,18293,1,211.81,12,0.6,126,0.32,4281,Home,Delayed,Standard
1051,35,47860,39,29702,6450,6,64.42,14,0.84,127,0.23,1657,Home,On-Time,Standard
1052,50,62780,39,21379,11869,2,101.54,6,0.4,65,0.34,2836,Electronics,Delayed,Standard
1053,52,51104,68,22870,0,3,242.77,13,0.59,136,0.67,1352,Fashion,Late,Gold
1054,48,79416,61,24717,672,4,226.56,6,0.01,25,0.3,5451,Electronics,On-Time,Platinum
1055,36,122887,14,16674,11095,9,251.18,7,0.35,29,0.49,-372,Fashion,Late,Standard
1056,34,44158,99,18364,12476,4,292.52,18,0.62,4,0.9,2601,Food,Delayed,Standard
1057,44,115032,2,12976,15913,5,233.53,6,0.99,170,0.91,3991,Food,On-Time,Standard
1058,62,43733,23,16118,8672,4,70.81,2,0.28,147,0.89,2506,Electronics,On-Time,Platinum
1059,53,41094,40,26489,20562,2,409.87,10,0.17,111,0.42,6889,Travel,On-Time,Platinum
1060,39,107743,62,24312,13852,8,470.62,16,0.9,69,0.7,6734,Home,On-Time,Standard
1061,56,111877,47,10933,0,9,310.56,19,0.56,135,0.3,2427,Electronics,On-Time,Standard
1062,18,109056,60,12388,0,9,260.59,8,1.0,75,0.74,1784,Food,On-Time,Standard
1063,62,22368,47,15337,10899,7,101.31,14,0.25,89,0.96,931,Fashion,On-Time,Gold
1064,18,56361,46,8720,8339,4,465.45,4,0.2,19,0.85,3606,Electronics,Late,Standard
1065,39,107919,55,22049,11550,4,212.75,0,0.36,167,0.21,731,Home,On-Time,Platinum
1066,28,76661,75,14998,7647,9,398.93,3,0.58,103,0.52,3553,Fashion,Late,Standard
1067,25,32052,7,24128,5797,4,137.02,3,0.08,87,0.85,-2743,Food,On-Time,Standard
1068,62,93332,77,28127,4857,11,459.04,5,0.39,71,0.81,3179,Travel,On-Time,Gold
1069,37,46407,17,6615,9600,8,370.4,12,0.07,15,0.34,1843,Electronics,Delayed,Standard
1070,50,146780,83,15002,15877,4,191.02,4,0.66,148,0.93,-46,Food,Delayed,Standard
1071,44,136793,22,7636,2466,5,391.32,16,0.34,123,0.84,1254,Food,On-Time,Gold
1072,52,99163,68,5300,9029,5,186.93,18,0.97,85,0.05,5210,Electronics,On-Time,Gold
1073,46,129440,64,24356,19972,6,146.63,17,0.1,84,0.99,6293,Food,Delayed,Gold
1074,25,77591,45,21689,0,2,413.46,10,0.89,20,0.66,93,Home,Delayed,Gold
1075,59,105617,65,15473,14497,7,468.48,20,0.03,171,0.78,1866,Electronics,On-Time,Gold
1076,37,134108,79,12397,8540,6,73.34,13,0.65,87,0.22,5030,Travel,On-Time,Platinum
1077,21,84819,68,11349,4538,2,89.17,8,0.95,80,0.99,3103,Electronics,On-Time,Gold
1078,38,64792,21,21412,6119,5,448.8,20,0.71,125,0.55,2486,Home,On-Time,Gold
1079,67,20000,64,18144,17230,3,476.26,8,0.03,132,0.67,7621,Electronics,Late,Standard
1080,57,71674,11,12830,9088,2,367.82,0,0.66,138,0.48,1734,Fashion,On-Time,Standard
1081,39,107936,18,23339,2469,7,243.74,4,0.29,69,0.85,1889,Home,On-Time,Standard
1082,39,112825,21,22260,3934,3,282.8,14,0.73,136,0.25,5092,Food,On-Time,Standard
1083,40,95174,54,12235,6506,3,216.95,19,0.45,156,0.11,5917,Fashion,On-Time,Gold
1084,76,53348,61,16205,16074,0,474.73,5,0.62,120,0.62,4279,Electronics,On-Time,Gold
1085,50,20000,50,26884,6481,7,356.67,10,0.02,166,0.03,7107,Home,Late,Standard
1086,51,55191,47,25987,9826,6,476.6,0,0.28,133,0.04,2379,Electronics,On-Time,Platinum
1087,60,62826,16,14750,5160,6,456.8,10,0.3,5,0.21,-1503,Food,On-Time,Gold
1088,48,62482,12,33292,7210,4,358.43,8,0.45,83,0.01,4631,Home,Late,Gold
1089,41,99742,27,18597,8866,5,155.28,16,0.88,154,0.07,-514,Travel,On-Time,Gold
1090,42,154427,66,26307,3487,3,252.19,20,0.37,14,0.41,5876,Travel,On-Time,Standard
1091,43,79941,4,11589,4531,10,353.25,3,0.7,87,0.39,1810,Food,Delayed,Standard
1092,44,66330,99,18782,6349,2,261.02,5,0.36,88,0.57,2748,Travel,On-Time,Standard
1093,55,64631,59,12674,20511,2,249.13,8,0.2,66,0.26,4966,Fashion,On-Time,Gold
1094,45,79975,14,6771,10425,3,240.39,18,0.46,116,0.37,1288,Electronics,Delayed,Standard
1095,55,41868,80,19660,3731,10,130.41,10,0.24,75,0.73,3523,Electronics,On-Time,Standard
1096,43,79807,43,17376,15906,5,223.47,5,0.05,92,0.24,6278,Food,Late,Platinum
1097,46,93032,45,28576,16279,6,494.52,18,0.21,113,0.02,1118,Fashion,Late,Gold
1098,18,83387,28,15379,3586,5,165.43,18,0.08,8,0.2,4771,Home,On-Time,Standard
1099,58,93301,67,22150,21375,8,189.72,14,0.05,18,0.4,5238,Fashion,Delayed,Standard
1100,50,92349,95,16753,12682,7,483.5,18,0.74,41,0.86,5973,Fashion,Delayed,Standard
1101,59,20000,48,12215,12938,0,280.43,3,0.7,88,0.73,7393,Food,On-Time,Standard
1102,18,100474,42,26452,12527,9,397.29,10,0.15,33,0.64,5595,Home,On-Time,Standard
1103,76,48159,67,15086,12363,5,160.84,6,0.04,28,0.34,7265,Home,On-Time,Gold
1104,42,31166,76,16526,9192,6,231.2,10,0.02,22,0.69,1330,Food,On-Time,Gold
1105,61,30821,19,10501,14547,5,330.03,5,0.73,37,0.58,4352,Food,On-Time,Standard
1106,29,92341,17,6491,7687,5,162.74,10,0.42,14,0.7,2328,Electronics,On-Time,Gold
1107,54,66097,63,23625,21014,2,223.15,7,0.43,114,1.0,4944,Fashion,On-Time,Standard
1108,29,20000,48,19207,0,5,264.19,18,0.06,177,0.8,715,Home,On-Time,Standard
1109,35,94121,41,27345,3630,4,428.66,17,0.8,121,0.46,2198,Fashion,Late,Platinum
1110,73,20000,100,24071,12487,2,361.7,1,0.29,73,0.96,2582,Electronics,Late,Gold
1111,42,80592,11,10040,9443,6,462.37,4,0.42,12,0.2,1928,Fashion,Late,Gold
1112,48,84539,88,20025,6480,6,485.13,14,0.44,37,0.63,2794,Home,On-Time,Standard
1113,58,110423,93,19716,11224,5,262.76,11,0.88,68,0.33,3440,Electronics,On-Time,Standard
1114,52,146267,78,28088,1498,3,239.01,0,0.83,172,0.1,3576,Fashion,Delayed,Standard
1115,47,20412,35,29864,2746,4,302.24,14,0.33,155,0.98,-423,Food,On-Time,Platinum
1116,50,72901,7,6167,9110,4,454.04,14,0.07,138,0.5,5563,Electronics,On-Time,Standard
1117,80,63946,27,28788,12687,4,58.89,19,0.56,24,0.42,4841,Fashion,Delayed,Gold
1118,44,92349,85,27713,4984,5,154.39,8,0.27,36,0.15,3318,Fashion,On-Time,Gold
1119,48,83626,59,13505,0,5,426.92,16,0.31,145,0.78,3246,Food,On-Time,Standard
1120,60,60898,48,19635,11608,6,284.93,0,0.88,50,0.22,2836,Travel,On-Time,Gold
1121,61,57363,37,5000,13399,3,424.98,20,0.74,139,0.44,-2291,Travel,On-Time,Standard
1122,62,30341,79,19597,2360,7,343.21,13,0.39,129,0.47,1384,Travel,On-Time,Standard
1123,54,114514,57,11601,7251,4,415.86,0,0.65,128,0.17,4247,Home,Delayed,Standard
1124,27,93368,4,24167,16369,5,238.28,14,0.19,16,0.78,3365,Electronics,On-Time,Standard
1125,69,111710,45,23306,1888,4,54.49,18,0.67,23,0.82,3192,Travel,On-Time,Gold
1126,27,62584,97,19247,9772,4,353.3,5,0.06,164,0.96,2988,Food,Delayed,Standard
1127,49,48726,74,21572,5345,3,273.67,11,0.66,35,0.5,3370,Electronics,On-Time,Gold
1128,33,31867,1,13681,25291,1,492.51,10,0.89,156,0.4,1558,Food,Delayed,Gold
1129,44,89356,88,10972,1410,2,104.11,12,0.58,171,0.36,2157,Home,On-Time,Standard
1130,49,33408,24,36914,0,4,328.79,19,0.34,50,0.94,-175,Food,On-Time,Standard
1131,49,148946,0,28196,14243,3,185.55,0,0.56,173,0.76,2312,Home,On-Time,Platinum
1132,51,22694,94,21046,7720,3,276.06,9,0.33,109,0.52,7302,Food,On-Time,Platinum
1133,69,85946,68,18287,2786,3,83.0,7,0.29,71,0.72,3174,Electronics,On-Time,Standard
1134,51,137674,39,39222,6558,4,437.45,9,0.0,47,0.44,2499,Travel,On-Time,Standard
1135,41,98963,67,33388,20611,4,451.17,16,0.25,149,0.77,672,Electronics,Delayed,Platinum
1136,59,82026,68,17721,10021,7,271.23,12,0.89,24,0.93,5264,Travel,Delayed,Gold
1137,62,36260,68,12235,20253,3,87.59,8,0.18,72,0.22,4679,Fashion,On-Time,Standard
1138,26,20000,15,20419,1323,5,311.51,12,0.63,80,0.37,5804,Electronics,On-Time,Standard
1139,53,105802,53,16975,17609,2,179.01,19,0.61,16,0.65,2354,Travel,Late,Gold
1140,55,135245,62,12422,3220,3,61.24,14,0.23,23,0.52,1133,Travel,On-Time,Gold
1141,40,57446,17,30975,18587,6,423.37,20,0.77,130,0.49,4524,Electronics,Delayed,Platinum
1142,65,29437,16,24194,18016,6,108.07,8,0.44,14,0.84,2054,Home,On-Time,Standard
1143,42,20000,98,16741,3036,5,466.31,12,0.8,172,0.75,1265,Travel,On-Time,Platinum
1144,46,35769,81,16631,12956,2,348.4,20,0.01,1,0.52,3480,Electronics,Delayed,Gold
1145,42,70453,3,20102,11448,7,114.38,12,0.15,9,0.25,1010,Fashion,On-Time,Platinum
1146,45,138964,94,16111,16552,8,169.82,12,0.38,140,0.78,-2371,Travel,On-Time,Standard
1147,28,101925,94,15420,2071,4,489.48,11,0.48,12,0.44,3658,Home,On-Time,Gold
1148,23,87203,8,36430,7154,11,341.85,15,0.55,154,0.92,2667,Food,Delayed,Gold
1149,68,58995,30,12704,10336,7,266.93,14,0.79,81,0.0,-518,Travel,On-Time,Standard
1150,32,51673,4,5000,20532,1,479.33,20,0.9,0,0.57,5000,Electronics,On-Time,Gold
1151,30,131225,99,25234,10417,6,63.69,4,0.32,42,0.62,3566,Electronics,Late,Gold
1152,18,83029,15,28931,3203,9,222.57,2,0.89,125,0.14,3779,Travel,On-Time,Gold
1153,35,20000,41,21233,12247,2,418.21,3,0.27,96,0.51,1380,Home,On-Time,Platinum
1154,25,48058,40,7110,2894,6,479.81,16,0.07,174,0.12,2719,Food,On-Time,Gold
1155,69,40671,79,18912,0,7,402.84,7,0.58,106,0.4,-957,Electronics,On-Time,Gold
1156,60,53149,83,15930,8868,7,336.77,3,0.67,17,0.68,3555,Electronics,Late,Gold
1157,34,97516,29,30697,11944,4,107.87,13,0.3,15,0.68,2909,Fashion,Late,Gold
1158,78,70702,25,13239,11349,5,291.56,10,0.17,42,0.48,2790,Electronics,Delayed,Platinum
1159,59,71925,48,21843,10374,6,308.6,19,0.1,33,0.83,799,Travel,On-Time,Platinum
1160,40,127538,30,24783,22499,6,422.73,8,0.44,43,0.58,3110,Electronics,On-Time,Gold
1161,18,47141,49,13139,20859,7,351.08,0,0.41,128,0.6,2578,Fashion,Late,Gold
1162,79,149567,14,15240,4230,6,430.46,10,0.29,60,0.18,341,Travel,On-Time,Standard
1163,24,48147,51,23466,16603,9,311.31,3,0.22,178,0.47,-1558,Travel,On-Time,Platinum
1164,20,78567,37,5000,25833,2,110.98,19,0.04,58,0.05,2531,Electronics,Late,Gold
1165,60,63751,37,30895,22307,9,387.17,8,0.69,165,0.26,6617,Food,On-Time,Platinum
1166,80,79936,59,11908,17055,5,336.28,15,0.39,7,0.21,5715,Home,On-Time,Standard
1167,65,92783,19,20353,9062,5,206.68,18,0.22,91,0.37,4341,Fashion,On-Time,Standard
1168,53,92353,98,9178,868,3,418.81,1,0.52,175,0.47,2411,Fashion,Late,Standard
1169,53,44875,86,30546,3270,5,447.45,7,0.88,120,0.23,1660,Home,On-Time,Gold
1170,57,30083,43,20004,13698,5,380.25,20,0.23,18,0.06,2377,Fashion,On-Time,Gold
1171,56,175126,88,21711,12061,6,267.81,10,0.61,101,0.35,819,Travel,On-Time,Gold
1172,49,55640,62,24475,10480,6,189.19,12,0.92,146,0.1,184,Food,Delayed,Standard
1173,46,102968,49,28718,16370,1,152.86,19,0.38,14,0.14,5848,Fashion,On-Time,Platinum
1174,44,20000,21,11050,18189,5,423.77,14,0.95,86,0.81,2822,Electronics,On-Time,Standard
1175,33,63815,71,17844,18179,1,342.85,15,0.01,30,0.42,1493,Electronics,On-Time,Platinum
1176,40,69912,53,30100,15154,6,338.33,4,0.12,98,0.35,3809,Electronics,On-Time,Gold
1177,19,93912,8,16487,13621,4,140.2,15,0.53,98,0.06,550,Home,On-Time,Gold
1178,43,20000,14,30935,6314,5,300.03,3,0.5,114,0.4,2082,Home,On-Time,Gold
1179,30,81645,47,21648,10597,3,494.38,5,0.98,59,0.56,3404,Travel,Delayed,Platinum
1180,28,29010,19,16608,12517,2,251.01,7,0.14,169,0.33,763,Electronics,Delayed,Standard
1181,47,87973,34,25546,9626,5,298.26,3,0.99,178,0.56,845,Food,On-Time,Gold
1182,65,33546,100,18770,0,4,444.19,8,0.85,81,1.0,845,Electronics,On-Time,Standard
1183,58,40780,66,26801,12244,8,443.19,4,0.22,30,0.41,5781,Food,On-Time,Gold
1184,21,64054,59,16167,9596,1,79.72,19,0.37,173,0.56,5704,Fashion,On-Time,Standard
1185,30,32906,97,26853,9033,9,456.28,17,0.12,110,0.18,6351,Food,Late,Gold
1186,59,55978,33,23500,14015,7,345.24,15,0.91,74,0.69,606,Travel,Delayed,Standard
1187,30,27264,99,17291,13871,6,204.1,3,0.39,152,0.01,3296,Fashion,On-Time,Platinum
1188,41,20000,98,5415,18356,3,395.08,6,0.04,81,0.18,2291,Electronics,On-Time,Standard
1189,53,115718,72,23827,14139,2,269.74,13,0.58,15,0.37,2413,Home,On-Time,Gold
1190,30,23158,93,28600,7312,6,296.66,7,0.26,59,0.75,1750,Food,On-Time,Gold
1191,46,67852,53,21537,19263,3,336.99,8,0.38,113,0.73,4374,Fashion,On-Time,Platinum
1192,24,105115,89,5000,20526,3,412.9,3,0.47,70,0.88,4331,Home,On-Time,Standard
1193,35,50402,11,29117,9852,4,262.27,9,0.08,142,0.97,2471,Electronics,On-Time,Gold
1194,49,41993,87,23184,18744,6,166.78,2,0.49,80,0.19,3724,Electronics,On-Time,Standard
1195,21,84049,18,24942,11143,2,325.57,10,0.29,120,0.95,6743,Travel,On-Time,Standard
1196,51,119717,79,19363,18047,4,487.21,14,0.71,119,0.24,2160,Electronics,On-Time,Gold
1197,44,28227,25,5000,19264,5,93.85,14,0.26,74,0.62,511,Home,On-Time,Standard
1198,53,68994,22,24644,5569,2,52.99,17,0.94,121,0.16,2139,Food,On-Time,Gold
1199,48,20000,32,18244,19799,7,224.72,1,0.74,92,0.02,347,Electronics,On-Time,Standard
1200,65,59271,56,14152,10316,5,294.82,8,0.12,159,0.32,2074,Electronics,Delayed,Standard
1201,46,76368,29,33944,12728,6,279.94,13,0.14,111,0.22,2168,Travel,On-Time,Standard
1202,38,40815,22,24709,17783,6,191.79,5,0.36,17,0.34,3575,Fashion,On-Time,Standard
1203,46,56720,73,21751,8198,7,470.01,19,0.03,105,0.28,3142,Travel,Delayed,Gold
1204,53,20000,35,13097,16944,4,159.76,4,0.05,77,0.12,1649,Food,On-Time,Gold
1205,45,78083,94,12096,11168,3,105.08,4,0.72,91,0.21,1890,Travel,Delayed,Standard
1206,45,117227,85,24015,6820,2,150.68,4,0.33,47,0.09,6240,Home,Delayed,Standard
1207,34,31114,42,5000,14503,2,93.75,0,0.2,60,0.53,5960,Fashion,On-Time,Gold
1208,35,50093,65,24406,18768,3,430.64,14,0.37,50,0.83,3468,Home,Delayed,Standard
1209,23,95101,52,24899,10738,5,230.7,9,0.98,124,0.57,4055,Fashion,On-Time,Gold
1210,71,123483,86,31000,2904,3,423.79,3,0.9,174,0.32,3986,Travel,Late,Gold
1211,26,20000,98,27855,7744,10,337.08,1,0.25,56,0.85,3223,Travel,On-Time,Standard
1212,34,68248,59,29120,5052,3,263.55,13,0.08,76,0.15,4783,Electronics,On-Time,Standard
1213,34,86325,36,15220,25925,4,96.05,5,0.33,29,0.83,3022,Electronics,On-Time,Platinum
1214,58,70917,60,8274,3881,7,66.71,13,0.01,47,0.62,3481,Fashion,Delayed,Gold
1215,40,20000,95,21404,0,8,300.81,10,0.22,164,0.2,-654,Travel,On-Time,Platinum
1216,63,95043,52,23548,7305,3,140.02,0,0.62,82,0.21,4717,Travel,On-Time,Gold
1217,34,135773,11,28090,11304,6,249.37,17,0.09,81,0.06,-21,Food,On-Time,Gold
1218,49,79666,34,31893,10230,4,475.89,2,0.17,5,0.89,2505,Food,On-Time,Standard
1219,32,33755,66,10685,11258,6,110.16,12,0.43,153,0.75,2622,Food,On-Time,Gold
1220,77,54474,97,26855,1041,8,367.95,10,0.72,156,0.93,4882,Food,Late,Standard
1221,27,145796,37,5000,10431,2,145.44,4,0.53,19,0.23,5053,Travel,Late,Gold
1222,49,111398,23,22201,3066,4,158.41,4,0.73,36,0.05,5484,Electronics,On-Time,Standard
1223,54,100601,80,25599,16336,1,337.39,5,0.09,11,0.49,4737,Food,Delayed,Platinum
1224,51,89256,39,7787,1997,10,108.89,11,0.16,113,0.32,3106,Travel,On-Time,Platinum
1225,42,48554,64,24991,9395,3,224.45,4,0.89,103,0.41,4374,Fashion,On-Time,Platinum
1226,43,66977,56,11480,4438,8,221.09,0,0.96,17,0.46,6478,Home,On-Time,Standard
1227,45,71883,71,16848,16667,8,254.89,8,0.82,72,0.79,5003,Food,Delayed,Gold
1228,42,96982,78,26877,6708,7,193.33,3,0.72,29,0.72,-1003,Travel,On-Time,Platinum
1229,59,135356,44,17458,2648,6,173.02,9,0.05,139,0.78,4103,Fashion,Delayed,Gold
1230,78,119733,88,17335,17381,6,401.88,20,1.0,38,0.23,4404,Fashion,Delayed,Gold
1231,36,20000,71,22555,0,3,85.89,12,0.21,112,0.04,4527,Travel,On-Time,Gold
1232,24,83959,95,26385,14845,3,432.42,14,0.41,101,0.88,3030,Food,On-Time,Standard
1233,43,104470,12,19991,12358,7,427.27,6,0.63,7,0.37,3968,Fashion,On-Time,Gold
1234,80,99754,78,32652,27657,2,469.68,3,0.54,48,0.33,4005,Fashion,On-Time,Standard
1235,32,49830,5,17315,14554,4,157.88,18,0.99,176,0.74,3530,Electronics,On-Time,Platinum
1236,69,191564,96,29861,13504,8,462.37,10,0.59,5,0.12,3050,Home,On-Time,Standard
1237,70,23916,70,24237,4038,2,252.69,14,0.22,74,0.37,7774,Fashion,On-Time,Standard
1238,36,31672,96,25376,8464,3,357.69,8,0.56,94,0.46,5815,Electronics,On-Time,Gold
1239,53,84343,46,10714,11835,5,433.3,2,0.33,9,0.99,2929,Home,On-Time,Platinum
1240,69,159672,92,29730,19954,1,78.18,7,0.67,100,0.77,2938,Fashion,On-Time,Standard
1241,39,41552,100,20960,4616,4,65.62,5,0.04,111,0.86,5291,Fashion,On-Time,Standard
1242,41,64366,43,38498,0,4,140.81,10,0.28,21,0.82,1934,Travel,On-Time,Standard
1243,36,118091,31,22057,10506,3,302.33,13,0.55,160,0.29,5613,Travel,On-Time,Platinum
1244,29,74285,2,19838,0,4,400.15,20,0.78,62,0.17,2933,Home,On-Time,Gold
1245,35,61615,53,15887,15666,4,398.96,0,0.83,136,0.94,1245,Fashion,On-Time,Gold
1246,26,97625,83,20038,20614,6,451.88,3,0.91,35,0.06,1684,Travel,On-Time,Platinum
1247,45,85900,77,31290,17215,5,300.36,11,0.38,22,0.57,4991,Fashion,On-Time,Standard
1248,33,116217,91,26262,6475,7,302.1,17,0.59,46,0.34,2095,Food,On-Time,Standard
1249,48,126658,37,22358,21342,1,85.28,11,0.59,158,0.72,5094,Travel,On-Time,Standard
1250,21,87280,3,26846,4624,3,394.37,7,0.9,66,0.25,5109,Home,Late,Standard
1251,49,86669,78,16460,3121,11,266.26,11,0.85,10,0.76,394,Food,Late,Standard
1252,57,83564,16,15847,20007,7,143.92,10,0.42,93,0.44,4670,Home,On-Time,Standard
1253,18,94565,36,14983,7511,4,106.29,20,0.6,172,0.51,2740,Electronics,On-Time,Standard
1254,50,77206,87,27904,11113,4,450.13,16,0.92,88,0.77,5094,Food,On-Time,Platinum
1255,63,74975,35,28704,17102,5,309.38,0,1.0,60,0.63,2205,Electronics,On-Time,Standard
1256,26,122865,57,13609,2303,4,328.19,0,0.74,61,0.71,2513,Food,On-Time,Gold
1257,70,135644,40,14597,6259,7,158.34,20,0.07,99,0.6,2928,Travel,On-Time,Gold
1258,51,20000,7,18913,5886,3,297.64,5,0.89,172,0.9,3358,Home,Delayed,Gold
1259,34,75400,66,11815,8368,1,121.56,18,0.48,166,0.25,3826,Travel,On-Time,Platinum
1260,44,47452,29,21883,5026,5,238.49,2,0.35,129,0.28,3388,Electronics,On-Time,Platinum
1261,53,62561,85,31487,12603,4,160.74,8,0.29,75,0.81,2819,Fashion,Late,Standard
1262,46,91100,51,22943,12514,4,124.95,5,0.8,131,0.06,3262,Home,Delayed,Standard
1263,53,101777,96,28217,10008,5,409.76,14,0.9,20,0.31,4537,Fashion,On-Time,Standard
1264,31,70514,24,9434,11601,6,347.76,11,0.69,37,0.92,2321,Electronics,On-Time,Platinum
1265,47,20000,51,15973,5417,6,409.81,16,0.06,4,0.34,5604,Travel,Delayed,Gold
1266,23,36398,58,5000,10148,5,426.16,0,0.99,129,0.93,2967,Home,On-Time,Gold
1267,43,110859,29,19501,0,5,225.39,9,0.56,162,0.84,2981,Fashion,On-Time,Platinum
1268,31,20000,100,37456,16930,4,390.29,12,0.83,123,0.83,2559,Electronics,On-Time,Standard
1269,33,122497,66,34165,6073,5,380.27,8,0.72,34,0.11,7478,Home,On-Time,Standard
1270,63,95849,3,23091,6373,6,161.0,0,0.34,89,0.03,4034,Fashion,On-Time,Standard
1271,61,127647,92,20646,3457,7,360.11,9,0.92,13,0.86,2540,Electronics,On-Time,Platinum
1272,54,67057,56,23843,10980,3,467.66,1,0.3,53,0.71,2907,Home,On-Time,Standard
1273,28,20000,62,10570,6263,8,358.61,3,0.98,40,0.38,8832,Travel,On-Time,Gold
1274,40,92214,31,21951,14407,1,197.31,8,0.98,86,0.34,3546,Electronics,Late,Standard
1275,63,125986,86,5000,2650,9,365.88,4,0.04,96,0.07,4474,Electronics,On-Time,Gold
1276,47,111988,82,5000,10967,5,311.56,15,0.13,24,0.54,2490,Home,On-Time,Gold
1277,79,48492,78,17228,12979,4,412.57,6,0.23,81,0.52,2972,Travel,On-Time,Gold
1278,50,78470,50,38990,15578,4,172.29,18,0.37,148,0.63,2987,Home,On-Time,Gold
1279,47,53686,62,33330,14667,2,123.01,17,0.65,113,0.76,1939,Food,On-Time,Standard
1280,40,42229,79,29159,3651,6,244.63,6,0.37,88,0.34,4171,Food,On-Time,Gold
1281,47,113215,86,20138,10475,4,331.84,8,0.94,49,0.5,3695,Food,Late,Standard
1282,42,27098,100,32474,9270,6,93.56,3,0.48,63,0.4,4084,Food,On-Time,Standard
1283,55,39247,0,15902,2666,5,168.45,8,0.56,116,0.04,3377,Home,On-Time,Standard
1284,59,30838,18,10530,9813,6,125.16,9,0.63,139,0.23,4027,Fashion,Late,Standard
1285,33,20000,100,15436,241,1,396.61,5,0.43,30,0.85,2820,Fashion,On-Time,Standard
1286,25,80856,34,7147,11646,6,367.01,19,0.63,75,0.52,2552,Travel,On-Time,Standard
1287,18,121460,62,38130,18441,6,331.44,3,0.09,158,0.62,2977,Home,On-Time,Standard
1288,52,67604,93,24344,16991,7,258.38,4,0.5,130,0.67,7976,Travel,On-Time,Standard
1289,28,20000,80,13034,12739,6,251.36,8,0.33,33,0.89,5004,Electronics,On-Time,Gold
1290,18,108597,25,19366,11809,7,282.83,7,0.2,46,0.44,739,Home,Late,Gold
1291,50,142428,12,19117,9196,5,418.34,0,0.04,148,0.91,3319,Electronics,On-Time,Standard
1292,80,49150,85,31478,25123,4,318.28,2,0.78,20,0.99,3915,Travel,On-Time,Standard
1293,44,55857,22,37905,8502,5,385.91,14,0.12,0,0.73,3238,Fashion,On-Time,Standard
1294,57,95626,96,28681,783,5,167.54,2,0.17,28,0.78,2527,Home,Delayed,Standard
1295,46,139874,90,25938,15340,3,265.0,18,0.17,29,0.96,-243,Electronics,On-Time,Gold
1296,43,54206,34,22555,13227,7,333.68,18,0.98,179,0.54,2292,Electronics,On-Time,Gold
1297,58,21702,11,20926,2271,3,191.82,11,0.25,109,0.51,5624,Food,On-Time,Standard
1298,40,100256,8,20736,7221,5,283.76,2,0.19,101,0.01,4958,Travel,On-Time,Gold
1299,49,106962,97,20911,11183,1,428.05,15,0.97,1,0.25,5876,Travel,Late,Gold
1300,49,75245,77,18417,6047,4,84.81,17,0.63,67,0.56,3117,Home,On-Time,Standard
1301,34,52674,100,16411,16422,9,414.04,14,0.68,57,0.97,1529,Fashion,On-Time,Gold
1302,59,114775,66,11519,4554,6,321.42,18,0.81,129,0.39,641,Fashion,Late,Gold
1303,42,96121,43,18121,8240,4,235.07,4,0.55,160,0.9,2278,Electronics,On-Time,Platinum
1304,33,44262,60,9509,7051,11,302.56,3,0.54,110,0.19,7347,Travel,On-Time,Standard
1305,53,76963,20,15493,13154,10,322.67,12,1.0,66,0.49,4453,Travel,On-Time,Standard
1306,31,20931,6,19119,14428,2,401.33,0,0.69,166,0.33,4692,Home,On-Time,Standard
1307,45,102435,96,22080,13143,2,410.96,0,0.71,147,0.7,2648,Food,On-Time,Standard
1308,44,64510,98,21941,0,2,383.01,6,0.09,167,0.83,3286,Electronics,On-Time,Standard
1309,61,57571,10,23955,11142,2,57.7,17,0.11,40,0.0,5219,Food,On-Time,Standard
1310,52,73685,44,23271,13340,2,300.7,10,0.51,117,0.04,1629,Travel,On-Time,Gold
1311,44,76612,31,34348,14145,6,244.13,18,0.73,147,0.57,1803,Electronics,On-Time,Standard
1312,57,110797,85,33262,8757,2,309.33,1,0.75,77,0.53,5314,Electronics,On-Time,Gold
1313,65,98643,82,16923,10165,8,322.46,20,0.78,141,0.58,1492,Electronics,Delayed,Gold
1314,53,68743,35,27351,6019,10,327.25,11,0.71,60,0.09,3033,Electronics,On-Time,Standard
1315,45,105546,36,18596,18945,5,207.49,15,0.12,42,0.36,4679,Travel,Delayed,Standard
1316,25,91029,74,6627,609,5,251.13,1,0.83,121,0.01,1936,Fashion,On-Time,Standard
1317,29,57936,40,25319,13161,5,57.19,16,0.77,63,0.94,3660,Food,On-Time,Standard
1318,40,70011,76,15778,3033,5,470.95,10,0.37,137,0.31,1678,Electronics,Delayed,Gold
1319,35,69071,91,14567,6643,6,494.59,10,0.41,2,0.11,262,Fashion,Delayed,Platinum
1320,42,95210,48,15333,9724,7,230.43,6,0.55,141,0.68,122,Electronics,On-Time,Standard
1321,45,60319,14,13963,0,5,238.83,7,0.99,123,0.14,3704,Food,Delayed,Standard
1322,52,59383,12,34659,247,4,256.79,0,0.74,119,0.04,2951,Electronics,On-Time,Gold
1323,43,153750,52,10358,0,5,182.05,6,0.84,160,0.3,2772,Food,On-Time,Standard
1324,52,112589,32,18770,12982,5,245.98,12,0.21,32,0.92,5514,Travel,Delayed,Gold
1325,45,44575,71,6492,17164,5,211.39,20,0.51,179,0.68,6235,Home,On-Time,Gold
1326,18,97837,31,14146,0,1,58.8,1,0.56,143,0.01,5437,Home,On-Time,Standard
1327,30,79734,100,9490,8754,7,106.99,4,0.04,83,0.94,3460,Electronics,On-Time,Standard
1328,42,90662,47,24132,11921,9,85.4,7,0.11,43,0.89,5009,Home,On-Time,Platinum
1329,26,80493,67,7810,11892,5,157.46,16,0.21,93,0.18,3419,Travel,On-Time,Standard
1330,53,122585,56,31447,24060,8,94.9,14,0.88,59,0.51,3936,Fashion,On-Time,Standard
1331,67,88824,61,9485,11075,2,153.59,2,0.78,153,0.93,3198,Electronics,On-Time,Gold
1332,63,72516,81,11688,3503,1,51.82,1,0.49,166,0.66,384,Travel,On-Time,Gold
1333,41,116687,86,25395,15241,2,494.95,3,0.78,51,0.01,4705,Electronics,Delayed,Platinum
1334,67,84331,92,35027,21138,5,99.16,10,0.52,166,0.16,312,Fashion,Late,Gold
1335,47,79859,1,16506,888,4,428.04,4,0.92,101,0.01,4717,Travel,On-Time,Standard
1336,39,87560,76,24754,13738,5,95.93,19,0.29,27,0.73,2349,Home,On-Time,Standard
1337,35,71255,15,11643,10199,3,190.1,17,0.12,168,0.7,-1766,Travel,On-Time,Gold
1338,40,75369,7,15913,3329,6,473.7,2,0.05,39,0.35,2890,Home,Late,Platinum
1339,39,51532,18,19130,5530,4,189.86,14,0.44,3,0.18,5750,Travel,On-Time,Platinum
1340,47,44953,31,13378,21141,6,344.59,4,0.31,142,1.0,5094,Home,On-Time,Gold
1341,47,35057,66,29123,15408,2,193.23,2,0.97,148,0.56,3127,Food,Late,Standard
1342,45,20000,31,26416,12976,6,474.3,14,0.88,78,0.47,2114,Electronics,On-Time,Standard
1343,51,39811,84,15747,0,4,54.71,1,0.43,50,0.8,3239,Fashion,Delayed,Platinum
1344,62,68029,24,5000,14719,8,163.01,8,0.02,59,0.59,3498,Home,On-Time,Gold
1345,59,79124,52,14192,17814,3,235.93,6,0.09,75,0.16,1463,Home,Delayed,Standard
1346,22,64148,80,30072,438,6,421.01,15,0.22,66,0.23,2949,Food,Late,Gold
1347,18,20000,24,19001,10152,9,307.86,7,0.39,10,0.83,3110,Home,On-Time,Standard
1348,59,137983,32,28188,17057,6,452.66,20,0.8,33,0.49,4221,Fashion,Late,Gold
1349,24,118459,30,33213,16113,3,447.68,11,0.85,44,0.18,4543,Travel,Delayed,Standard
1350,41,92830,35,24854,14479,4,479.89,18,1.0,148,0.96,2733,Food,On-Time,Gold
1351,27,151299,86,29041,10310,8,132.22,7,0.53,130,0.8,3734,Travel,On-Time,Standard
1352,18,35905,88,15446,17599,5,240.04,12,0.95,41,0.82,964,Electronics,On-Time,Standard
1353,53,150505,48,29305,11128,5,242.35,16,0.65,86,0.9,-641,Food,On-Time,Gold
1354,56,36391,43,18307,13867,5,105.37,3,0.48,49,0.33,4484,Home,On-Time,Gold
1355,36,84549,47,13866,12403,7,475.3,17,0.14,139,0.22,849,Travel,On-Time,Gold
1356,18,24046,29,36916,2557,0,213.23,17,0.92,32,0.19,1250,Travel,Late,Standard
1357,36,75587,12,19839,3548,3,337.67,0,0.89,131,0.7,4487,Electronics,On-Time,Gold
1358,50,90446,42,14299,0,1,321.88,15,0.88,112,0.24,-2796,Fashion,Delayed,Standard
1359,22,68812,92,23400,7323,3,156.63,19,0.96,159,0.54,4029,Travel,On-Time,Standard
1360,47,103555,15,11313,15682,8,307.51,14,0.82,0,0.89,556,Fashion,On-Time,Gold
1361,44,78960,90,9954,12372,4,165.35,3,0.01,101,0.03,3136,Travel,On-Time,Standard
1362,53,54103,25,18321,9772,2,178.63,1,0.72,170,0.12,2539,Electronics,On-Time,Platinum
1363,46,52327,74,8479,19512,10,297.72,12,0.42,4,0.42,1844,Travel,On-Time,Gold
1364,30,107436,46,16204,7876,4,255.57,1,0.94,162,0.93,4082,Fashion,On-Time,Standard
1365,62,48850,36,9505,13912,7,240.48,8,0.78,147,0.47,1913,Food,Delayed,Standard
1366,42,111616,2,27842,7613,4,227.0,12,0.8,157,0.5,-1087,Home,On-Time,Gold
1367,44,123908,25,33476,0,6,389.61,15,0.11,128,0.05,3441,Travel,On-Time,Standard
1368,31,20000,97,8882,4732,2,176.41,15,0.46,111,0.57,261,Food,On-Time,Platinum
1369,38,120317,96,37052,4545,6,190.7,5,0.46,178,1.0,8201,Electronics,Delayed,Standard
1370,31,157416,14,26083,49,2,310.7,19,0.49,61,0.65,2680,Electronics,On-Time,Gold
1371,42,85080,65,21944,8935,5,483.94,5,0.8,99,0.96,2176,Fashion,On-Time,Gold
1372,70,98963,27,7817,4805,5,180.99,9,0.22,49,0.93,6155,Travel,Delayed,Gold
1373,24,116480,83,6868,20482,7,237.22,8,0.18,57,0.83,3203,Home,On-Time,Standard
1374,20,63980,37,19711,8360,5,107.75,7,0.86,142,0.21,-1379,Fashion,On-Time,Gold
1375,67,82291,43,18618,4140,5,338.37,19,0.83,65,0.47,3000,Travel,Delayed,Gold
1376,41,22432,52,17641,2384,3,163.05,14,0.67,8,0.59,4539,Electronics,On-Time,Gold
1377,34,80545,79,20389,2148,6,286.71,16,0.06,167,0.68,1569,Fashion,On-Time,Standard
1378,60,94924,3,14284,16143,6,239.03,15,0.72,31,0.56,4784,Food,On-Time,Gold
1379,35,95646,71,18208,16755,1,399.15,5,0.11,4,0.58,2305,Travel,On-Time,Gold
1380,72,117616,43,19964,0,8,424.8,18,0.4,162,0.24,1778,Travel,On-Time,Standard
1381,55,44007,45,40568,25141,1,381.84,17,0.84,46,0.18,-199,Travel,Delayed,Platinum
1382,37,53695,83,5000,10538,5,252.66,0,0.03,135,0.21,2971,Fashion,Delayed,Platinum
1383,77,150820,25,23002,17155,6,236.74,1,0.63,123,0.29,6438,Fashion,On-Time,Platinum
1384,35,68986,95,20675,4382,4,235.56,2,0.55,66,0.22,880,Travel,Delayed,Standard
1385,56,83001,12,20163,3110,3,275.74,17,0.38,96,0.35,4865,Travel,On-Time,Gold
1386,49,72319,68,22931,8261,7,328.52,12,0.21,18,0.63,4564,Electronics,Delayed,Gold
1387,64,42132,43,35863,12626,7,195.86,2,0.17,175,0.72,5149,Home,On-Time,Platinum
1388,68,139941,52,22762,11532,4,379.42,18,0.84,93,0.48,5513,Electronics,Delayed,Gold
1389,45,53891,50,8042,18185,2,457.84,12,0.11,170,0.19,-1944,Home,On-Time,Gold
1390,33,29908,12,22874,0,7,80.45,16,0.97,78,0.64,5509,Electronics,Delayed,Standard
1391,51,56970,40,18721,16349,4,59.74,10,0.2,131,0.89,3029,Fashion,On-Time,Standard
1392,34,20000,10,15068,13597,2,354.0,9,0.72,66,0.73,3087,Home,On-Time,Gold
1393,75,48948,36,21496,12184,6,340.65,4,0.56,92,0.09,-86,Electronics,Delayed,Standard
1394,47,36274,59,19056,570,4,256.27,3,0.37,21,0.15,4645,Home,On-Time,Standard
1395,39,99697,31,18183,4410,8,422.71,17,0.91,106,0.57,179,Home,Delayed,Platinum
1396,47,48063,44,19183,14465,2,387.24,1,0.03,6,0.68,1616,Travel,On-Time,Platinum
1397,24,110512,17,10600,0,7,485.0,2,0.77,105,0.28,-1599,Electronics,On-Time,Platinum
1398,30,130939,92,25734,0,3,426.13,6,0.74,11,0.2,2756,Travel,Delayed,Gold
1399,63,106247,78,18898,13216,8,86.84,7,0.84,63,0.39,3014,Fashion,On-Time,Standard
1400,35,66384,19,22116,13936,4,237.21,16,0.89,130,0.19,5117,Electronics,Late,Standard
1401,29,80644,43,13075,4784,4,210.42,0,0.46,12,0.51,2427,Travel,On-Time,Standard
1402,53,20000,35,11044,4763,7,425.76,10,0.68,95,0.07,2285,Electronics,On-Time,Gold
1403,62,69648,68,17026,16659,8,156.04,13,0.58,8,0.79,2973,Home,On-Time,Standard
1404,55,40582,36,19768,16207,12,99.49,20,0.59,157,0.75,2701,Food,On-Time,Platinum
1405,59,102773,32,16712,7621,1,85.13,19,0.02,61,0.19,1260,Home,On-Time,Standard
1406,33,177910,81,20686,1402,2,302.89,8,0.96,170,0.72,1097,Home,On-Time,Gold
1407,23,94992,18,5000,20325,6,187.67,1,0.16,69,0.4,8657,Fashion,On-Time,Platinum
1408,67,20000,50,36029,991,6,135.2,18,0.41,11,0.48,3037,Fashion,Delayed,Gold
1409,40,60550,31,13870,14731,9,459.27,1,0.7,86,0.38,3371,Fashion,On-Time,Standard
1410,41,79899,21,10730,18402,3,56.76,15,0.21,56,0.91,1974,Travel,Delayed,Gold
1411,64,78494,0,29147,9952,5,248.54,14,0.12,174,0.66,1842,Home,On-Time,Gold
1412,53,45767,53,10697,5879,3,268.51,11,0.9,143,0.31,2755,Food,On-Time,Gold
1413,51,84811,88,21615,0,2,292.55,3,0.58,84,0.77,5619,Travel,On-Time,Standard
1414,77,25299,19,10696,10436,5,392.35,6,0.13,57,0.36,485,Electronics,Late,Platinum
1415,35,37203,57,17568,0,9,52.87,10,0.87,141,0.07,3387,Electronics,On-Time,Standard
1416,58,100831,34,17668,12147,6,156.51,15,0.19,133,0.34,7964,Food,On-Time,Standard
1417,45,34373,69,13997,0,5,401.65,18,0.66,83,0.03,4677,Fashion,On-Time,Gold
1418,49,96528,69,27000,0,5,202.67,3,0.86,153,0.12,3706,Food,On-Time,Gold
1419,67,20221,60,31336,10920,3,309.15,16,0.62,7,0.05,3054,Travel,On-Time,Standard
1420,52,145593,62,13877,15877,0,177.08,9,0.01,69,0.39,4099,Food,On-Time,Gold
1421,53,44029,100,21045,8009,3,87.74,14,0.65,133,0.98,5046,Travel,On-Time,Standard
1422,61,66053,60,9439,17354,4,163.43,7,0.57,104,0.87,5112,Fashion,On-Time,Standard
1423,39,88224,56,20846,6073,11,420.93,16,0.53,154,0.84,4847,Electronics,On-Time,Platinum
1424,32,52386,2,26568,25243,5,203.25,10,0.31,80,0.0,4878,Electronics,Delayed,Standard
1425,29,80736,100,20901,684,9,297.03,18,0.63,179,0.28,2470,Fashion,On-Time,Platinum
1426,18,98014,94,15467,5009,4,55.88,7,0.02,116,0.21,2677,Fashion,On-Time,Standard
1427,75,113424,98,17951,19458,9,284.93,6,0.52,28,0.8,1257,Electronics,On-Time,Standard
1428,28,106659,44,16146,8191,7,376.06,6,0.33,176,0.04,2909,Food,On-Time,Gold
1429,41,68127,14,18313,16647,6,311.85,12,0.05,148,0.75,138,Electronics,On-Time,Standard
1430,40,69134,16,14777,745,2,60.22,2,0.26,100,0.6,2069,Food,On-Time,Platinum
1431,49,168964,14,21384,3332,6,59.52,11,0.84,83,0.18,-398,Home,On-Time,Gold
1432,57,112995,4,10401,14185,5,449.21,0,0.26,62,0.65,-939,Fashion,Delayed,Standard
1433,57,38127,85,5000,0,2,146.51,14,0.47,128,0.28,-754,Home,On-Time,Gold
1434,36,78999,45,28523,1507,3,357.33,11,0.57,8,0.15,-286,Travel,On-Time,Gold
1435,42,61594,10,19533,9221,6,64.15,12,0.29,158,0.35,5197,Travel,On-Time,Standard
1436,49,69586,63,20946,19224,6,187.18,4,0.54,108,0.92,1944,Travel,On-Time,Standard
1437,41,25820,91,14006,12570,5,196.22,5,0.96,134,0.62,1845,Food,On-Time,Platinum
1438,69,58523,13,16556,8542,7,433.52,18,0.18,121,0.56,-206,Travel,On-Time,Standard
1439,52,147462,38,11472,11152,10,412.02,11,0.89,80,0.73,1114,Electronics,Delayed,Standard
1440,56,98163,66,29418,0,4,424.39,1,0.56,30,0.42,4004,Food,On-Time,Platinum
1441,54,20000,54,15985,5941,1,473.8,2,0.78,136,0.58,4157,Fashion,Delayed,Standard
1442,62,123668,41,7642,13086,3,217.45,0,0.6,177,0.25,4493,Travel,On-Time,Gold
1443,47,118585,74,25405,11659,4,148.03,3,0.31,132,0.48,3091,Food,On-Time,Gold
1444,25,60628,93,29080,14281,4,381.67,14,0.57,38,0.77,3501,Travel,On-Time,Gold
1445,50,103690,4,18539,14910,4,87.46,3,0.43,160,0.73,2756,Travel,On-Time,Standard
1446,35,40624,51,32077,11585,7,489.9,4,0.59,158,0.8,3985,Food,On-Time,Standard
1447,37,56189,21,22355,0,4,385.29,0,0.57,130,0.59,4384,Food,On-Time,Standard
1448,53,134941,76,18998,12355,2,178.29,14,0.68,130,0.84,1635,Food,On-Time,Gold
1449,63,64130,43,19264,6593,9,405.97,2,0.73,0,0.11,230,Electronics,On-Time,Standard
1450,45,20000,84,23993,7293,14,460.17,15,0.55,140,0.92,5369,Fashion,On-Time,Standard
1451,49,72467,58,28621,7395,6,118.55,9,0.81,72,0.13,5651,Home,On-Time,Standard
1452,70,71856,100,24162,12042,9,347.32,19,0.69,132,0.65,855,Fashion,On-Time,Gold
1453,48,122934,24,22085,0,4,114.43,19,0.25,6,0.62,2014,Electronics,On-Time,Standard
1454,80,75573,20,20568,0,7,305.76,16,0.94,46,0.73,5839,Electronics,Delayed,Gold
1455,53,58136,91,25610,1333,10,132.12,20,0.07,6,0.29,2447,Electronics,On-Time,Platinum
1456,18,116802,63,14901,16436,5,279.67,18,0.63,58,0.66,906,Fashion,On-Time,Standard
1457,56,79831,67,7931,6939,3,274.39,18,0.61,113,0.05,5095,Electronics,On-Time,Standard
1458,50,44999,92,21483,13538,7,184.35,11,0.44,0,0.35,1505,Electronics,On-Time,Gold
1459,64,121199,46,11904,13359,3,74.39,0,0.48,65,0.68,483,Electronics,Late,Standard
1460,55,82746,34,8057,12777,2,404.72,9,0.78,157,0.45,1206,Food,Delayed,Standard
1461,42,75117,86,32950,13686,4,263.88,14,0.72,167,1.0,4004,Fashion,On-Time,Gold
1462,26,82116,6,5000,6344,5,355.49,7,0.41,152,0.48,-397,Fashion,On-Time,Gold
1463,41,32173,55,24994,14681,5,442.95,0,0.21,164,0.67,2252,Travel,Delayed,Gold
1464,32,53893,51,11400,12672,3,164.98,19,0.06,132,0.8,768,Home,Late,Gold
1465,36,75143,45,13579,0,11,310.39,13,0.72,4,0.88,6320,Electronics,On-Time,Standard
1466,53,67213,8,23456,10415,2,418.88,5,0.7,166,0.58,1295,Home,On-Time,Gold
1467,70,125897,57,38621,8954,8,469.81,19,0.28,86,0.76,2834,Travel,Delayed,Standard
1468,50,83696,22,25608,13240,5,80.82,18,0.95,58,0.85,2719,Electronics,On-Time,Standard
1469,27,109196,2,11842,10179,4,117.23,18,0.65,39,0.15,1464,Home,On-Time,Standard
1470,51,75375,60,19636,8322,7,104.84,19,0.67,144,0.25,-1305,Travel,On-Time,Standard
1471,62,117251,8,17692,20894,6,98.1,16,0.56,80,0.02,6694,Food,On-Time,Standard
1472,35,90901,52,5000,14254,4,464.74,16,0.65,125,0.64,2500,Food,Late,Platinum
1473,42,75536,67,20461,10284,4,337.99,5,1.0,53,0.58,727,Travel,Delayed,Standard
1474,45,74468,48,14616,2170,6,444.24,13,0.8,172,0.83,7100,Food,On-Time,Standard
1475,33,36822,88,25914,10844,3,243.65,4,0.42,118,0.47,5441,Fashion,Late,Platinum
1476,54,95276,69,17533,4027,9,451.57,3,0.19,154,0.59,1104,Electronics,On-Time,Standard
1477,43,73391,47,32372,0,6,336.39,11,0.75,166,0.83,2351,Travel,Late,Platinum
1478,51,54920,81,22819,7153,7,408.91,3,0.88,45,0.04,1785,Fashion,On-Time,Standard
1479,31,119258,6,21707,7586,2,310.09,18,0.52,65,0.11,2637,Home,On-Time,Standard
1480,38,24991,98,35721,17208,7,184.43,19,0.92,105,0.3,2644,Electronics,On-Time,Standard
1481,55,58100,30,22402,16814,7,304.22,17,0.56,42,0.23,3523,Electronics,Delayed,Gold
1482,39,116108,55,33150,14684,3,377.02,18,0.22,132,0.17,2740,Home,On-Time,Platinum
1483,70,87620,95,10954,9385,5,350.76,13,0.43,138,0.03,2994,Electronics,Late,Gold
1484,39,73085,98,5000,9481,8,259.62,3,0.42,124,0.98,1305,Travel,Late,Gold
1485,48,85040,60,21795,13887,2,59.57,10,0.17,0,0.67,3226,Fashion,Delayed,Standard
1486,58,82176,91,29604,14502,3,310.66,12,0.69,32,0.67,4597,Home,On-Time,Gold
1487,23,20000,4,10826,12495,3,466.53,16,0.84,145,0.73,983,Electronics,Delayed,Gold
1488,18,61029,29,16485,13559,4,466.47,6,0.21,91,0.95,1549,Home,Delayed,Standard
1489,22,139660,21,6590,9524,4,437.22,9,0.77,161,0.47,1279,Electronics,Delayed,Platinum
1490,63,48627,16,19748,8024,4,328.72,4,0.15,150,0.67,2135,Fashion,On-Time,Platinum
1491,36,62267,9,19903,0,7,279.23,9,0.33,119,0.88,4705,Fashion,On-Time,Platinum
1492,80,53335,70,24874,7619,3,60.36,9,0.74,57,0.46,1792,Travel,Delayed,Standard
1493,36,71519,67,15988,4941,6,207.65,3,0.4,96,0.57,1326,Travel,On-Time,Gold
1494,47,51675,41,17878,10682,7,434.14,10,0.01,138,0.21,3682,Travel,On-Time,Gold
1495,68,94469,26,25025,5265,4,121.33,17,0.81,40,0.56,4187,Travel,On-Time,Gold
1496,75,82892,6,21726,10961,4,413.23,5,0.22,161,0.65,-452,Food,Delayed,Standard
1497,75,105941,22,23239,0,4,172.07,20,0.86,54,0.12,1911,Travel,On-Time,Standard
1498,63,32962,74,26820,3253,4,296.26,9,0.25,59,0.54,1713,Travel,On-Time,Standard
1499,60,61386,7,25864,4993,5,181.52,17,0.25,14,0.19,5606,Travel,On-Time,Gold
1500,53,65971,7,36880,2650,6,173.18,6,0.88,18,0.75,3998,Fashion,On-Time,Gold
1501,56,93225,100,23559,31825,6,442.61,0,0.35,27,0.89,3423,Travel,On-Time,Standard
1502,36,43271,4,23584,0,7,361.03,13,0.67,27,0.99,5635,Food,On-Time,Standard
1503,32,111626,70,17566,14727,5,146.91,17,0.36,74,0.03,4340,Fashion,On-Time,Gold
1504,44,122456,85,20502,16972,5,265.02,0,0.54,70,0.55,2280,Food,On-Time,Gold
1505,42,35445,99,9732,6909,0,280.66,9,0.77,116,0.58,3888,Home,On-Time,Gold
1506,38,55365,1,15052,12324,2,378.3,20,0.92,81,0.88,3688,Travel,On-Time,Standard
1507,55,53722,87,29026,14273,6,356.07,9,0.65,116,0.57,3537,Electronics,On-Time,Platinum
1508,59,180295,50,7593,10949,6,353.21,16,0.38,14,0.11,4809,Home,Delayed,Gold
1509,46,57803,65,31169,0,8,221.3,16,0.39,81,0.68,4938,Electronics,On-Time,Gold
1510,67,142105,11,17598,12849,7,154.1,12,0.16,9,0.38,3432,Home,On-Time,Standard
1511,27,24334,46,12729,16797,4,276.21,7,0.57,27,0.01,1472,Home,Delayed,Gold
1512,42,35413,54,17788,24445,4,389.75,2,0.84,139,0.91,1931,Travel,Late,Gold
1513,34,47535,25,24724,350,4,454.09,0,0.13,63,0.49,1432,Fashion,Delayed,Standard
1514,18,41172,44,20704,8793,3,380.1,12,0.26,44,0.77,2663,Electronics,On-Time,Platinum
1515,43,64284,61,35286,9801,7,227.82,8,0.02,143,0.8,-39,Food,On-Time,Standard
1516,43,46648,69,23482,9302,2,480.75,4,0.53,29,0.54,2870,Fashion,On-Time,Standard
1517,67,42226,86,24083,0,1,439.96,4,0.06,162,0.56,1,Food,On-Time,Standard
1518,54,121338,1,24316,17713,5,457.19,7,0.58,66,0.2,1928,Home,Delayed,Gold
1519,29,123951,25,21106,16977,4,177.62,15,0.28,145,0.62,3770,Travel,Delayed,Standard
1520,72,112971,13,18040,12636,7,492.32,7,0.8,10,0.01,5695,Fashion,On-Time,Standard
1521,63,95959,81,20817,7021,4,171.37,17,0.53,163,0.05,1848,Fashion,Delayed,Standard
1522,53,78709,56,21831,8491,7,123.54,3,0.48,41,0.78,5964,Home,Delayed,Gold
1523,41,55118,31,19568,7995,8,145.46,3,0.23,66,0.28,5994,Food,Late,Standard
1524,30,36873,61,30049,264,5,342.09,15,0.93,135,0.38,2990,Food,Delayed,Platinum
1525,39,89519,77,29225,14906,3,230.3,1,0.95,65,0.83,4430,Travel,On-Time,Gold
1526,61,28054,29,10528,10167,5,122.26,12,0.75,64,0.57,3545,Food,On-Time,Gold
1527,73,35243,12,27751,14806,4,386.47,9,0.31,14,0.7,6872,Food,On-Time,Gold
1528,68,121116,39,19847,11811,5,112.92,17,0.79,73,0.38,6177,Fashion,Delayed,Standard
1529,37,151025,30,17560,2962,8,82.62,12,0.72,80,0.99,1864,Fashion,Delayed,Standard
1530,28,90731,36,25675,3523,6,435.8,13,0.21,130,0.43,4180,Electronics,Delayed,Standard
1531,47,119258,44,22278,19196,2,293.78,18,0.08,107,0.84,2152,Home,On-Time,Platinum
1532,18,65166,85,12828,13918,11,337.08,8,0.19,91,0.32,2310,Home,On-Time,Gold
1533,49,21493,58,26455,7338,4,499.49,12,0.87,80,0.77,3946,Food,On-Time,Standard
1534,42,99486,27,19310,13922,6,480.21,9,0.16,97,0.1,1629,Travel,On-Time,Standard
1535,38,97771,60,26322,3900,2,236.78,13,0.79,103,1.0,1153,Travel,Delayed,Standard
1536,21,77866,18,19884,17599,8,272.07,3,0.32,63,0.82,-2051,Home,Delayed,Standard
1537,52,65304,42,26433,497,9,76.95,19,0.72,67,0.25,-153,Electronics,Late,Gold
1538,37,113488,58,27577,11377,2,269.76,10,0.9,18,0.29,2371,Fashion,On-Time,Standard
1539,27,35570,15,29566,9044,8,176.11,10,0.79,14,0.33,3007,Electronics,Late,Platinum
1540,18,44048,68,15116,10091,5,390.61,13,0.54,88,0.4,4083,Electronics,On-Time,Gold
1541,44,34675,43,34620,14558,5,213.06,2,0.0,79,0.34,5792,Food,On-Time,Platinum
1542,71,78398,65,18865,17007,4,56.15,14,0.14,29,0.17,1713,Fashion,On-Time,Platinum
1543,69,31484,9,10422,7114,3,370.09,2,0.78,162,0.9,1124,Travel,Delayed,Standard
1544,38,47630,46,21460,0,4,142.34,0,0.1,46,0.32,2829,Fashion,Late,Gold
1545,35,46769,18,18565,0,3,173.69,10,0.97,86,0.37,4524,Travel,On-Time,Gold
1546,52,64575,83,15332,7325,7,85.16,20,0.97,77,0.35,4981,Home,On-Time,Platinum
1547,30,20000,92,20413,10239,7,401.0,11,0.29,177,0.7,3202,Home,On-Time,Gold
1548,49,78488,88,26015,12627,6,160.5,9,0.03,76,0.13,1732,Travel,On-Time,Gold
1549,56,124892,80,22682,11339,5,393.26,9,0.75,92,0.24,2461,Electronics,Delayed,Standard
1550,63,80419,50,30671,16233,7,60.98,2,0.19,23,0.28,3461,Fashion,On-Time,Standard
1551,43,136652,12,19030,22611,7,340.13,15,0.73,42,0.66,2432,Food,Delayed,Standard
1552,41,128359,62,23401,10673,5,104.22,3,0.33,63,0.49,1952,Fashion,On-Time,Standard
1553,31,106109,15,21994,12526,3,239.88,16,0.37,24,0.06,2148,Fashion,Delayed,Standard
1554,32,77987,52,34880,4643,5,189.39,10,0.6,58,0.97,-217,Food,On-Time,Gold
1555,41,75900,34,11880,10384,5,401.17,5,0.16,17,0.11,1638,Electronics,On-Time,Standard
1556,50,105551,99,15478,11448,5,406.9,13,0.97,157,0.51,2971,Food,Delayed,Standard
1557,58,59333,58,36654,11077,7,433.35,16,0.04,27,0.19,2106,Fashion,On-Time,Gold
1558,32,20000,38,18223,4745,7,57.07,3,0.95,148,0.58,2648,Food,On-Time,Standard
1559,67,94680,66,7419,11154,6,432.38,3,0.3,51,0.56,4353,Electronics,On-Time,Gold
1560,40,29757,72,35876,10642,7,158.8,6,0.67,25,0.6,2410,Home,Delayed,Gold
1561,44,36514,60,12231,12217,6,425.79,2,1.0,85,0.97,2424,Home,On-Time,Standard
1562,33,75008,49,20786,7196,6,426.35,16,0.24,50,0.57,3022,Home,On-Time,Platinum
1563,18,71195,52,28620,10076,4,150.4,17,0.48,59,0.31,4335,Fashion,On-Time,Standard
1564,58,20000,45,27207,25239,2,160.69,10,0.02,168,0.04,3472,Food,On-Time,Standard
1565,56,81619,51,12993,10381,5,122.92,7,0.21,17,0.43,2684,Home,Delayed,Standard
1566,40,113645,28,39088,17496,4,130.4,1,0.14,176,0.83,417,Fashion,On-Time,Standard
1567,46,29866,4,24216,19978,9,479.69,1,0.75,29,0.22,2196,Travel,On-Time,Gold
1568,52,125899,66,19664,0,8,223.14,18,0.69,136,0.88,2725,Home,On-Time,Gold
1569,21,20000,73,12017,8604,9,67.91,4,0.49,174,0.4,1430,Home,On-Time,Standard
1570,37,159692,94,23851,8922,4,198.2,9,0.0,57,0.49,551,Travel,On-Time,Standard
1571,56,58549,74,32006,24099,7,71.9,10,0.21,92,0.52,2161,Travel,On-Time,Gold
1572,26,80824,80,17730,23180,3,491.68,18,0.68,164,0.67,3960,Travel,On-Time,Standard
1573,49,20000,39,5996,0,4,349.28,18,0.01,33,0.36,3057,Home,Delayed,Gold
1574,24,72514,71,14364,2959,4,280.55,5,0.58,98,0.65,7165,Fashion,On-Time,Gold
1575,51,84139,1,17340,18577,5,100.65,15,0.16,80,0.02,2597,Food,On-Time,Standard
1576,44,71553,67,7801,6343,7,169.87,11,0.58,89,0.11,5469,Travel,Late,Gold
1577,20,52476,61,24190,14539,5,396.84,0,0.79,160,0.91,4158,Travel,Delayed,Gold
1578,62,37137,79,25877,8467,7,455.87,12,0.87,123,0.4,1655,Food,On-Time,Standard
1579,33,120221,57,14274,2501,6,419.21,17,0.43,36,0.05,3010,Fashion,On-Time,Gold
1580,32,76232,84,26748,19131,3,350.89,18,0.6,27,0.11,2212,Fashion,On-Time,Standard
1581,48,136630,68,12677,4910,5,294.26,6,0.53,13,0.25,3764,Travel,On-Time,Gold
1582,62,53940,57,9349,9092,4,259.1,16,0.54,32,0.04,920,Travel,On-Time,Standard
1583,29,57608,34,11560,2058,7,120.81,6,0.39,90,0.64,-442,Electronics,On-Time,Gold
1584,45,107623,13,13376,2225,7,103.21,18,0.79,147,0.49,6014,Travel,On-Time,Standard
1585,51,20000,14,26310,10414,4,413.37,5,0.34,11,0.88,4122,Food,On-Time,Standard
1586,55,26461,5,24454,3339,7,405.28,17,0.59,39,0.7,4164,Fashion,On-Time,Standard
1587,47,118899,15,12677,20552,2,58.03,17,0.46,132,0.2,3759,Electronics,On-Time,Gold
1588,39,28122,86,14614,14822,11,284.06,7,0.34,38,0.18,3921,Electronics,On-Time,Standard
1589,32,20000,94,34157,15554,5,118.2,17,0.37,63,0.74,5953,Home,Delayed,Standard
1590,46,149741,45,26546,7949,3,395.1,0,0.43,90,0.42,7826,Electronics,On-Time,Standard
1591,28,20000,62,8714,8142,2,132.65,19,0.41,85,0.55,-165,Home,On-Time,Platinum
1592,18,82364,11,30612,13105,4,280.67,3,0.71,136,0.94,2030,Home,Delayed,Platinum
1593,51,77763,40,38050,0,3,352.92,12,0.56,157,0.03,2297,Electronics,On-Time,Standard
1594,58,20000,18,19793,6812,10,225.69,5,0.51,133,0.77,3550,Electronics,Delayed,Gold
1595,18,64307,75,17574,0,4,352.06,9,0.17,99,0.2,6402,Electronics,On-Time,Standard
1596,29,92936,76,16587,11591,6,461.34,9,0.47,2,0.8,4537,Home,On-Time,Gold
1597,54,89172,1,17517,1903,3,373.89,0,0.48,140,0.55,4338,Food,On-Time,Standard
1598,75,111140,19,26147,9153,5,195.21,20,0.71,61,0.35,5941,Electronics,On-Time,Gold
1599,45,59500,94,14938,3788,3,208.46,7,0.44,8,0.52,166,Travel,On-Time,Standard
1600,34,103500,8,26121,19992,3,200.56,7,0.52,133,0.35,2714,Fashion,Delayed,Gold
1601,42,47426,20,20004,25827,10,266.09,19,0.4,31,0.03,2440,Home,Late,Gold
1602,65,20000,7,15281,16418,2,90.62,16,0.98,158,0.58,2685,Fashion,On-Time,Platinum
1603,35,23090,38,22864,16810,3,59.15,5,0.86,50,0.62,2354,Travel,On-Time,Standard
1604,33,20000,36,18273,9701,7,189.51,16,0.04,85,0.35,2919,Electronics,On-Time,Standard
1605,37,115383,28,14891,5603,5,417.7,6,0.86,34,0.03,4706,Fashion,On-Time,Standard
1606,30,20000,82,19770,0,6,440.83,0,0.36,20,0.28,1187,Home,On-Time,Standard
1607,46,85961,34,19879,11273,5,386.63,10,0.33,48,0.92,6140,Food,On-Time,Standard
1608,69,64363,37,16182,7892,2,132.99,9,0.1,108,0.1,3841,Fashion,On-Time,Gold
1609,49,70894,89,13479,11570,3,272.18,18,0.91,65,0.16,4910,Electronics,On-Time,Standard
1610,41,129544,74,20719,5024,4,278.38,17,0.88,85,0.87,637,Home,On-Time,Platinum
1611,40,57462,99,21653,0,10,136.25,7,0.93,157,0.28,4468,Fashion,Late,Standard
1612,21,99464,34,23199,1887,6,214.97,7,0.77,105,0.24,5427,Food,On-Time,Gold
1613,58,76502,67,22943,20721,9,182.5,9,0.11,127,0.28,299,Electronics,On-Time,Gold
1614,43,68919,2,30555,23547,3,163.87,6,0.03,15,0.89,2601,Electronics,On-Time,Standard
1615,42,166998,11,11298,0,10,232.8,17,0.91,94,0.17,4143,Home,On-Time,Standard
1616,80,20000,31,32690,5307,6,193.18,18,0.55,106,0.69,4411,Travel,On-Time,Standard
1617,49,126565,46,9297,0,5,467.82,8,0.24,60,0.87,3763,Electronics,Delayed,Standard
1618,33,101256,62,29982,10428,4,333.43,0,0.09,42,0.99,3479,Food,On-Time,Standard
1619,38,55819,25,24012,10610,5,311.5,18,0.15,73,0.98,2276,Home,On-Time,Gold
1620,62,140172,42,15872,9189,1,238.02,4,0.16,18,0.89,4295,Food,On-Time,Standard
1621,46,20000,76,5000,6474,3,254.65,8,0.64,66,0.35,3389,Electronics,Late,Standard
1622,23,54129,43,8039,11716,5,252.79,17,0.26,139,0.72,2883,Travel,Delayed,Gold
1623,58,26660,37,14928,14558,5,57.88,15,0.31,173,0.14,1403,Food,On-Time,Standard
1624,34,91483,28,23566,14856,4,481.08,10,0.6,146,0.69,5499,Food,Late,Gold
1625,73,30477,54,15725,18540,8,372.23,1,0.79,26,0.56,4464,Fashion,On-Time,Gold
1626,61,92322,51,19689,7556,6,296.29,13,0.4,22,0.97,3297,Electronics,On-Time,Gold
1627,38,67542,18,16507,5902,6,156.43,19,0.04,31,0.23,3713,Fashion,Late,Standard
1628,64,55825,34,21347,16669,10,51.95,5,0.65,64,0.23,1737,Home,Delayed,Standard
1629,46,90545,47,8928,6065,5,175.26,3,0.68,175,0.89,1802,Fashion,On-Time,Gold
1630,57,64255,90,17887,8505,5,402.01,15,0.34,98,0.59,2412,Fashion,On-Time,Platinum
1631,52,31454,59,24209,6166,4,487.06,1,0.0,28,0.66,205,Food,On-Time,Standard
1632,32,187054,30,40213,21886,1,391.96,1,0.57,68,0.35,1573,Fashion,On-Time,Standard
1633,35,55513,2,26741,14094,6,244.22,2,0.77,83,0.12,1907,Electronics,Delayed,Gold
1634,60,20000,34,18518,2058,7,431.4,0,0.22,0,0.54,-530,Travel,On-Time,Gold
1635,39,41316,87,14889,9990,5,498.17,15,0.51,129,0.55,5872,Travel,On-Time,Gold
1636,38,24308,51,23658,12836,9,188.61,8,0.7,125,0.83,3447,Food,Late,Platinum
1637,30,108045,70,13295,2139,14,234.39,7,0.59,177,0.88,3957,Electronics,Late,Standard
1638,51,87866,50,21153,12480,6,244.27,9,0.77,16,0.49,4608,Fashion,On-Time,Standard
1639,75,90948,55,22533,8943,3,222.59,1,0.41,139,0.23,5340,Food,On-Time,Standard
1640,28,60199,98,18421,1423,5,339.69,14,0.87,41,0.69,-1094,Food,On-Time,Standard
1641,45,63825,20,27776,571,6,442.32,4,0.32,104,0.65,3812,Food,On-Time,Gold
1642,66,60162,0,19247,19581,10,439.69,8,0.15,53,0.56,625,Food,On-Time,Standard
1643,43,71752,52,16400,4128,2,96.48,19,0.78,126,0.49,3438,Home,Delayed,Standard
1644,51,108413,5,15919,17056,5,63.22,8,0.01,146,0.19,128,Food,On-Time,Gold
1645,29,88443,97,9669,14596,7,246.09,14,0.95,44,0.4,2744,Home,On-Time,Standard
1646,51,95004,81,8626,5636,5,114.54,20,0.07,137,0.79,4310,Travel,On-Time,Platinum
1647,42,94982,61,24793,13492,4,81.44,1,0.79,179,0.52,4057,Electronics,On-Time,Gold
1648,59,110377,88,31827,12297,4,98.46,15,0.12,30,0.41,466,Fashion,On-Time,Gold
1649,62,86526,78,37188,16346,5,335.68,7,0.28,70,0.45,3375,Home,On-Time,Standard
1650,80,89353,46,28940,11223,6,207.68,19,0.6,48,0.91,4866,Travel,On-Time,Gold
1651,53,122552,95,24164,7676,7,334.15,12,0.14,166,0.64,3484,Home,On-Time,Gold
1652,49,48398,49,22461,19265,3,70.83,5,0.1,7,0.31,1378,Electronics,On-Time,Standard
1653,47,40770,81,30479,15116,8,469.78,8,0.93,108,0.18,4742,Home,On-Time,Standard
1654,39,27563,30,17050,5497,13,485.13,4,0.72,179,0.77,4209,Home,On-Time,Gold
1655,50,82316,63,34408,8765,7,470.46,12,0.12,41,0.7,3528,Fashion,On-Time,Standard
1656,40,20000,28,19681,19098,3,156.72,20,0.52,14,0.49,8028,Fashion,Late,Standard
1657,47,93486,14,22073,20490,5,437.04,16,0.83,115,0.58,4449,Home,On-Time,Standard
1658,64,70632,57,20197,8752,3,224.7,3,0.09,106,0.32,4585,Fashion,On-Time,Standard
1659,29,120385,22,29001,13412,4,364.18,15,0.81,130,0.22,4922,Food,Delayed,Standard
1660,62,48123,37,19906,12526,8,134.97,13,0.84,26,0.12,3334,Home,On-Time,Standard
1661,64,66867,40,23238,2297,7,239.6,16,0.34,160,0.29,1943,Food,On-Time,Platinum
1662,43,119888,74,10246,13568,5,452.57,11,1.0,168,0.17,4089,Fashion,On-Time,Gold
1663,18,130325,14,18451,0,4,255.92,13,0.39,22,0.48,4388,Home,On-Time,Gold
1664,35,47793,86,28376,16368,5,468.72,4,0.9,50,0.98,1318,Electronics,On-Time,Standard
1665,64,82271,2,13240,13645,9,210.72,9,0.9,35,0.46,6826,Home,On-Time,Gold
1666,44,86776,82,19785,0,0,317.68,10,0.71,34,0.0,2526,Travel,Delayed,Gold
1667,30,89946,0,19680,3246,6,248.85,13,0.0,38,0.92,1955,Fashion,Delayed,Gold
1668,37,64496,87,15324,0,5,108.23,18,0.68,173,0.4,5321,Food,Delayed,Gold
1669,57,126255,74,28145,2822,4,265.74,13,0.09,151,0.11,3580,Travel,On-Time,Gold
1670,53,20000,93,23959,10935,6,212.03,0,0.04,143,0.44,3774,Travel,Delayed,Gold
1671,41,58154,10,27216,22195,6,138.46,17,0.18,98,0.72,6280,Fashion,Delayed,Standard
1672,39,92917,59,28411,13618,6,240.64,5,0.51,65,0.33,4689,Electronics,On-Time,Gold
1673,39,93288,64,20248,7340,3,177.51,3,0.46,32,0.6,5014,Electronics,On-Time,Standard
1674,31,129110,75,32591,15022,2,165.88,15,0.39,147,0.13,1310,Food,Delayed,Standard
1675,69,122929,3,10268,14339,6,436.48,19,0.53,56,0.99,2498,Electronics,Delayed,Gold
1676,40,63578,24,18799,20126,4,395.08,2,0.26,41,0.53,2479,Electronics,Delayed,Standard
1677,63,126994,71,21191,15863,2,354.6,9,0.31,69,0.01,468,Electronics,On-Time,Standard
1678,67,46438,78,6085,10039,4,214.09,6,0.21,89,0.7,4217,Fashion,Late,Gold
1679,59,112235,42,31318,0,5,154.04,10,0.45,149,0.59,6087,Travel,Delayed,Platinum
1680,38,147420,93,13052,19447,7,334.07,0,0.71,25,0.03,-1178,Home,On-Time,Gold
1681,51,123597,39,20544,9131,4,175.48,16,0.51,87,0.07,4713,Home,On-Time,Gold
1682,44,79230,95,26038,3779,6,387.45,9,0.85,87,0.19,3890,Electronics,Delayed,Standard
1683,31,61728,98,38545,0,4,266.87,3,0.49,153,0.15,7778,Electronics,Late,Standard
1684,49,20000,84,6680,1953,2,459.65,18,0.2,14,0.58,7105,Travel,On-Time,Gold
1685,27,87421,94,24771,12816,3,453.75,16,0.51,134,0.4,4405,Food,On-Time,Standard
1686,62,30391,99,17792,7274,2,249.47,7,0.37,157,0.11,4098,Electronics,On-Time,Standard
1687,38,43274,90,25183,16942,4,479.41,19,0.49,19,0.0,350,Home,On-Time,Platinum
1688,48,27370,43,27499,21336,4,347.34,18,0.1,6,0.44,7892,Electronics,On-Time,Standard
1689,49,56584,71,23345,0,5,322.29,16,0.78,36,0.96,110,Home,On-Time,Platinum
1690,41,73881,58,20634,2875,5,92.01,14,0.35,4,0.28,3013,Electronics,On-Time,Platinum
1691,53,85944,22,11544,10970,4,492.11,2,0.02,136,0.19,2491,Fashion,Late,Gold
1692,37,50979,61,12112,20362,4,91.23,2,0.57,168,0.69,3568,Electronics,Delayed,Standard
1693,58,117771,22,26444,4135,5,171.27,17,0.68,103,0.76,1169,Electronics,On-Time,Gold
1694,24,66671,57,13126,11578,4,126.65,0,0.07,110,0.11,1487,Home,On-Time,Standard
1695,46,43491,54,23403,2367,3,75.69,20,0.37,178,0.16,2340,Travel,On-Time,Standard
1696,74,84051,32,30418,9411,2,499.46,0,0.48,23,0.61,3709,Fashion,On-Time,Gold
1697,29,153542,76,9617,10965,1,193.54,2,0.5,3,0.36,-709,Fashion,On-Time,Gold
1698,34,88406,62,30446,7725,2,70.75,20,0.04,165,0.1,3266,Travel,On-Time,Standard
1699,52,60485,59,30172,21464,6,106.24,0,0.63,100,0.6,1810,Fashion,On-Time,Gold
1700,47,20000,98,22740,18331,3,156.39,7,0.09,133,0.67,3282,Food,On-Time,Platinum
1701,50,66223,60,15077,7765,4,67.41,14,0.35,149,0.67,1887,Food,On-Time,Standard
1702,52,84397,79,24257,8174,5,116.02,12,0.51,58,0.44,-209,Electronics,On-Time,Gold
1703,54,59496,75,18576,15579,7,64.42,0,0.75,151,0.91,7399,Food,On-Time,Platinum
1704,61,20000,60,14335,10333,4,125.0,15,0.37,90,0.41,2480,Travel,On-Time,Standard
1705,51,40977,94,21105,10088,6,250.33,12,0.82,33,0.32,2192,Travel,Late,Standard
1706,41,133181,68,12994,5190,4,489.11,7,0.77,154,0.4,6588,Electronics,On-Time,Standard
1707,55,132360,88,10538,14191,4,354.57,4,0.41,131,0.74,4454,Home,On-Time,Platinum
1708,73,39534,20,15653,5521,8,291.69,12,0.88,52,0.59,1620,Home,On-Time,Standard
1709,43,101910,2,6232,5519,5,495.33,1,0.96,153,0.33,4464,Home,On-Time,Gold
1710,30,27857,47,29590,12024,6,366.55,9,0.27,163,0.52,2605,Fashion,Delayed,Standard
1711,61,131172,9,24133,10983,4,216.56,15,0.82,102,0.4,213,Home,On-Time,Gold
1712,43,84809,86,13115,10236,5,406.83,8,0.29,127,0.97,-202,Food,Late,Gold
1713,18,112985,80,15922,0,3,266.89,12,0.69,114,0.52,1410,Electronics,Late,Gold
1714,57,20000,41,26069,11666,7,68.08,5,0.67,132,0.15,5256,Travel,On-Time,Standard
1715,36,102105,98,30184,0,4,336.14,18,0.79,48,0.45,5146,Travel,On-Time,Gold
1716,43,74693,88,20857,17156,3,378.64,18,0.22,106,0.24,4450,Electronics,Delayed,Standard
1717,49,109077,65,17935,6125,5,490.52,16,0.93,165,0.42,1365,Travel,On-Time,Platinum
1718,47,111594,90,6929,11112,5,94.0,18,0.43,23,0.2,2405,Fashion,On-Time,Gold
1719,55,77631,45,17428,5933,5,195.01,8,0.0,157,0.35,5040,Electronics,On-Time,Standard
1720,38,50966,8,10895,12154,2,374.96,5,0.77,74,0.87,4944,Travel,On-Time,Standard
1721,52,106187,48,10659,1564,2,340.64,18,0.93,93,0.24,1660,Travel,Delayed,Standard
1722,41,72593,3,29864,22957,9,282.29,0,0.97,67,0.65,4606,Home,On-Time,Gold
1723,56,40088,59,19063,5193,5,135.08,0,0.36,161,0.47,2011,Home,On-Time,Standard
1724,54,38193,89,21125,16132,6,144.89,9,0.02,42,0.98,-39,Fashion,Delayed,Gold
1725,30,20000,95,23252,2197,9,485.8,0,0.34,62,0.02,2352,Electronics,On-Time,Standard
1726,61,54588,28,18575,7251,2,97.73,1,0.88,173,0.41,5248,Electronics,Delayed,Platinum
1727,36,119107,85,20542,4749,3,378.9,1,0.84,128,0.54,520,Fashion,On-Time,Gold
1728,57,82113,46,20155,5819,7,50.88,6,0.38,104,0.3,5660,Electronics,Late,Gold
1729,50,53809,76,16588,12961,4,105.69,10,0.15,45,0.96,2546,Fashion,On-Time,Standard
1730,72,107194,86,22191,13271,7,434.39,5,0.64,77,0.89,3065,Food,Delayed,Gold
1731,41,41700,62,19293,12853,5,189.38,3,0.66,70,0.28,647,Food,On-Time,Platinum
1732,39,78814,30,20707,3894,5,497.63,17,0.63,111,0.21,2799,Travel,Delayed,Standard
1733,44,67814,50,20033,10907,6,379.1,9,0.15,103,0.04,6440,Home,Delayed,Platinum
1734,40,106165,40,35644,4075,6,215.06,1,0.82,99,0.17,3684,Electronics,On-Time,Standard
1735,56,20000,35,27918,20264,6,242.12,1,0.04,42,0.81,4022,Food,On-Time,Standard
1736,20,40992,39,26207,3521,5,158.46,17,0.97,70,0.89,-202,Travel,On-Time,Standard
1737,29,20000,94,23760,6695,4,417.98,10,0.9,33,0.23,4496,Fashion,Delayed,Standard
1738,28,64616,59,23408,10406,7,53.32,2,0.99,176,0.65,941,Electronics,Late,Standard
1739,59,123457,14,17742,2850,7,157.49,10,0.6,174,0.46,1106,Travel,On-Time,Gold
1740,70,54782,77,28965,14435,5,441.68,8,0.6,56,0.05,4675,Travel,Late,Standard
1741,43,54572,98,22634,17798,11,488.26,10,0.38,67,0.14,778,Fashion,On-Time,Standard
1742,42,109868,87,24669,3817,6,247.64,17,0.11,87,0.25,1059,Home,On-Time,Standard
1743,46,117741,29,17649,5249,5,422.33,9,0.75,57,0.98,2352,Food,On-Time,Standard
1744,62,71457,29,13033,18358,4,417.0,18,0.49,16,0.52,2631,Fashion,On-Time,Gold
1745,31,102388,26,29084,11013,5,397.58,17,0.36,18,0.6,5731,Travel,Late,Gold
1746,48,31921,39,21033,8456,3,428.88,0,0.88,39,0.66,4406,Home,On-Time,Standard
1747,59,130118,77,16167,4665,3,475.7,11,0.0,122,0.48,3774,Travel,Late,Gold
1748,52,160948,44,22742,7416,2,73.85,1,0.48,155,0.8,1751,Electronics,On-Time,Standard
1749,47,95848,74,19160,8974,8,211.6,19,0.65,35,0.81,2270,Electronics,On-Time,Gold
1750,60,20000,46,32399,14476,5,365.53,7,0.0,174,0.02,3462,Home,Delayed,Gold
1751,18,52670,89,17151,9980,6,137.63,4,0.73,97,0.8,2775,Travel,On-Time,Platinum
1752,55,99513,55,23571,3628,2,289.02,0,0.17,150,0.12,3169,Food,On-Time,Gold
1753,35,58140,53,28695,6340,5,330.53,9,0.85,147,0.88,4169,Electronics,Delayed,Gold
1754,18,125887,84,25247,2173,6,125.38,11,0.76,99,0.02,5118,Food,Delayed,Standard
1755,52,98526,8,24337,9072,6,358.04,14,0.14,107,0.73,4142,Food,Delayed,Standard
1756,65,46740,64,15945,25779,6,67.08,13,0.57,129,0.97,1523,Food,On-Time,Standard
1757,42,76290,69,20935,27339,7,62.62,17,0.76,14,0.17,4715,Home,On-Time,Gold
1758,59,39246,0,23691,12290,8,383.74,0,0.03,11,0.81,2640,Travel,On-Time,Platinum
1759,69,67696,85,21356,0,7,343.39,13,0.54,92,0.31,450,Home,Delayed,Gold
1760,64,52816,12,31854,16482,3,394.18,0,0.05,174,0.4,1001,Fashion,Delayed,Standard
1761,69,121990,37,18673,14670,4,56.57,2,0.62,115,0.63,238,Electronics,On-Time,Platinum
1762,56,159640,44,20267,28809,5,85.07,7,0.88,163,0.82,2372,Food,On-Time,Gold
1763,46,20000,39,40665,10522,7,188.14,20,0.39,155,0.53,2484,Travel,Delayed,Standard
1764,20,20000,94,26642,7023,6,96.56,1,0.44,9,0.77,470,Food,On-Time,Standard
1765,41,65193,14,12254,3010,8,199.22,17,0.98,136,0.85,3237,Home,On-Time,Standard
1766,32,20000,49,23983,15756,4,302.2,4,0.46,103,0.92,8082,Travel,Delayed,Standard
1767,77,76848,1,26344,8684,4,298.6,11,0.29,15,0.56,3539,Fashion,On-Time,Gold
1768,42,104957,52,13590,8207,3,91.16,17,1.0,15,0.36,3329,Home,On-Time,Standard
1769,46,134765,94,17592,6476,5,82.33,2,0.68,156,0.7,1809,Travel,Delayed,Platinum
1770,53,83055,25,10469,25400,6,69.98,9,0.58,68,0.91,4465,Electronics,Delayed,Standard
1771,45,67273,65,22349,7114,9,445.86,14,0.66,150,0.23,-1229,Home,On-Time,Platinum
1772,70,20000,74,7027,14903,7,393.09,15,0.79,52,0.59,1744,Travel,On-Time,Standard
1773,35,76047,32,13693,13235,2,420.65,11,0.04,67,0.31,5065,Travel,On-Time,Standard
1774,47,77851,81,8935,0,3,58.43,8,0.2,116,0.62,743,Fashion,On-Time,Standard
1775,33,100558,84,22628,25492,0,373.12,6,0.04,155,0.65,2025,Travel,Delayed,Platinum
1776,25,46660,58,17290,0,5,335.06,0,0.3,68,0.92,588,Travel,On-Time,Gold
1777,35,57597,94,23177,3692,5,93.69,1,0.76,115,0.46,3360,Food,On-Time,Standard
1778,44,20000,25,5317,6444,6,311.95,8,0.4,110,0.46,1622,Fashion,On-Time,Gold
1779,38,20000,93,13749,4923,2,78.75,12,0.7,72,0.98,179,Home,Delayed,Platinum
1780,34,30660,20,26318,8396,8,253.99,14,0.31,175,0.75,2077,Fashion,Delayed,Standard
1781,23,20000,48,10799,4595,6,357.64,13,0.98,144,0.31,704,Fashion,On-Time,Standard
1782,43,88468,79,28180,19496,4,77.63,18,0.09,109,0.53,4423,Electronics,Delayed,Gold
1783,22,54274,70,18782,14136,4,280.02,13,0.58,2,0.32,2663,Travel,On-Time,Standard
1784,56,53470,85,13305,5654,1,360.6,10,0.6,80,0.58,6943,Food,Delayed,Platinum
1785,46,35623,70,13815,4143,4,72.76,5,0.73,74,0.78,4443,Travel,On-Time,Gold
1786,23,20000,65,21714,6045,6,441.61,7,0.01,73,0.23,4034,Home,Delayed,Standard
1787,40,135332,36,37558,3663,6,209.5,7,0.26,106,0.28,2367,Electronics,On-Time,Standard
1788,33,34989,13,41742,1607,3,191.48,16,0.44,89,0.21,1390,Travel,On-Time,Platinum
1789,49,58503,71,9317,16547,6,104.66,12,0.53,148,0.15,1764,Fashion,On-Time,Gold
1790,65,20000,92,25381,7268,1,493.4,6,0.07,53,0.14,6474,Travel,On-Time,Gold
1791,18,113877,6,33333,12765,8,310.19,7,0.82,29,0.59,472,Travel,On-Time,Gold
1792,46,80737,37,10038,10455,2,312.47,13,0.13,111,0.1,882,Fashion,On-Time,Standard
1793,42,41945,44,15002,20147,4,324.46,17,0.58,165,0.62,1242,Home,Delayed,Standard
1794,55,59310,21,22325,16267,6,237.81,19,0.33,3,0.73,3732,Travel,On-Time,Standard
1795,48,142127,43,20327,12532,3,222.25,11,0.5,130,0.56,3959,Food,On-Time,Standard
1796,33,72081,80,8924,26067,6,296.97,3,0.05,168,0.15,1330,Home,On-Time,Platinum
1797,40,67730,79,25982,5063,3,124.25,10,0.85,88,0.71,2052,Fashion,On-Time,Platinum
1798,33,37344,96,23476,8685,6,314.99,1,0.28,67,0.97,1838,Travel,Late,Standard
1799,61,20000,34,27530,14571,6,274.02,12,0.29,16,0.62,3412,Food,Delayed,Gold
1800,45,68598,59,24266,15910,4,116.64,1,0.43,130,0.45,1729,Electronics,Late,Platinum
1801,73,88019,95,24220,3849,6,400.76,1,0.27,16,0.28,3802,Fashion,On-Time,Standard
1802,44,118983,2,20231,9762,5,83.97,15,0.58,46,0.68,5797,Food,On-Time,Standard
1803,34,20000,66,29669,10155,6,158.09,17,0.86,3,0.73,4718,Home,Delayed,Gold
1804,22,29996,71,9383,26314,2,126.03,6,0.44,69,0.56,950,Food,Late,Standard
1805,18,51770,94,11214,14636,5,256.0,9,0.11,156,0.27,731,Food,Late,Gold
1806,21,74860,54,28773,17565,7,368.68,11,0.88,35,0.97,3117,Food,On-Time,Standard
1807,49,69198,8,17736,7280,8,158.99,5,0.52,115,0.16,801,Electronics,On-Time,Standard
1808,52,70132,68,12739,4746,3,118.1,9,0.96,48,0.96,5208,Electronics,Delayed,Standard
1809,21,91323,27,26755,7033,6,304.52,2,0.87,31,0.04,5899,Home,On-Time,Gold
1810,58,38868,14,25403,13834,4,349.53,6,0.87,112,0.24,1903,Food,On-Time,Standard
1811,37,112365,90,5000,20326,6,477.94,14,0.12,174,0.62,3248,Fashion,On-Time,Standard
1812,47,92338,30,25456,42,5,323.59,10,0.52,4,0.58,865,Travel,Delayed,Gold
1813,69,62206,58,14952,23866,4,305.58,7,0.85,114,0.62,527,Home,On-Time,Standard
1814,58,139036,81,23924,16204,4,262.66,8,0.79,149,0.72,-163,Home,Late,Gold
1815,40,137256,53,19372,17007,4,175.79,13,0.52,23,0.08,8665,Food,On-Time,Gold
1816,31,112315,67,24911,16539,4,477.98,19,0.99,44,0.65,2543,Travel,On-Time,Gold
1817,18,20000,84,19912,7156,5,369.86,4,0.92,119,0.73,1037,Food,Delayed,Standard
1818,34,138157,46,10021,9105,4,263.16,0,0.42,60,0.82,3646,Travel,On-Time,Gold
1819,41,106790,41,7122,14763,4,289.48,20,0.24,52,0.68,3012,Food,On-Time,Standard
1820,30,155256,22,9227,8250,3,481.13,9,0.38,115,0.37,8140,Fashion,On-Time,Gold
1821,43,124498,85,11093,11638,2,268.45,10,0.28,66,0.75,5572,Electronics,On-Time,Standard
1822,46,138133,64,23507,5354,6,497.02,17,0.65,21,0.23,3424,Home,On-Time,Standard
1823,41,110146,88,27681,15409,3,307.07,4,0.71,10,0.12,627,Food,On-Time,Standard
1824,35,128947,53,17509,9013,8,462.67,8,0.14,34,0.49,2646,Electronics,On-Time,Standard
1825,47,154764,91,12830,7166,8,375.73,11,0.29,75,0.43,7400,Food,Late,Standard
1826,51,83662,100,20243,4220,3,98.96,18,0.93,63,0.64,1731,Home,On-Time,Gold
1827,28,20000,10,5000,5344,2,326.9,1,0.64,60,0.61,-367,Electronics,Delayed,Gold
1828,66,62701,62,24954,757,6,478.83,4,0.7,136,0.06,3021,Travel,Delayed,Gold
1829,43,90597,21,19427,12961,4,200.12,8,0.05,79,0.64,3624,Electronics,On-Time,Standard
1830,45,77995,53,20589,5813,6,210.72,19,0.41,80,0.29,2220,Food,On-Time,Standard
1831,55,25137,88,15706,9703,6,102.06,0,0.95,159,0.74,6181,Home,On-Time,Gold
1832,48,20000,84,15009,18506,5,280.17,5,0.79,126,0.48,3778,Fashion,On-Time,Standard
1833,59,45353,35,6804,9160,6,184.38,3,0.78,166,0.61,6573,Home,Late,Standard
1834,49,107309,57,26942,8896,2,397.18,12,0.9,10,0.61,3635,Electronics,On-Time,Standard
1835,35,138213,19,9917,9645,7,142.7,8,0.2,12,0.38,2753,Home,On-Time,Standard
1836,50,111662,15,14233,12048,5,382.06,10,0.99,35,0.51,5852,Home,Late,Standard
1837,27,117297,91,12417,6726,5,234.29,0,0.44,59,0.51,562,Fashion,On-Time,Standard
1838,46,71767,55,26662,15964,6,472.44,1,0.84,8,0.74,2721,Electronics,On-Time,Standard
1839,44,20000,92,15325,10910,7,308.1,7,0.3,43,0.4,793,Home,Late,Standard
1840,41,56791,49,27707,6199,3,448.85,6,0.65,133,0.56,4304,Food,On-Time,Gold
1841,43,64649,89,24663,7598,2,165.74,19,0.06,82,0.54,5428,Home,Delayed,Standard
1842,18,55117,65,12445,18000,8,476.13,16,0.96,151,0.3,4160,Home,On-Time,Platinum
1843,36,77187,73,19190,5398,8,147.58,13,0.12,34,0.98,7300,Electronics,On-Time,Standard
1844,46,92656,12,6427,12939,9,475.56,4,0.69,164,0.1,927,Home,Delayed,Standard
1845,47,109120,14,23195,13345,2,444.05,20,0.01,173,0.36,3923,Travel,Late,Platinum
1846,29,63875,72,14756,2474,4,140.95,8,0.51,169,0.96,2305,Travel,On-Time,Platinum
1847,63,20000,26,11550,0,2,345.53,2,0.32,29,0.63,3731,Electronics,On-Time,Gold
1848,32,55684,7,17809,7739,8,216.14,4,0.23,85,0.16,7588,Electronics,Late,Standard
1849,59,76748,69,16287,15638,5,230.7,9,0.71,111,0.08,7959,Home,Late,Standard
1850,51,123912,99,22261,0,8,67.78,17,0.44,150,0.37,4520,Electronics,Delayed,Standard
1851,35,52287,49,35199,3892,6,422.78,20,0.32,87,0.15,5796,Fashion,Delayed,Gold
1852,71,95501,87,30580,14707,7,166.81,4,0.45,139,0.61,6151,Food,Late,Gold
1853,27,86603,66,10450,2519,2,395.95,1,0.32,82,0.71,5277,Travel,Delayed,Gold
1854,58,76756,25,32282,17160,5,315.13,2,0.42,79,0.93,4844,Food,On-Time,Standard
1855,60,112221,35,20374,28556,5,486.85,11,0.16,68,0.14,4362,Home,Late,Standard
1856,34,48566,20,5000,4291,2,140.36,0,0.92,102,0.08,1783,Travel,On-Time,Standard
1857,65,51992,76,18182,20308,10,194.23,10,0.42,119,0.63,2432,Electronics,On-Time,Standard
1858,41,74523,51,7535,12295,6,124.91,3,0.47,70,0.25,3423,Food,On-Time,Standard
1859,49,49394,10,16495,4456,9,424.53,3,0.73,151,0.34,7139,Food,On-Time,Platinum
1860,48,95320,7,35268,21148,10,198.65,20,0.12,94,0.17,1412,Fashion,On-Time,Standard
1861,42,46472,56,9516,12847,5,137.81,2,0.2,124,0.36,1184,Food,On-Time,Gold
1862,57,84052,45,9280,18330,3,316.4,0,0.15,134,0.28,915,Home,On-Time,Standard
1863,56,70993,77,19212,26419,4,219.91,0,0.48,122,0.83,4573,Travel,On-Time,Gold
1864,18,83597,96,13458,9247,6,415.5,4,0.59,120,0.15,4956,Fashion,On-Time,Gold
1865,64,56610,1,17955,13868,4,393.68,17,0.71,100,0.42,2853,Electronics,On-Time,Standard
1866,20,61436,63,20869,2192,1,103.96,11,0.94,177,0.36,3628,Fashion,On-Time,Standard
1867,60,78840,51,8154,6743,8,435.15,7,0.09,4,0.19,5918,Travel,On-Time,Standard
1868,61,83082,64,21826,9429,2,492.16,6,0.67,38,0.32,2725,Home,On-Time,Platinum
1869,28,74831,10,13910,11481,8,387.92,15,0.75,75,0.74,3007,Travel,On-Time,Standard
1870,38,143214,5,28577,0,6,420.78,9,0.66,179,0.81,709,Fashion,On-Time,Gold
1871,28,35370,95,13011,20840,6,462.85,17,0.86,128,0.35,4046,Home,On-Time,Standard
1872,41,72431,78,14309,14438,7,403.63,19,0.52,6,0.38,3272,Travel,Late,Standard
1873,40,20000,75,12550,13616,4,313.13,8,0.82,161,0.65,4885,Travel,Delayed,Standard
1874,56,89883,63,16685,24340,5,80.67,10,0.07,128,0.55,-793,Food,On-Time,Platinum
1875,64,30390,100,8470,21347,9,268.0,10,0.64,40,0.5,372,Electronics,Delayed,Platinum
1876,65,63867,92,24177,8940,4,402.32,8,0.94,157,0.79,4806,Home,Delayed,Gold
1877,36,60117,54,15782,6012,7,165.3,1,0.45,137,0.9,3075,Fashion,On-Time,Platinum
1878,41,86235,43,26495,14360,8,344.09,17,0.12,172,0.34,2530,Electronics,Delayed,Platinum
1879,19,52888,85,20468,20860,2,191.82,13,0.36,130,0.03,5501,Food,On-Time,Platinum
1880,32,51187,13,33697,8959,6,437.98,1,0.85,14,0.38,6362,Fashion,Delayed,Standard
1881,59,132434,82,17934,16225,8,213.46,4,0.13,169,0.31,4435,Electronics,Delayed,Standard
1882,69,86382,4,17137,21944,5,70.46,13,0.53,123,0.66,1884,Home,On-Time,Gold
1883,26,52557,98,24708,16917,10,312.05,12,0.86,2,0.8,2670,Home,On-Time,Gold
1884,36,64966,24,5000,0,5,70.59,18,0.79,68,0.31,-349,Food,On-Time,Standard
1885,44,140814,49,16162,1636,5,147.06,8,0.51,2,0.08,2251,Fashion,On-Time,Gold
1886,49,65593,72,19304,23881,10,275.65,16,0.62,27,0.37,3938,Electronics,On-Time,Gold
1887,32,47428,70,25795,10768,4,406.97,4,0.28,107,0.49,3766,Food,On-Time,Platinum
1888,51,47600,81,27443,12310,3,194.03,17,0.93,156,0.28,5464,Travel,On-Time,Gold
1889,37,53034,1,28952,13976,4,180.2,18,0.03,121,0.35,2324,Fashion,On-Time,Standard
1890,44,51220,9,17639,20023,5,100.85,8,0.37,84,0.55,6108,Food,Delayed,Standard
1891,53,23814,1,14106,4519,9,313.55,6,0.4,93,0.74,2064,Fashion,Delayed,Standard
1892,45,30031,59,20470,7110,4,289.64,8,0.78,30,0.55,2562,Travel,On-Time,Gold
1893,38,41827,44,17871,2962,7,53.99,17,0.47,30,0.41,3744,Travel,On-Time,Gold
1894,43,98662,7,6600,0,2,366.31,13,0.86,173,0.89,1000,Electronics,On-Time,Standard
1895,43,59750,57,21311,12870,4,257.17,9,0.28,108,0.73,5926,Food,On-Time,Gold
1896,39,66713,6,12680,3939,9,180.12,17,0.18,130,0.86,1629,Home,On-Time,Standard
1897,41,125803,98,18177,16737,2,369.86,19,0.25,115,0.69,1196,Food,On-Time,Platinum
1898,68,126800,86,17691,5753,5,415.31,4,0.17,51,0.34,3721,Home,On-Time,Standard
1899,53,63715,71,37132,573,7,318.71,9,0.34,46,0.51,-1373,Home,On-Time,Platinum
1900,40,49765,20,27195,17379,4,92.5,8,0.24,150,0.75,242,Food,Delayed,Standard
1901,55,40422,96,25127,13660,10,457.61,1,0.62,166,0.89,5365,Electronics,On-Time,Standard
1902,39,102711,46,27775,8841,6,58.02,7,0.01,139,0.6,3196,Home,On-Time,Standard
1903,62,66811,0,17231,9233,6,144.2,20,0.5,168,0.66,3585,Electronics,On-Time,Gold
1904,50,59540,11,10048,14205,0,168.98,15,0.39,77,0.85,-628,Electronics,On-Time,Gold
1905,43,42453,74,5000,21911,6,216.49,8,0.33,171,0.42,4700,Travel,On-Time,Platinum
1906,51,44213,47,24327,12812,8,209.97,4,0.08,17,0.43,2471,Electronics,Delayed,Standard
1907,21,87802,93,24431,13288,2,454.53,12,0.73,118,0.93,1402,Fashion,Delayed,Platinum
1908,28,22382,3,13920,6800,5,408.27,17,0.36,64,0.86,818,Travel,On-Time,Platinum
1909,27,114794,33,14902,8346,3,140.64,7,0.94,61,0.57,-1102,Food,Late,Standard
1910,47,53646,86,13591,0,4,479.36,16,0.95,35,0.98,2411,Travel,On-Time,Gold
1911,70,69014,31,13607,3397,4,213.03,2,0.57,156,0.97,4126,Home,Delayed,Standard
1912,78,21520,2,15964,2544,4,148.35,19,0.35,88,0.6,3850,Fashion,On-Time,Standard
1913,54,74505,91,22688,2356,3,475.58,13,0.4,83,0.32,-1036,Home,Delayed,Standard
1914,52,61867,67,28496,7326,5,307.35,9,0.29,179,0.16,3551,Food,On-Time,Platinum
1915,18,72996,56,19810,8069,9,315.36,6,0.68,157,0.44,1191,Food,On-Time,Standard
1916,36,133868,75,30130,2544,9,345.2,11,0.53,58,0.78,6767,Home,On-Time,Gold
1917,33,82107,23,38971,18809,7,331.35,2,0.42,169,0.36,6189,Home,Late,Gold
1918,35,43213,32,23195,14192,4,333.45,13,0.52,151,0.29,4952,Food,On-Time,Gold
1919,42,46547,2,19507,11444,3,50.88,16,0.12,22,0.68,4192,Fashion,On-Time,Standard
1920,37,98805,3,5000,14518,5,358.56,19,0.66,38,0.6,5659,Travel,On-Time,Standard
1921,18,126947,29,24832,0,3,383.96,17,0.51,0,0.64,2622,Food,On-Time,Gold
1922,56,86276,69,20499,0,5,62.12,14,0.61,48,0.05,-495,Travel,On-Time,Gold
1923,28,102548,48,20700,18527,3,331.01,1,0.28,179,0.45,4237,Fashion,Delayed,Standard
1924,48,99389,29,18218,26672,4,169.09,0,0.74,159,0.81,2260,Food,Delayed,Standard
1925,76,131762,71,16521,10381,4,332.72,13,0.48,68,0.98,3909,Travel,Delayed,Gold
1926,31,20000,81,12007,25753,3,169.21,9,0.1,14,0.12,3398,Electronics,On-Time,Standard
1927,18,101688,15,26460,10008,5,93.16,18,0.67,9,0.72,3990,Travel,On-Time,Standard
1928,40,114349,52,5000,5039,5,130.22,1,0.11,32,0.34,5033,Food,On-Time,Gold
1929,61,21451,5,23547,16861,4,463.0,8,0.06,167,0.4,2421,Food,On-Time,Platinum
1930,74,39573,23,7874,0,3,247.61,1,0.74,22,0.58,-922,Home,Delayed,Standard
1931,26,40968,91,30232,5888,6,462.35,20,0.47,115,0.15,2977,Food,Delayed,Platinum
1932,52,45848,95,17338,4206,5,267.79,15,0.03,139,0.12,4420,Food,Delayed,Platinum
1933,38,55731,88,24475,1601,4,454.26,20,0.51,29,0.18,3870,Travel,On-Time,Platinum
1934,43,84704,27,21530,6510,4,305.41,13,0.9,10,0.12,987,Electronics,On-Time,Standard
1935,80,109626,20,29557,12033,5,207.96,11,0.09,124,0.02,2925,Electronics,Delayed,Gold
1936,22,118252,7,34759,19180,7,149.96,20,0.35,41,0.93,750,Travel,Delayed,Standard
1937,48,41487,35,29275,17290,6,217.05,7,0.83,48,0.94,3908,Home,On-Time,Gold
1938,52,41211,8,24949,0,5,129.62,14,0.25,19,0.09,4863,Fashion,Delayed,Platinum
1939,61,127632,39,17729,26029,7,491.65,10,0.11,67,0.98,5699,Home,On-Time,Standard
1940,46,100869,84,23882,18724,9,206.89,6,0.44,62,0.47,4189,Food,On-Time,Platinum
1941,49,78314,50,28228,10283,3,300.62,1,0.86,142,0.05,3939,Food,Delayed,Standard
1942,39,93933,0,16911,19418,3,498.51,12,0.32,144,0.89,5447,Food,Delayed,Standard
1943,49,73807,62,20546,3550,1,283.51,18,0.84,19,0.68,1095,Fashion,Delayed,Gold
1944,39,95983,67,13900,15912,4,189.8,20,0.11,75,0.95,4816,Food,On-Time,Gold
1945,54,61557,73,26935,0,4,326.31,17,0.41,6,0.89,1669,Electronics,On-Time,Platinum
1946,39,85752,25,24010,7849,6,417.73,7,0.49,38,0.5,3698,Fashion,On-Time,Gold
1947,50,20000,39,9836,19549,4,327.4,19,0.4,36,0.24,5382,Food,On-Time,Standard
1948,44,47488,2,22703,6792,8,149.16,4,0.89,117,0.45,3043,Travel,On-Time,Gold
1949,61,47919,8,18436,7099,9,136.61,8,0.31,174,0.04,-545,Fashion,On-Time,Platinum
1950,44,60024,31,21017,5771,4,372.73,18,0.86,101,0.55,2104,Electronics,On-Time,Gold
1951,18,37939,66,14398,8619,1,431.99,19,0.83,52,0.26,844,Fashion,On-Time,Standard
1952,63,53658,3,30540,2917,4,364.62,5,0.78,80,0.82,3703,Home,Late,Standard
1953,31,20000,5,14759,21073,3,91.96,7,0.26,130,0.05,1451,Electronics,On-Time,Gold
1954,35,96948,72,37004,1606,4,195.01,0,0.36,8,0.67,1337,Travel,On-Time,Standard
1955,36,71699,25,21198,12267,5,358.48,5,0.56,153,0.75,939,Travel,On-Time,Gold
1956,65,20000,1,17651,15919,5,369.97,11,0.15,46,0.87,-873,Fashion,Delayed,Standard
1957,18,41606,65,23591,4849,5,258.87,0,0.44,141,0.48,1854,Home,Delayed,Standard
1958,80,88464,84,22472,0,4,184.13,0,0.01,49,0.34,4646,Electronics,On-Time,Standard
1959,60,53279,85,35837,5953,11,91.49,12,0.22,76,0.59,-310,Home,Delayed,Standard
1960,48,47122,2,23717,7229,8,73.84,11,0.87,36,0.24,3655,Food,On-Time,Standard
1961,44,72016,34,5165,16432,5,101.36,13,0.01,28,0.56,1666,Electronics,On-Time,Platinum
1962,49,88743,58,14925,8964,9,201.83,3,0.37,160,0.88,208,Home,Delayed,Standard
1963,52,20000,37,26482,10017,5,324.49,10,0.93,20,0.91,1326,Electronics,On-Time,Standard
1964,54,97005,32,18609,163,5,431.67,11,0.79,111,0.51,3499,Electronics,On-Time,Standard
1965,53,42988,14,15983,8643,2,162.85,17,0.15,49,0.53,4179,Food,Late,Standard
1966,46,74282,74,14636,20055,5,84.01,3,0.31,173,0.08,5764,Travel,On-Time,Gold
1967,42,73583,73,12640,17673,8,484.64,5,0.73,167,0.29,1297,Fashion,Delayed,Gold
1968,42,53917,99,22036,6478,10,327.58,10,0.55,166,0.67,4587,Fashion,Delayed,Standard
1969,42,34053,13,14679,15811,4,113.96,1,0.8,151,0.94,4239,Food,On-Time,Platinum
1970,62,63572,65,30758,9019,5,162.8,11,0.17,49,0.4,5955,Fashion,Delayed,Standard
1971,53,140013,44,13368,13529,4,238.41,0,0.37,108,0.53,1985,Food,Delayed,Gold
1972,18,20532,47,9580,7938,10,485.32,18,0.76,123,0.87,3033,Fashion,Delayed,Gold
1973,54,142692,43,19847,3233,9,102.78,14,0.41,112,0.17,1342,Home,Delayed,Gold
1974,47,64611,36,5000,2876,1,242.27,16,0.66,46,0.91,4862,Electronics,On-Time,Standard
1975,44,76414,28,5000,13688,4,246.74,10,0.2,103,0.5,3615,Home,Late,Platinum
1976,39,31531,98,24997,0,5,496.48,16,0.65,174,0.23,2930,Fashion,On-Time,Standard
1977,61,44149,83,20437,17450,5,136.73,20,0.17,147,0.76,2064,Travel,On-Time,Standard
1978,59,54883,84,5000,8317,3,260.77,9,0.76,177,0.04,3610,Travel,On-Time,Gold
1979,33,33172,33,20726,5502,2,494.09,6,0.54,144,0.0,2924,Home,On-Time,Gold
1980,51,66643,58,17666,16991,1,345.61,4,0.43,12,0.39,4243,Electronics,On-Time,Standard
1981,30,58719,42,7813,0,8,124.28,19,0.07,93,0.86,2362,Food,On-Time,Standard
1982,24,149031,32,25849,13234,1,471.22,14,0.67,0,0.22,1951,Home,On-Time,Gold
1983,35,28361,18,32147,21484,2,294.25,4,0.19,7,0.25,3170,Travel,On-Time,Standard
1984,57,79107,7,35399,397,3,416.31,20,0.12,145,0.7,2291,Food,Late,Standard
1985,59,84913,30,22614,6818,10,412.71,20,0.16,128,0.32,2071,Electronics,On-Time,Standard
1986,52,32187,10,20179,13167,4,298.64,1,0.18,147,0.71,-259,Electronics,On-Time,Platinum
1987,55,102473,7,34193,0,7,417.29,6,0.68,100,0.42,745,Home,On-Time,Gold
1988,52,59066,24,22018,11722,2,448.19,10,0.49,166,0.51,-270,Food,On-Time,Standard
1989,35,20000,19,17274,28811,4,415.69,4,0.47,132,0.44,2143,Fashion,On-Time,Standard
1990,51,101393,37,14752,12290,6,333.99,1,0.46,25,0.69,5269,Fashion,On-Time,Standard
1991,57,30322,6,24429,12058,1,314.43,15,0.41,60,0.5,226,Electronics,Late,Gold
1992,56,33089,76,6906,1572,9,258.54,6,0.52,85,0.8,852,Food,On-Time,Standard
1993,62,102516,38,29276,19308,4,86.49,19,0.16,133,0.58,2682,Electronics,On-Time,Gold
1994,55,61113,73,8874,0,0,264.88,7,0.28,71,0.82,6468,Fashion,On-Time,Standard
1995,50,111710,71,13217,9743,4,333.24,6,0.1,175,0.59,5480,Electronics,On-Time,Standard
1996,61,123406,19,22473,16410,2,253.61,4,0.84,114,0.52,-1058,Fashion,On-Time,Standard
1997,44,49202,80,33964,0,6,238.35,5,1.0,6,0.35,3094,Electronics,Delayed,Platinum
1998,31,106730,10,17851,0,3,156.27,7,0.7,25,0.6,-1144,Travel,Delayed,Gold
1999,42,44781,15,11593,0,1,214.71,16,0.05,40,0.61,2911,Electronics,On-Time,Gold
2000,33,164324,100,28539,19610,6,141.81,8,0.47,171,0.12,6227,Travel,On-Time,Gold
2001,34,47281,41,16472,5544,3,85.06,15,0.01,17,0.12,778,Fashion,On-Time,Standard
2002,42,116043,95,6566,16275,3,375.9,6,0.28,124,0.14,3459,Food,Late,Standard
2003,33,108751,89,24848,15146,0,364.88,19,0.08,97,0.4,3750,Food,Late,Standard
2004,40,87643,51,18222,0,10,282.82,17,0.42,23,0.89,3474,Home,Delayed,Standard
2005,18,48178,36,18048,7274,3,85.59,14,0.43,128,0.9,7271,Fashion,On-Time,Standard
2006,48,68944,51,25896,8403,4,327.42,6,0.18,4,0.35,4692,Fashion,Delayed,Platinum
2007,45,20000,8,26621,13577,3,175.58,7,0.83,32,0.28,6279,Travel,On-Time,Platinum
2008,32,83976,34,13987,11594,4,477.15,5,0.77,119,0.04,3521,Home,On-Time,Gold
2009,54,88984,66,20978,9540,3,71.74,4,0.83,176,0.24,1965,Food,On-Time,Gold
2010,59,80339,94,7533,18153,6,51.31,2,0.55,79,0.35,2934,Food,Late,Standard
2011,20,20000,6,17943,18052,9,424.63,16,0.01,32,0.93,4407,Fashion,Late,Standard
2012,33,24374,1,12979,0,9,154.4,18,0.92,126,0.11,2129,Electronics,Delayed,Platinum
2013,33,45076,24,18317,6860,7,351.51,13,0.92,150,0.07,2674,Travel,On-Time,Standard
2014,30,86666,75,16722,10222,8,207.05,3,0.54,133,0.22,900,Electronics,Delayed,Gold
2015,57,86573,93,18545,10592,1,420.57,7,0.9,66,0.8,4800,Electronics,On-Time,Platinum
2016,42,68191,93,6628,13855,6,434.12,10,0.27,18,0.54,1575,Fashion,Delayed,Standard
2017,41,100409,92,9456,12611,6,473.84,7,0.52,29,0.59,3054,Electronics,Late,Standard
2018,18,33950,40,18265,14168,9,223.37,17,0.69,167,0.44,703,Home,On-Time,Platinum
2019,54,99409,74,31955,14991,4,52.68,0,0.5,173,0.73,3653,Home,On-Time,Gold
2020,26,93989,51,25856,8019,7,114.85,14,0.85,127,0.62,7911,Travel,Delayed,Gold
2021,45,90102,86,23471,7639,1,188.6,19,0.54,41,0.3,7319,Home,On-Time,Gold
2022,49,67718,80,15236,19764,2,413.65,15,0.17,16,0.8,1948,Home,On-Time,Platinum
2023,65,148229,76,12443,6525,8,459.69,15,0.83,165,0.27,4555,Fashion,On-Time,Platinum
2024,25,94727,96,24997,15178,7,144.56,12,0.71,152,0.97,1380,Travel,On-Time,Gold
2025,18,36266,64,10680,4710,10,225.68,15,0.51,173,0.87,3130,Electronics,Late,Platinum
2026,47,84932,76,33055,12342,5,304.78,2,0.5,109,0.53,110,Travel,On-Time,Gold
2027,72,105099,37,19652,12849,2,174.67,4,0.69,171,0.94,2814,Food,On-Time,Platinum
2028,63,51475,66,36116,14542,5,204.31,1,0.66,64,0.09,1198,Home,Delayed,Gold
2029,48,118570,79,33626,21132,8,404.06,2,0.26,143,0.18,781,Home,Delayed,Standard
2030,37,90281,41,23370,3005,4,125.99,11,0.75,75,0.8,5189,Food,Delayed,Platinum
2031,57,20000,70,23053,11044,3,292.56,5,0.85,74,0.52,3220,Fashion,On-Time,Gold
2032,30,86986,53,14839,14636,4,311.51,15,0.24,130,0.7,1211,Travel,Delayed,Standard
2033,52,58758,66,30576,14655,5,113.82,8,0.45,92,0.43,1552,Travel,On-Time,Standard
2034,52,96487,77,16948,7833,4,366.03,10,0.3,94,0.4,613,Food,On-Time,Standard
2035,60,112768,63,6492,12692,2,139.9,15,0.18,67,0.83,3226,Food,Late,Platinum
2036,80,82806,79,29231,9867,5,363.87,4,0.09,31,0.78,6009,Electronics,On-Time,Standard
2037,50,141610,3,24366,15179,7,229.67,20,0.83,110,0.26,4116,Fashion,Late,Gold
2038,37,67851,30,15880,9448,6,325.41,4,0.23,130,0.39,2443,Travel,On-Time,Standard
2039,44,99992,12,22119,9552,5,312.23,12,0.63,172,0.69,2034,Food,On-Time,Standard
2040,18,107197,26,20261,11897,3,492.95,8,0.44,177,0.47,4077,Fashion,On-Time,Gold
2041,34,71106,58,31825,6505,6,78.62,4,0.5,17,0.23,3390,Electronics,On-Time,Standard
2042,38,106150,64,11944,4685,4,175.12,16,0.54,165,0.48,1629,Electronics,On-Time,Gold
2043,37,51213,63,31920,715,7,315.42,8,0.62,121,0.34,3365,Fashion,On-Time,Gold
2044,47,58097,24,30641,9055,7,390.55,13,0.8,85,0.3,3561,Fashion,Delayed,Platinum
2045,32,22500,36,14876,4855,6,452.22,3,0.18,111,0.03,4112,Food,Delayed,Gold
2046,61,84656,74,23364,7925,3,94.32,16,0.31,109,0.67,137,Food,Delayed,Platinum
2047,45,88010,72,24382,18668,8,175.74,16,0.11,62,0.73,2854,Travel,On-Time,Gold
2048,44,122170,70,43829,8147,5,101.07,18,0.7,84,0.26,978,Home,On-Time,Gold
2049,40,106645,13,13754,18804,7,82.93,1,0.31,136,0.98,5131,Food,On-Time,Standard
2050,47,63608,93,5000,12698,7,58.54,5,0.79,21,0.98,6316,Electronics,On-Time,Standard
2051,57,27872,23,5000,8028,1,411.84,1,0.73,105,0.94,2968,Electronics,Late,Standard
2052,31,92314,66,21689,2859,7,120.36,19,0.04,61,0.13,6872,Electronics,Delayed,Standard
2053,35,119430,47,28198,9206,1,224.51,9,0.1,118,0.89,5331,Fashion,On-Time,Platinum
2054,40,105207,90,12883,7186,5,55.44,11,0.6,76,0.33,398,Electronics,On-Time,Standard
2055,24,118379,64,18469,18289,10,423.39,0,0.7,147,0.15,4852,Fashion,On-Time,Standard
2056,32,66524,37,16457,23781,5,98.57,7,0.37,132,0.58,1886,Travel,On-Time,Platinum
2057,37,56335,89,10855,17218,7,249.98,7,0.2,130,0.11,2279,Travel,Late,Standard
2058,58,45523,69,24826,4815,5,212.11,8,0.16,116,0.38,7257,Travel,Late,Standard
2059,48,72764,58,6026,10383,2,164.24,19,0.24,147,0.24,4639,Travel,Delayed,Platinum
2060,47,71856,11,25104,8412,4,257.67,0,0.17,78,0.53,5763,Electronics,Delayed,Standard
2061,57,83267,53,16558,5874,6,67.7,5,0.32,4,0.58,3146,Food,On-Time,Gold
2062,42,69828,50,27876,9363,3,213.98,19,0.49,119,0.65,2027,Travel,On-Time,Gold
2063,50,69654,37,21380,9073,2,292.22,16,0.68,50,0.45,3948,Food,Late,Standard
2064,43,43932,45,7598,22856,8,323.45,20,0.87,109,0.38,1276,Travel,Delayed,Platinum
2065,48,112664,98,22501,12302,1,296.62,9,0.72,42,0.5,-335,Fashion,Delayed,Gold
2066,36,78060,9,16936,15781,2,254.42,3,0.65,70,0.4,2843,Electronics,On-Time,Standard
2067,18,68022,8,28744,17338,5,313.01,0,0.79,91,0.96,2587,Travel,On-Time,Standard
2068,42,45102,86,25819,15286,5,90.15,17,0.9,71,0.94,4390,Food,On-Time,Standard
2069,66,21723,93,29150,19554,9,189.33,17,0.23,20,0.55,3798,Home,On-Time,Standard
2070,58,127318,51,17237,7398,7,485.02,20,0.62,34,0.42,3735,Fashion,On-Time,Standard
2071,59,97185,50,12671,16716,6,480.59,17,0.04,169,0.46,1959,Food,On-Time,Standard
2072,63,20000,21,19883,23733,5,333.45,16,0.99,90,0.99,2646,Travel,Delayed,Standard
2073,46,105525,72,25864,4953,3,274.69,17,0.86,177,0.31,4695,Travel,On-Time,Platinum
2074,47,111899,82,12331,7621,3,153.6,7,0.37,147,0.46,1444,Food,On-Time,Standard
2075,35,79975,71,22470,7096,7,212.08,12,0.62,38,0.57,4438,Travel,On-Time,Standard
2076,40,138924,67,23008,25088,6,341.1,8,0.55,173,0.08,868,Travel,On-Time,Standard
2077,54,83668,4,31002,2555,6,415.54,0,0.84,18,0.4,3875,Food,On-Time,Standard
2078,63,20000,82,11661,10772,4,422.27,15,0.48,2,0.25,-372,Food,Late,Standard
2079,42,89606,81,23939,13445,4,112.32,11,0.13,47,0.57,2523,Electronics,Delayed,Standard
2080,38,84795,28,16064,6155,8,277.36,2,0.48,2,0.28,392,Home,Late,Gold
2081,45,50868,82,13958,3059,5,371.39,19,0.12,57,0.46,1777,Food,On-Time,Standard
2082,54,97942,5,35539,4261,6,363.32,20,0.81,36,0.51,3264,Food,On-Time,Gold
2083,23,20000,68,23562,8246,7,488.09,16,0.17,180,0.3,2232,Electronics,On-Time,Gold
2084,18,114622,57,32295,6257,2,107.25,12,0.37,37,0.75,5917,Travel,On-Time,Gold
2085,36,39875,42,14023,20103,1,257.76,10,0.11,99,0.1,3169,Home,On-Time,Gold
2086,26,35602,68,33412,6318,1,85.12,12,0.38,16,0.16,2986,Fashion,Delayed,Standard
2087,37,70447,71,16739,6249,7,306.8,4,0.96,110,0.03,3302,Food,On-Time,Standard
2088,42,92318,90,26360,12761,8,357.69,10,0.93,17,0.1,-1155,Home,On-Time,Gold
2089,38,81556,36,12438,12032,8,83.7,16,0.56,84,0.29,5831,Fashion,On-Time,Standard
2090,66,45293,57,11416,0,9,289.97,2,0.64,24,0.11,-1268,Home,On-Time,Standard
2091,49,54756,36,19787,3915,9,487.57,7,0.35,109,0.44,2863,Electronics,Delayed,Gold
2092,49,29678,81,32391,6462,3,65.87,15,0.21,32,0.26,2305,Fashion,On-Time,Standard
2093,54,66012,25,30110,2920,8,130.15,19,0.28,158,0.53,2871,Fashion,On-Time,Gold
2094,27,118000,41,21130,16736,10,295.8,1,0.08,7,0.65,906,Home,Late,Standard
2095,60,74829,15,17415,0,7,370.69,18,0.45,106,0.96,5369,Food,On-Time,Gold
2096,43,109376,21,22547,17357,3,420.92,10,0.09,175,0.95,670,Fashion,On-Time,Gold
2097,55,133216,22,11583,0,6,184.05,7,0.37,19,0.72,2717,Food,On-Time,Standard
2098,28,51479,46,21120,10566,2,200.86,6,0.85,171,0.66,3502,Electronics,On-Time,Standard
2099,21,67537,66,20378,20948,4,405.01,18,0.39,170,0.48,1838,Electronics,On-Time,Standard
2100,57,161847,2,20413,5836,4,239.35,1,0.44,58,0.68,2131,Fashion,On-Time,Gold
2101,50,132773,11,23715,10163,5,444.12,11,0.53,25,0.86,2678,Food,On-Time,Standard
2102,31,20000,22,26336,17193,4,464.01,3,0.31,111,0.94,6629,Electronics,On-Time,Standard
2103,31,90485,10,5000,16995,5,433.01,7,0.08,88,0.78,1875,Electronics,On-Time,Standard
2104,61,75022,51,13352,12116,2,87.78,17,0.76,28,0.8,1834,Home,On-Time,Standard
2105,27,108058,49,14755,8726,5,292.9,11,0.24,151,0.23,2915,Home,Late,Standard
2106,69,45200,56,18733,8655,4,475.8,7,0.15,138,0.88,4671,Fashion,Late,Platinum
2107,31,41415,63,19437,269,3,483.67,14,0.09,70,0.76,3948,Home,On-Time,Standard
2108,54,47957,45,25073,2826,4,286.74,9,0.68,5,0.34,6404,Fashion,Late,Gold
2109,40,52122,28,22576,10252,7,244.72,5,0.02,176,0.15,2584,Travel,On-Time,Standard
2110,54,107612,69,29585,11914,5,134.83,6,0.59,23,0.23,2202,Home,On-Time,Gold
2111,36,27751,45,17598,27995,9,498.73,18,0.35,113,0.12,6399,Travel,On-Time,Standard
2112,42,50095,15,14566,15465,8,328.94,16,0.51,102,0.41,3484,Home,On-Time,Standard
2113,45,20000,97,18880,7557,3,85.94,12,0.91,137,0.99,1055,Home,On-Time,Platinum
2114,29,115284,50,20238,13572,5,444.68,5,0.0,109,0.18,2999,Fashion,On-Time,Standard
2115,56,125841,100,20795,0,6,345.5,5,0.64,28,0.5,2420,Travel,Delayed,Standard
2116,37,61917,10,17952,10591,6,199.26,8,0.89,104,0.04,3512,Home,On-Time,Standard
2117,41,63082,10,28686,14792,7,133.35,10,0.24,178,0.88,-2668,Food,Delayed,Standard
2118,30,93128,62,27882,14852,10,349.29,10,0.12,109,0.84,1090,Food,Late,Standard
2119,18,133979,52,28700,9536,4,54.27,12,0.39,99,0.02,720,Home,On-Time,Standard
2120,42,91344,88,12106,13988,3,438.81,18,0.95,76,0.29,2989,Home,On-Time,Gold
2121,80,47098,57,25797,8118,5,333.37,14,0.58,88,0.49,4012,Home,On-Time,Platinum
2122,56,20000,18,32846,12769,5,145.58,6,0.95,138,0.41,1286,Travel,On-Time,Standard
2123,44,30394,31,28955,3409,8,362.82,20,0.27,67,0.65,1223,Fashion,On-Time,Gold
2124,41,77928,49,15890,2097,1,168.39,14,0.72,96,0.33,1291,Travel,Late,Standard
2125,45,48786,71,17345,18845,2,448.08,15,0.28,143,0.09,-150,Food,Late,Standard
2126,53,82798,54,7441,8702,5,347.82,13,0.52,38,0.79,1652,Fashion,On-Time,Standard
2127,27,52883,75,30287,13095,7,448.84,6,0.9,104,0.75,3760,Home,On-Time,Gold
2128,61,32674,40,12186,4506,5,378.42,14,0.09,160,0.38,3449,Fashion,On-Time,Gold
2129,55,27918,98,16166,2115,3,227.41,15,0.3,79,0.11,2682,Fashion,Delayed,Standard
2130,55,137494,69,24471,6186,5,416.99,12,0.35,51,0.31,1245,Food,On-Time,Standard
2131,51,110559,20,21156,12974,4,417.32,11,0.06,13,0.81,5745,Electronics,Delayed,Standard
2132,45,144220,25,22916,0,2,486.86,20,0.24,14,0.59,4064,Home,Delayed,Gold
2133,55,96598,0,15389,11451,2,328.52,5,0.06,42,0.27,5260,Travel,Late,Platinum
2134,53,57800,80,9930,14767,6,359.11,14,0.29,99,0.05,4972,Travel,On-Time,Gold
2135,39,127933,98,21729,3824,5,266.84,15,0.03,103,0.87,3024,Fashion,On-Time,Standard
2136,36,73677,26,12956,11690,5,171.54,10,0.04,122,0.26,3711,Food,On-Time,Standard
2137,46,83833,49,24163,11145,8,87.04,12,0.23,149,0.42,3273,Travel,On-Time,Platinum
2138,68,73287,65,12866,3932,6,389.43,18,0.38,50,0.38,3294,Food,On-Time,Gold
2139,26,20000,99,18804,8968,3,261.31,4,0.4,116,0.58,5080,Fashion,On-Time,Platinum
2140,22,139189,64,33727,9901,6,430.16,8,0.35,1,0.42,5747,Home,On-Time,Standard
2141,47,94640,9,21746,3903,7,244.48,0,0.51,8,0.85,6702,Fashion,On-Time,Standard
2142,45,88192,94,13600,7563,3,474.05,3,0.91,27,0.34,3603,Food,On-Time,Gold
2143,47,72528,36,23992,9836,8,217.24,0,0.46,173,0.71,2613,Food,On-Time,Standard
2144,48,81537,68,18865,12008,7,246.13,0,0.1,42,0.09,1592,Food,On-Time,Standard
2145,41,51108,40,13691,23227,4,345.81,18,0.68,72,0.18,2864,Food,On-Time,Standard
2146,67,99663,45,20194,3222,9,192.97,9,0.96,39,0.58,4698,Travel,On-Time,Platinum
2147,20,22716,76,29921,19474,7,332.45,13,0.2,161,0.1,2972,Electronics,Late,Gold
2148,32,82442,44,24831,3717,4,55.9,20,0.19,64,0.38,269,Fashion,On-Time,Standard
2149,43,97462,87,18544,9982,5,160.09,14,0.25,170,0.9,2723,Electronics,On-Time,Platinum
2150,20,67053,26,10297,16434,1,155.05,15,0.05,26,0.27,2401,Fashion,On-Time,Platinum
2151,42,89834,64,25874,13082,4,99.94,12,0.81,73,0.37,3018,Home,On-Time,Standard
2152,69,35346,83,23823,0,9,466.48,19,0.38,108,0.31,3294,Fashion,On-Time,Standard
2153,45,36366,7,6988,17599,5,492.79,8,0.77,180,0.41,2787,Food,On-Time,Platinum
2154,48,84468,66,8148,12263,5,68.12,3,0.63,123,0.91,1451,Electronics,On-Time,Gold
2155,26,102141,48,32581,6106,4,249.97,18,0.11,144,0.12,2701,Home,On-Time,Gold
2156,35,20000,95,22560,9084,8,124.71,12,0.55,66,0.07,3938,Fashion,Late,Gold
2157,39,95880,88,8861,12990,5,423.29,15,0.72,59,0.06,3075,Travel,On-Time,Standard
2158,40,53271,88,29094,14102,3,116.32,12,0.05,81,0.98,1768,Fashion,On-Time,Gold
2159,64,67287,13,29732,13846,5,132.75,11,0.42,15,0.77,1347,Travel,On-Time,Standard
2160,53,21419,61,14321,4994,3,380.71,13,0.81,81,0.7,4864,Electronics,On-Time,Gold
2161,28,40935,42,12618,9914,2,90.13,8,0.98,111,0.75,4258,Food,Delayed,Gold
2162,48,113645,26,20636,4097,9,477.18,6,0.7,76,0.13,2715,Food,On-Time,Standard
2163,52,76314,95,21280,15363,1,379.92,19,0.31,171,0.32,4207,Electronics,Delayed,Standard
2164,62,59688,26,18734,8291,8,489.74,11,0.28,90,0.39,3672,Home,On-Time,Standard
2165,68,70340,67,11419,13055,2,251.19,1,0.59,63,0.46,1597,Electronics,On-Time,Gold
2166,29,94568,74,17186,6402,3,154.12,10,0.93,29,0.07,3031,Food,On-Time,Gold
2167,32,92619,47,16605,10599,5,471.15,16,0.23,159,0.31,2233,Food,On-Time,Gold
2168,26,71998,66,8096,8657,8,278.36,2,0.23,97,0.32,3328,Travel,On-Time,Platinum
2169,41,118718,24,27932,1503,5,477.5,7,0.51,139,0.8,3610,Electronics,Late,Standard
2170,51,113818,63,11508,17636,2,479.05,6,0.58,151,0.32,1234,Travel,Delayed,Standard
2171,59,91534,23,30447,14679,8,409.67,15,0.94,32,0.6,3467,Travel,Delayed,Standard
2172,43,77184,8,21226,1115,9,151.62,12,0.32,105,0.48,2019,Fashion,On-Time,Standard
2173,40,101292,7,14864,4263,6,155.33,4,0.43,65,0.55,5123,Food,On-Time,Standard
2174,47,87570,94,23100,5837,10,341.01,1,0.36,163,0.02,3312,Electronics,On-Time,Gold
2175,32,117432,58,18936,19219,8,264.72,20,0.73,113,0.78,2692,Electronics,On-Time,Standard
2176,76,110982,16,30593,16069,10,237.45,6,0.36,52,0.27,3971,Travel,On-Time,Gold
2177,20,34269,42,36968,11515,8,141.78,5,0.44,133,0.51,3068,Electronics,On-Time,Standard
2178,47,31561,94,23140,0,5,149.85,16,0.36,168,0.87,5039,Travel,On-Time,Standard
2179,75,46950,67,18569,13195,3,214.2,2,0.03,95,0.01,6112,Fashion,On-Time,Standard
2180,45,114045,3,32822,11183,5,334.1,2,0.54,161,0.4,1098,Travel,Late,Platinum
2181,42,20000,100,18361,7585,7,68.92,15,0.39,153,0.87,5563,Fashion,Delayed,Gold
2182,39,90790,7,15785,19252,8,226.01,15,0.13,96,0.77,2137,Food,On-Time,Standard
2183,42,89501,41,29844,8600,3,386.41,6,0.6,13,0.52,3077,Fashion,On-Time,Platinum
2184,65,121505,48,26716,18266,4,239.47,19,0.69,164,0.11,3462,Home,On-Time,Standard
2185,18,82213,5,15887,7427,4,318.62,12,0.51,14,0.28,5103,Electronics,On-Time,Gold
2186,68,21271,72,22519,4011,6,95.24,6,0.25,80,0.45,2789,Travel,On-Time,Platinum
2187,23,36625,41,17248,1278,0,472.49,2,0.53,122,0.24,2110,Travel,On-Time,Gold
2188,41,27720,71,24833,9441,2,112.55,18,0.28,91,0.02,3608,Travel,On-Time,Standard
2189,38,53482,31,24034,10311,5,342.09,12,0.15,57,0.99,1225,Fashion,On-Time,Standard
2190,53,67683,14,9773,3316,2,124.93,19,0.1,146,0.47,1098,Home,On-Time,Gold
2191,21,28382,81,20331,3638,4,492.9,17,0.17,18,0.38,6344,Food,On-Time,Platinum
2192,51,133826,86,8130,18229,7,334.76,6,0.94,3,0.64,1250,Food,On-Time,Platinum
2193,75,21988,68,8618,15195,4,284.22,4,0.29,109,0.62,2237,Food,Delayed,Platinum
2194,24,128844,26,16051,22815,5,430.46,8,0.64,170,0.06,6057,Food,Delayed,Standard
2195,47,122406,96,15225,0,6,126.87,16,0.76,6,0.24,3218,Travel,On-Time,Gold
2196,35,110932,65,6322,21957,8,241.04,15,0.57,120,0.3,4066,Food,On-Time,Standard
2197,51,47249,58,10507,4489,5,489.79,12,0.51,140,0.55,482,Food,Late,Platinum
2198,45,88698,27,7668,792,5,278.06,11,0.35,73,0.96,2452,Electronics,On-Time,Gold
2199,35,23905,23,14070,11751,3,333.05,9,0.21,79,0.65,3067,Home,On-Time,Standard
2200,52,111436,50,24209,0,7,80.65,17,0.9,78,0.93,1195,Food,Delayed,Standard
2201,72,72040,20,31813,17583,6,82.38,19,0.6,166,0.98,4146,Home,On-Time,Standard
2202,42,58627,30,28462,11204,3,77.74,4,0.14,157,0.07,3504,Fashion,On-Time,Platinum
2203,55,26050,74,23471,5075,8,270.7,6,0.74,104,0.53,2550,Electronics,Late,Standard
2204,25,20000,49,23019,17015,4,373.45,20,0.1,32,0.34,6142,Home,Late,Platinum
2205,30,33458,91,19152,9051,9,196.12,0,0.52,65,0.31,79,Food,On-Time,Gold
2206,52,119511,39,19200,10248,3,308.85,19,0.06,146,0.27,2113,Travel,On-Time,Gold
2207,67,58886,67,31076,14391,4,309.67,20,0.48,41,0.26,2906,Electronics,Delayed,Standard
2208,50,68226,15,24948,5585,7,121.27,14,0.54,26,0.52,-210,Food,On-Time,Gold
2209,40,101222,75,21594,2613,8,387.9,11,0.5,6,0.99,443,Fashion,On-Time,Platinum
2210,44,147226,85,5956,9086,4,295.83,1,0.44,39,0.49,4128,Electronics,On-Time,Gold
2211,26,128000,98,25827,538,6,104.02,16,0.24,67,0.66,-611,Fashion,On-Time,Gold
2212,54,36106,62,25930,6987,5,476.44,13,0.09,143,0.53,1053,Home,On-Time,Standard
2213,58,20000,55,15040,2990,11,160.94,17,0.63,154,0.89,3812,Electronics,On-Time,Gold
2214,38,169384,79,21810,7816,6,235.86,15,0.15,70,0.22,5880,Food,On-Time,Platinum
2215,37,165759,23,18931,3721,4,475.02,19,0.38,48,0.1,3316,Home,Delayed,Gold
2216,48,82538,98,15694,7612,8,199.62,15,0.74,17,0.44,1364,Food,On-Time,Gold
2217,38,24180,27,23281,17192,6,133.28,2,0.61,64,0.58,418,Food,On-Time,Platinum
2218,44,113529,92,11352,4802,6,492.12,13,0.87,127,0.16,1842,Food,On-Time,Standard
2219,76,70680,84,36311,12689,4,498.05,7,0.68,43,0.63,696,Fashion,Late,Standard
2220,41,70480,88,24249,0,9,359.52,3,0.94,10,0.26,4863,Travel,On-Time,Platinum
2221,39,110778,30,19121,7691,2,452.36,3,0.22,150,0.09,2158,Food,On-Time,Standard
2222,35,88374,14,27671,4225,5,499.46,20,0.04,58,0.92,6444,Food,On-Time,Standard
2223,56,27567,41,26269,10404,8,115.86,0,0.08,6,0.04,4222,Fashion,Delayed,Gold
2224,42,62010,98,14041,6132,9,428.82,0,0.2,170,0.05,1765,Home,Late,Standard
2225,35,101446,49,15959,16050,2,70.85,15,0.05,61,0.98,693,Food,Late,Standard
2226,64,95410,85,5000,7521,8,339.89,12,0.26,163,0.35,7596,Home,On-Time,Standard
2227,66,85480,4,11423,17874,0,330.85,13,0.85,58,0.57,909,Fashion,On-Time,Gold
2228,35,112336,47,25334,0,4,269.17,20,0.26,175,0.19,2424,Fashion,On-Time,Gold
2229,18,60531,12,21466,10281,3,309.01,14,0.82,113,0.43,2832,Electronics,Delayed,Standard
2230,60,82146,31,16054,10940,4,175.0,2,0.32,52,0.07,-1356,Electronics,On-Time,Standard
2231,34,20000,66,22776,3456,6,53.3,3,0.44,48,0.03,254,Travel,Late,Standard
2232,56,57013,78,15744,10007,7,134.68,14,0.85,171,1.0,3714,Electronics,On-Time,Standard
2233,18,105556,90,8393,13375,7,470.32,7,0.49,128,0.2,2965,Electronics,On-Time,Standard
2234,58,59384,90,12426,17608,4,172.19,4,0.12,51,0.39,-788,Home,On-Time,Standard
2235,26,56350,29,38360,8001,4,370.77,17,0.36,149,0.59,4383,Electronics,Delayed,Standard
2236,55,33341,5,18784,6924,6,254.8,13,0.81,94,0.52,1839,Travel,On-Time,Standard
2237,45,115134,24,19244,5790,5,491.53,20,0.07,77,0.36,-1229,Electronics,On-Time,Standard
2238,30,96938,27,24186,10348,5,490.37,12,0.74,172,0.02,4376,Travel,On-Time,Standard
2239,38,108016,61,27830,3449,5,288.14,20,0.74,118,0.5,3740,Travel,On-Time,Platinum
2240,55,20000,21,18192,15253,3,205.06,12,0.44,160,0.94,-1496,Food,Delayed,Gold
2241,46,68581,67,28875,0,6,231.64,10,0.02,168,0.74,-1102,Travel,On-Time,Standard
2242,53,63795,14,18238,9547,5,210.81,20,0.24,14,0.72,2875,Home,On-Time,Gold
2243,74,63777,25,19915,342,1,76.35,5,0.27,75,0.95,827,Food,Late,Gold
2244,21,50358,62,16144,9663,6,72.4,7,0.76,7,0.19,232,Fashion,Delayed,Gold
2245,69,61155,17,26150,15658,8,302.57,15,0.54,40,0.97,-104,Home,On-Time,Gold
2246,46,108985,72,8946,11295,4,308.87,7,0.34,101,0.98,-724,Home,On-Time,Gold
2247,31,20000,62,21831,5781,5,82.73,0,0.62,81,0.49,4475,Travel,On-Time,Standard
2248,25,146091,61,24737,15016,5,224.14,19,0.1,12,0.78,877,Travel,On-Time,Standard
2249,42,94353,67,28201,0,7,464.02,8,1.0,90,0.02,2908,Fashion,On-Time,Gold
2250,58,73306,47,24370,9529,6,246.52,13,0.08,155,0.97,4839,Home,On-Time,Gold
2251,43,111273,49,12640,4175,3,210.3,11,0.82,130,0.45,2144,Food,On-Time,Gold
2252,67,20000,62,24616,13459,5,82.7,4,0.44,171,0.99,6003,Home,Late,Gold
2253,23,48411,68,25920,0,5,422.16,20,0.89,93,0.43,190,Fashion,Delayed,Gold
2254,44,70156,5,25192,6741,7,315.82,13,0.2,154,0.66,626,Home,On-Time,Gold
2255,26,129622,57,18084,5499,6,125.79,13,0.55,14,0.12,1406,Electronics,Delayed,Standard
2256,50,73140,50,18779,16329,8,236.97,19,0.59,179,0.15,5463,Home,On-Time,Gold
2257,58,93002,11,27966,4453,7,378.17,4,0.46,124,0.45,3240,Travel,On-Time,Standard
2258,38,51416,94,20016,8446,5,169.25,17,0.28,113,0.38,876,Food,On-Time,Gold
2259,18,94473,46,12367,10497,1,268.97,8,0.81,55,0.12,4090,Home,On-Time,Standard
2260,47,142089,8,16724,9834,6,294.41,18,0.21,134,0.04,5468,Home,On-Time,Platinum
2261,51,114821,6,31931,9693,2,371.36,0,0.26,80,0.76,5801,Travel,On-Time,Gold
2262,51,71741,28,9250,10431,4,307.7,1,0.41,102,0.18,4600,Fashion,On-Time,Standard
2263,63,102019,77,30402,9996,4,255.37,20,0.83,29,0.87,3737,Fashion,On-Time,Standard
2264,28,98100,50,20193,26635,8,127.81,11,0.01,161,0.41,-272,Electronics,Late,Standard
2265,55,95263,83,9395,0,5,189.53,9,0.89,121,0.43,4061,Travel,On-Time,Standard
2266,62,119478,54,26337,4461,4,223.88,20,0.54,42,0.3,3430,Fashion,Delayed,Standard
2267,18,119179,95,14307,9670,6,461.32,18,0.09,45,0.25,3004,Fashion,On-Time,Platinum
2268,49,69913,58,20750,17790,8,346.03,19,0.22,110,0.36,1623,Travel,On-Time,Standard
2269,37,100675,55,5301,16676,6,293.5,1,0.07,3,0.81,1128,Travel,On-Time,Standard
2270,43,59676,21,30762,17262,9,279.53,3,0.45,121,0.68,2550,Travel,Delayed,Standard
2271,50,38077,99,17647,9752,6,345.04,20,0.02,87,0.93,3973,Electronics,On-Time,Gold
2272,37,64220,17,15092,18687,8,153.26,5,0.68,173,0.49,1147,Home,Delayed,Standard
2273,34,71948,57,21530,5804,4,242.67,16,0.12,156,0.81,-2512,Food,On-Time,Standard
2274,45,20000,39,27082,16411,3,303.98,0,0.2,145,0.2,3021,Home,Delayed,Gold
2275,28,109413,88,18489,11324,6,215.47,19,0.01,172,0.07,1104,Travel,On-Time,Standard
2276,28,20000,30,26829,11448,4,73.45,9,0.23,100,0.26,4176,Food,On-Time,Gold
2277,55,183592,55,19793,752,5,242.86,3,0.04,58,0.83,4038,Travel,On-Time,Gold
2278,27,135075,34,20705,0,3,112.56,0,0.1,166,0.97,2379,Fashion,On-Time,Gold
2279,54,64559,25,13594,7965,2,402.8,15,0.96,144,0.71,833,Fashion,On-Time,Standard
2280,51,75377,67,28453,9347,3,277.47,18,0.09,38,0.41,950,Travel,On-Time,Gold
2281,19,87118,83,25363,2151,3,484.89,14,0.79,52,0.82,4562,Home,On-Time,Standard
2282,34,51433,33,24392,16480,3,214.87,3,0.64,130,0.64,5775,Fashion,On-Time,Gold
2283,62,82704,75,28535,4236,10,169.42,0,0.29,113,0.09,2744,Food,Late,Gold
2284,30,69240,15,11605,14028,3,498.92,16,0.86,153,0.93,-2597,Food,Delayed,Platinum
2285,38,71229,41,20569,7940,5,195.45,18,0.47,78,0.14,-1720,Travel,On-Time,Gold
2286,51,82258,4,28869,15471,5,229.78,20,0.3,163,0.46,2640,Travel,On-Time,Standard
2287,56,22458,60,19719,1616,7,54.39,13,0.8,11,0.99,-950,Home,On-Time,Standard
2288,41,76582,43,21181,0,6,145.22,8,0.7,155,0.31,2654,Fashion,On-Time,Standard
2289,36,81537,34,20952,13774,9,399.04,14,0.08,81,0.14,4194,Electronics,Late,Standard
2290,66,80153,90,23783,15972,3,367.51,12,0.33,130,0.7,1999,Fashion,On-Time,Gold
2291,71,66366,0,5000,12203,6,230.44,8,0.66,153,0.35,3441,Fashion,Delayed,Gold
2292,59,120514,97,20952,3815,7,463.27,17,0.26,154,0.56,4223,Fashion,On-Time,Standard
2293,46,60853,42,23175,14734,4,294.48,12,0.62,112,0.88,2192,Travel,On-Time,Gold
2294,32,84093,31,23141,13978,7,333.04,10,0.3,143,0.17,4485,Travel,On-Time,Gold
2295,32,126891,62,32801,2009,4,411.58,4,0.21,56,0.51,2196,Fashion,On-Time,Standard
2296,52,71824,32,15321,13143,7,366.54,18,0.35,173,0.12,1742,Travel,On-Time,Gold
2297,51,83578,94,33182,10997,6,117.19,5,0.36,83,0.54,1477,Home,Delayed,Standard
2298,66,71144,76,17097,10733,5,265.16,2,0.66,90,0.85,1354,Food,On-Time,Standard
2299,54,124494,65,9207,318,5,321.58,15,0.59,146,0.69,3750,Food,Delayed,Gold
2300,22,64691,29,32044,15760,11,72.92,17,0.43,3,0.19,1156,Food,On-Time,Standard
2301,60,126334,9,28421,6201,5,160.48,9,0.75,38,0.67,3786,Home,On-Time,Gold
2302,30,70856,22,21088,5464,4,402.52,2,0.86,48,0.46,4464,Fashion,Delayed,Standard
2303,39,40621,96,15316,13186,2,479.8,1,0.08,114,0.37,535,Electronics,On-Time,Standard
2304,48,102174,38,18330,8471,2,491.16,0,0.64,32,0.19,3544,Travel,On-Time,Gold
2305,74,62813,44,22043,0,4,373.14,15,0.71,60,0.29,-1273,Electronics,Delayed,Platinum
2306,80,99820,28,31101,20706,6,366.06,15,0.44,65,0.04,1185,Fashion,On-Time,Gold
2307,54,20000,29,9470,11597,5,367.8,3,0.06,174,0.89,1747,Home,On-Time,Platinum
2308,42,75208,33,18317,9856,6,183.33,12,0.44,159,0.31,1586,Fashion,Delayed,Standard
2309,53,56615,51,17893,9780,5,234.95,18,0.87,173,0.9,7295,Fashion,On-Time,Gold
2310,58,32469,80,16123,10107,7,130.7,5,0.16,88,0.94,1682,Travel,Late,Gold
2311,40,52870,21,14817,10676,7,261.58,15,0.36,78,0.7,2458,Home,Delayed,Gold
2312,71,52051,4,32857,17985,2,68.28,3,0.74,101,0.59,1418,Food,On-Time,Standard
2313,48,73080,10,13584,21065,10,423.01,5,0.87,124,0.87,8334,Food,Delayed,Standard
2314,52,20306,85,21077,7971,6,476.36,6,0.91,176,0.08,5814,Electronics,On-Time,Standard
2315,54,87650,31,10560,14734,6,112.17,18,0.78,97,0.62,4724,Travel,On-Time,Gold
2316,51,129648,23,26944,14389,5,268.18,19,0.59,178,0.92,109,Home,Late,Platinum
2317,57,86237,10,16056,14826,5,247.79,13,0.35,77,0.9,2087,Home,Late,Standard
2318,35,107359,10,5000,18900,10,385.6,12,0.49,162,0.77,6000,Food,On-Time,Standard
2319,36,118782,16,27787,15963,3,281.48,17,0.01,41,0.24,6168,Food,On-Time,Gold
2320,28,124459,31,15563,12920,7,251.06,18,0.35,166,0.67,-524,Home,On-Time,Standard
2321,51,149805,82,30483,5558,5,112.87,2,0.73,136,0.9,-308,Travel,On-Time,Standard
2322,56,55031,26,28712,12123,5,178.65,4,0.66,174,0.36,3310,Electronics,On-Time,Standard
2323,51,46260,31,19109,2678,4,314.5,9,0.01,30,0.64,3064,Home,Delayed,Platinum
2324,70,106338,60,23168,13228,3,68.32,6,0.55,143,0.41,4673,Home,On-Time,Standard
2325,44,103330,24,20756,12235,6,200.15,14,0.01,57,0.9,3939,Food,Delayed,Gold
2326,55,106027,63,8791,0,8,114.46,17,0.36,97,0.24,4306,Home,On-Time,Standard
2327,28,150571,63,31387,6715,5,84.24,13,0.99,86,0.28,6424,Home,On-Time,Gold
2328,39,75454,27,17952,4809,5,241.81,17,0.41,116,0.68,1179,Travel,On-Time,Gold
2329,55,92046,39,20188,14919,6,187.48,8,0.89,17,0.02,1242,Home,On-Time,Gold
2330,57,35784,90,20303,7941,2,307.35,3,0.02,9,0.28,3541,Home,Delayed,Standard
2331,40,160412,13,18191,38,4,142.23,14,0.72,136,0.29,3957,Travel,Delayed,Standard
2332,43,61538,41,25117,13120,7,74.96,0,0.46,125,0.7,4057,Food,On-Time,Gold
2333,22,62671,38,19221,11446,7,65.8,14,0.55,48,0.51,893,Travel,On-Time,Platinum
2334,39,61130,1,15896,10871,7,244.3,10,0.99,20,0.06,2403,Travel,On-Time,Gold
2335,58,49204,80,16684,2283,3,53.52,0,0.31,18,0.43,5881,Electronics,On-Time,Platinum
2336,53,45822,0,33301,14114,7,75.2,13,0.86,134,0.99,-96,Food,On-Time,Standard
2337,52,54051,31,20474,9208,7,204.54,14,0.92,127,0.89,2200,Food,On-Time,Gold
2338,45,20368,82,32999,8788,3,473.28,16,0.3,131,0.82,4210,Home,On-Time,Gold
2339,45,43587,63,12349,1194,1,371.92,1,0.05,81,0.62,3985,Electronics,On-Time,Gold
2340,35,152958,77,14835,1447,3,382.8,17,0.79,45,0.13,2760,Travel,On-Time,Standard
2341,55,104426,30,16134,38696,4,126.8,19,0.93,16,0.9,3212,Electronics,Late,Gold
2342,51,112036,57,19342,1927,6,306.67,17,0.48,28,0.36,5908,Fashion,Late,Standard
2343,52,122088,81,14283,0,4,153.94,12,0.87,27,0.17,6378,Fashion,On-Time,Platinum
2344,37,148365,77,18973,7301,6,283.23,6,0.22,27,0.14,1222,Travel,On-Time,Standard
2345,18,20000,13,21609,8666,6,416.0,0,0.76,104,0.85,1541,Fashion,On-Time,Gold
2346,61,25804,87,28041,3581,4,244.24,1,0.7,131,0.63,3852,Travel,On-Time,Standard
2347,37,42851,68,9256,4247,4,152.91,18,0.53,93,0.11,3493,Travel,On-Time,Platinum
2348,32,56210,15,27431,9168,6,188.62,15,0.32,3,0.85,2352,Travel,Delayed,Standard
2349,55,62977,68,25909,12551,8,270.39,4,0.25,110,0.26,4745,Food,On-Time,Platinum
2350,39,57120,53,12206,199,7,414.51,1,0.72,138,0.6,5319,Food,On-Time,Standard
2351,60,83772,12,13692,7230,10,335.2,12,0.57,48,0.96,1986,Travel,Late,Standard
2352,54,76411,79,22868,9987,3,479.98,18,0.86,163,0.79,2808,Food,Delayed,Gold
2353,55,46086,78,14959,8327,4,489.5,10,0.82,106,0.67,-1916,Food,On-Time,Standard
2354,24,20000,30,30967,5193,2,190.89,14,0.18,57,0.77,2845,Food,On-Time,Standard
2355,63,35285,68,19947,2824,6,347.08,13,0.21,141,0.54,1032,Electronics,Delayed,Standard
2356,48,53030,20,10322,22108,2,368.75,3,0.94,86,0.41,1479,Fashion,On-Time,Standard
2357,39,65116,29,11063,0,4,301.98,12,0.38,89,0.02,1254,Home,On-Time,Gold
2358,47,29813,22,8079,17177,1,411.62,7,0.55,78,0.0,4621,Electronics,On-Time,Gold
2359,18,55367,37,19161,2002,4,174.23,14,0.42,2,0.93,5431,Electronics,On-Time,Platinum
2360,51,29760,28,19541,11682,4,392.78,1,0.56,158,0.1,1676,Travel,On-Time,Gold
2361,29,69967,76,24102,10547,6,163.04,19,0.68,107,0.6,5260,Home,On-Time,Gold
2362,24,32076,31,30102,2723,6,294.34,20,0.36,87,0.57,3212,Travel,On-Time,Standard
2363,22,41043,61,20097,8654,7,100.89,2,0.33,177,0.6,482,Electronics,On-Time,Standard
2364,61,22652,90,30138,7220,4,358.47,3,0.85,54,0.51,3881,Travel,On-Time,Gold
2365,35,68859,97,14167,10193,4,435.51,4,0.62,58,0.95,2745,Travel,On-Time,Platinum
2366,68,40342,44,8223,18973,10,383.47,4,0.85,26,0.35,556,Food,On-Time,Gold
2367,36,111271,48,26345,19960,2,479.1,12,0.87,24,0.31,3853,Electronics,On-Time,Platinum
2368,19,91234,32,25797,4628,5,494.95,19,0.16,79,0.36,3536,Electronics,On-Time,Gold
2369,28,72205,3,22025,12420,4,257.39,11,0.8,133,0.21,2261,Food,On-Time,Standard
2370,63,43100,17,25450,17130,4,119.66,1,0.9,137,0.72,1292,Food,On-Time,Platinum
2371,42,90220,69,5000,6968,6,370.64,15,0.44,25,0.35,2362,Electronics,On-Time,Gold
2372,36,102628,63,16244,14197,7,239.26,20,0.5,5,0.06,658,Travel,Delayed,Standard
2373,47,80707,27,28950,26661,5,222.72,2,0.38,148,0.12,4168,Electronics,On-Time,Standard
2374,52,139148,57,17935,2018,2,131.74,19,0.15,127,0.77,3314,Food,On-Time,Gold
2375,61,93385,90,25203,13350,5,68.24,2,0.53,21,0.1,3216,Home,On-Time,Standard
2376,66,111544,89,40821,2945,10,393.77,10,0.4,174,0.21,5260,Food,Late,Platinum
2377,39,80342,55,28178,5624,5,266.82,5,0.82,72,0.38,812,Fashion,On-Time,Gold
2378,25,102026,19,17118,6670,6,228.73,13,0.49,167,0.79,997,Fashion,On-Time,Standard
2379,38,43128,76,5869,13099,0,215.08,3,0.96,46,0.08,2517,Electronics,On-Time,Standard
2380,48,56664,91,25726,24183,3,276.94,1,0.74,165,0.19,5237,Fashion,On-Time,Gold
2381,30,88974,33,5000,5820,10,383.97,14,0.23,27,0.2,723,Fashion,On-Time,Gold
2382,30,88683,86,13681,17061,4,245.4,7,0.4,51,0.47,5415,Home,On-Time,Gold
2383,50,95304,9,14077,3687,4,92.91,11,0.61,11,0.4,1879,Travel,Delayed,Gold
2384,44,119015,93,19034,6924,8,166.36,13,0.13,151,0.81,4333,Travel,Delayed,Gold
2385,45,20000,21,22199,19189,6,109.97,17,0.51,23,0.28,2277,Travel,On-Time,Gold
2386,33,36021,4,13097,16698,3,135.53,13,0.87,124,0.13,4262,Electronics,Delayed,Standard
2387,41,84182,43,28421,7117,5,443.56,3,0.17,108,0.24,3165,Home,On-Time,Gold
2388,31,46025,8,31346,5760,8,127.41,17,0.08,136,0.31,4021,Electronics,Delayed,Standard
2389,58,200000,42,18062,13279,8,376.72,12,0.5,109,0.59,4147,Home,On-Time,Gold
2390,60,95628,3,28574,5421,4,185.94,16,0.89,96,0.39,3882,Travel,On-Time,Standard
2391,18,71866,41,14478,6640,4,455.6,0,0.7,162,0.22,1878,Home,On-Time,Standard
2392,31,54381,64,11710,7189,7,329.97,15,0.57,18,0.11,1919,Fashion,Delayed,Standard
2393,22,55793,97,28644,8751,3,353.65,6,0.17,128,0.59,-171,Travel,On-Time,Standard
2394,35,76205,40,22129,5916,5,286.38,7,0.74,176,0.94,1673,Food,Late,Platinum
2395,43,79479,63,23139,0,4,467.19,18,0.67,106,0.21,2919,Home,On-Time,Gold
2396,23,56732,54,34724,20864,3,121.01,13,0.96,167,0.13,2130,Fashion,Delayed,Standard
2397,31,64073,89,25331,15746,2,178.86,19,0.12,124,0.91,5882,Food,On-Time,Standard
2398,29,128771,17,39218,9388,2,457.05,18,0.33,61,0.6,5427,Food,Delayed,Standard
2399,48,130380,15,20744,4830,6,495.05,17,0.48,148,0.36,5077,Travel,On-Time,Standard
2400,46,85081,86,32092,18420,6,396.64,18,0.64,83,0.06,2569,Fashion,On-Time,Standard
2401,34,21349,45,19591,13273,4,145.63,13,0.47,134,0.76,6196,Food,On-Time,Gold
2402,47,96540,35,10770,5459,1,458.74,3,0.39,128,0.72,2055,Food,Delayed,Standard
2403,36,137171,89,26656,13552,6,125.51,16,0.37,20,0.9,4358,Food,Late,Gold
2404,40,129791,65,19705,10565,8,443.71,10,0.1,6,0.57,2482,Travel,On-Time,Gold
2405,70,104377,43,36593,10940,3,222.38,17,0.41,15,0.32,4546,Home,Delayed,Standard
2406,65,131896,4,24510,16033,6,71.59,12,0.25,53,0.17,3040,Travel,Late,Gold
2407,25,77135,28,27614,13507,4,325.31,8,0.29,62,0.22,3471,Travel,Delayed,Platinum
2408,57,100124,3,7452,15977,2,216.22,6,0.0,51,0.51,2601,Electronics,Delayed,Platinum
2409,57,47768,98,25800,22829,2,58.66,6,0.04,141,0.85,3421,Home,Delayed,Standard
2410,27,86690,85,19435,14085,4,117.84,0,0.28,101,0.9,1240,Electronics,On-Time,Gold
2411,57,128181,48,13791,26459,10,255.17,1,0.19,1,0.49,4730,Home,Delayed,Standard
2412,68,51423,71,31236,18359,4,343.53,20,0.56,147,0.04,2096,Travel,On-Time,Standard
2413,28,40542,84,9658,8279,3,64.78,10,0.51,67,0.12,4519,Food,On-Time,Standard
2414,31,78899,7,22840,0,4,284.35,2,0.85,101,0.95,2042,Electronics,On-Time,Standard
2415,60,65933,51,15086,18429,6,71.18,7,0.06,169,0.23,1603,Food,On-Time,Standard
2416,49,100965,68,22188,957,1,456.08,10,0.69,27,0.82,2365,Travel,On-Time,Standard
2417,53,56869,20,17762,11086,4,368.15,3,0.91,148,0.93,3362,Home,Late,Gold
2418,50,143737,26,18555,15057,5,87.77,20,0.62,124,0.94,7618,Home,Delayed,Standard
2419,50,23412,37,20461,2490,7,278.44,17,0.85,139,0.1,4486,Fashion,On-Time,Platinum
2420,25,125149,4,12326,5591,7,380.8,3,0.57,96,0.17,5084,Home,Late,Gold
2421,60,44406,84,28217,2551,5,179.58,14,0.78,2,0.46,1132,Home,On-Time,Standard
2422,62,20000,60,25326,24452,1,134.5,17,0.07,122,0.32,6541,Travel,On-Time,Platinum
2423,41,84515,7,12097,15141,6,354.07,19,0.17,98,0.37,674,Home,On-Time,Platinum
2424,44,64815,85,31291,4934,7,400.5,8,0.09,146,0.52,6089,Travel,On-Time,Gold
2425,22,30615,17,26087,0,5,230.36,8,0.91,128,0.94,678,Fashion,On-Time,Standard
2426,52,20000,3,20815,3898,6,158.13,14,0.57,96,0.49,2701,Fashion,On-Time,Gold
2427,53,74665,3,8630,5602,2,473.87,5,0.34,0,0.44,3769,Home,On-Time,Standard
2428,44,114033,36,14837,6115,8,291.32,5,0.53,3,0.66,3813,Electronics,On-Time,Standard
2429,61,98398,14,5000,15543,8,270.6,1,0.01,3,0.14,2652,Electronics,On-Time,Gold
2430,39,77268,37,21439,124,6,378.83,11,0.69,74,0.48,2000,Food,On-Time,Platinum
2431,53,94153,26,26774,17611,4,453.25,18,0.26,3,0.72,2641,Food,On-Time,Standard
2432,29,73911,84,14212,0,8,187.58,16,0.25,106,0.59,665,Fashion,On-Time,Standard
2433,44,20000,47,20047,9475,6,415.8,15,0.24,143,0.75,2136,Travel,On-Time,Standard
2434,42,20000,45,27940,5126,1,470.03,12,0.31,80,0.89,6457,Food,On-Time,Gold
2435,48,66873,45,15011,16962,3,482.8,1,0.66,95,0.44,3423,Food,On-Time,Gold
2436,39,68573,47,24460,20083,3,359.49,3,0.62,168,0.72,5117,Food,On-Time,Standard
2437,43,109039,58,36836,15661,4,396.89,9,0.59,33,0.41,26,Fashion,On-Time,Standard
2438,57,105292,3,25889,13098,8,429.13,18,0.3,0,0.87,1344,Travel,On-Time,Gold
2439,38,99205,74,11750,8119,2,406.57,13,0.75,63,0.44,5433,Travel,On-Time,Platinum
2440,20,63788,18,19798,19388,5,134.22,4,0.98,147,0.68,3134,Fashion,Late,Standard
2441,71,20000,56,25791,2995,4,51.02,10,0.63,22,0.01,4303,Electronics,On-Time,Platinum
2442,65,91482,18,23998,13129,9,308.21,11,0.53,13,0.4,-973,Food,On-Time,Gold
2443,25,96006,90,11418,17592,7,331.2,8,0.17,38,0.55,1558,Fashion,On-Time,Gold
2444,55,20000,41,23507,16412,4,151.62,4,0.08,46,0.64,4273,Electronics,On-Time,Standard
2445,37,41626,91,18301,13701,7,134.32,14,0.23,113,0.18,-472,Electronics,On-Time,Standard
2446,48,47357,4,16357,13511,2,289.52,4,0.49,39,0.64,5708,Electronics,Late,Standard
2447,49,79734,47,24425,16245,4,451.93,8,0.29,173,0.75,5043,Electronics,Late,Platinum
2448,41,42865,24,34109,9069,4,134.51,14,0.98,163,0.28,97,Food,On-Time,Gold
2449,33,73474,66,14033,19986,7,443.76,4,0.62,168,0.35,1052,Electronics,On-Time,Platinum
2450,34,66578,25,23621,24398,12,438.35,11,0.34,15,0.91,339,Fashion,Late,Standard
2451,31,68634,73,19355,0,5,162.65,17,0.74,126,0.22,4389,Travel,On-Time,Platinum
2452,32,46344,87,24879,7242,3,408.97,6,0.22,34,0.37,2438,Travel,Late,Gold
2453,43,49440,61,20856,2189,5,481.4,17,0.91,156,0.72,6935,Electronics,Delayed,Gold
2454,34,31789,92,15380,5432,1,120.98,2,0.49,59,0.19,4122,Electronics,On-Time,Standard
2455,55,90202,6,15069,10866,5,295.69,12,0.51,82,0.51,542,Home,On-Time,Platinum
2456,67,97844,43,23691,13297,3,412.99,20,0.23,158,0.75,-348,Electronics,On-Time,Standard
2457,36,44175,86,21042,8843,6,199.32,17,0.02,144,0.06,-193,Fashion,Delayed,Standard
2458,48,135825,26,24968,14449,3,84.25,9,0.99,153,0.24,398,Travel,Delayed,Standard
2459,52,62415,41,7231,4843,3,105.25,6,0.75,116,0.57,1172,Home,Delayed,Standard
2460,52,136207,72,28742,7166,6,200.02,17,0.79,144,0.26,2947,Electronics,On-Time,Standard
2461,46,49314,55,31324,14521,3,69.16,18,0.33,17,0.82,2426,Travel,On-Time,Gold
2462,56,20000,2,21215,7685,6,70.5,0,0.6,121,0.67,-60,Food,On-Time,Standard
2463,52,91087,12,25284,976,7,488.63,8,0.38,180,0.53,1014,Electronics,On-Time,Platinum
2464,26,84941,69,27809,25622,6,105.41,20,0.02,173,0.15,4320,Travel,Delayed,Standard
2465,58,76375,58,18554,16567,2,123.5,15,0.8,100,0.68,1812,Travel,On-Time,Standard
2466,58,49310,37,21856,11141,6,315.89,16,0.01,62,0.17,293,Food,On-Time,Standard
2467,33,73617,84,23882,16246,5,416.69,17,0.54,153,0.94,6001,Travel,On-Time,Standard
2468,45,54549,82,15813,12921,3,121.85,8,0.52,34,0.07,3552,Fashion,On-Time,Platinum
2469,55,62906,88,21098,0,7,69.36,13,0.36,162,0.4,1814,Fashion,On-Time,Platinum
2470,41,108665,67,5000,11072,4,148.89,16,0.02,132,0.28,3322,Food,On-Time,Gold
2471,61,82368,85,15000,4936,7,276.77,9,0.63,92,0.67,2425,Travel,On-Time,Standard
2472,80,99398,68,31718,10790,7,496.16,9,0.71,50,0.67,1965,Food,On-Time,Gold
2473,33,65725,0,23090,12830,6,328.14,20,0.01,88,0.75,5186,Travel,On-Time,Standard
2474,24,61319,49,13629,16664,2,149.8,18,0.32,159,0.78,-1516,Fashion,Delayed,Standard
2475,49,28860,80,10129,3099,5,54.97,19,0.53,116,0.23,785,Home,On-Time,Gold
2476,55,60198,72,40180,3356,5,124.73,9,0.97,37,0.64,2924,Fashion,On-Time,Gold
2477,41,20000,8,14387,6680,6,345.28,12,0.55,24,0.22,4238,Travel,Late,Standard
2478,66,51391,52,16019,20249,6,193.4,11,0.83,94,0.57,2282,Fashion,On-Time,Standard
2479,24,71725,87,24793,7455,9,299.78,11,0.44,127,0.48,5046,Travel,Delayed,Gold
2480,55,97546,9,13352,13744,4,313.62,7,0.03,24,0.79,3561,Food,Late,Standard
2481,35,64252,83,23010,9609,1,121.56,3,0.33,73,0.32,6221,Electronics,On-Time,Platinum
2482,70,88906,80,20226,7233,4,233.86,20,0.43,84,0.04,-204,Home,On-Time,Standard
2483,74,20000,76,10617,10941,6,299.16,2,0.51,120,0.37,2864,Travel,On-Time,Gold
2484,33,72726,28,20400,15542,8,440.25,14,0.26,39,0.84,1834,Food,On-Time,Gold
2485,36,20000,35,22609,14716,5,409.78,12,0.44,29,0.45,2614,Home,On-Time,Standard
2486,57,26667,86,11542,1538,5,353.09,6,0.39,50,0.82,3482,Fashion,Delayed,Gold
2487,39,67513,26,24167,12345,9,399.73,7,0.15,107,0.25,3913,Food,On-Time,Gold
2488,44,126050,17,25576,21413,3,481.3,17,0.72,151,0.25,2121,Home,On-Time,Platinum
2489,45,89848,17,11818,12134,7,393.34,0,0.33,7,0.27,1185,Travel,On-Time,Standard
2490,18,75729,8,23882,17916,7,141.79,11,0.31,7,0.74,2916,Home,On-Time,Standard
2491,44,74218,66,21839,22183,2,201.24,9,0.08,158,0.55,2594,Electronics,Delayed,Standard
2492,34,46454,6,17250,11147,5,215.56,13,0.92,44,0.71,6193,Food,Delayed,Gold
2493,37,53240,57,17926,9566,6,246.9,17,0.67,112,0.38,1779,Electronics,Delayed,Standard
2494,66,92095,78,23156,13008,3,335.11,10,0.74,62,0.45,5338,Home,Late,Gold
2495,26,20000,29,15275,19010,6,239.06,4,0.7,104,0.47,3336,Travel,Delayed,Standard
2496,57,98722,72,24626,8886,7,259.34,8,0.16,67,0.5,3536,Food,On-Time,Standard
2497,40,59459,60,13583,1973,5,316.91,19,0.13,129,0.29,3949,Electronics,On-Time,Standard
2498,40,108022,90,14168,12518,4,414.71,11,0.95,104,0.68,2952,Travel,On-Time,Standard
2499,56,113443,99,9714,16497,3,251.81,15,0.02,21,0.54,5300,Travel,On-Time,Platinum
2500,50,20000,81,6240,12797,3,333.76,10,0.88,162,0.63,2746,Travel,Delayed,Gold
2501,53,51736,94,21209,13072,2,259.28,2,0.92,38,0.1,4661,Food,On-Time,Gold
2502,59,40778,16,5000,9730,3,498.9,19,0.55,95,0.12,1885,Travel,Late,Platinum
2503,40,20000,52,22616,8355,3,474.58,14,0.37,56,0.4,6165,Electronics,Delayed,Standard
2504,35,33698,5,19321,18895,4,293.36,7,0.59,68,0.62,5708,Travel,Delayed,Gold
2505,28,172650,38,35089,0,4,416.92,5,0.54,64,0.29,2953,Travel,On-Time,Standard
2506,32,99380,24,24858,10641,8,438.46,11,0.98,158,0.12,-1274,Travel,Late,Gold
2507,80,151691,41,24082,3123,4,62.54,19,0.35,174,0.73,2670,Electronics,Late,Gold
2508,63,108163,41,14616,9770,7,464.05,2,0.6,89,0.79,-1074,Travel,On-Time,Platinum
2509,24,45326,58,15485,11847,5,437.19,7,0.52,86,0.65,3950,Home,On-Time,Standard
2510,25,59729,37,16634,13541,3,418.5,17,0.17,16,0.33,2890,Food,On-Time,Standard
2511,52,98537,30,19716,10992,4,305.44,7,0.87,108,0.59,2769,Food,Delayed,Gold
2512,53,92500,28,15327,19733,9,152.5,20,0.21,111,0.31,1215,Fashion,On-Time,Standard
2513,53,51906,8,24564,10739,5,275.68,8,0.61,68,0.81,4143,Travel,On-Time,Standard
2514,41,20000,0,16884,2569,10,409.71,15,0.36,88,0.97,1061,Fashion,Delayed,Platinum
2515,43,200000,79,28922,17243,6,253.25,9,0.85,156,0.14,280,Electronics,On-Time,Platinum
2516,49,69354,86,13425,12356,7,494.31,14,0.85,170,0.76,4264,Home,On-Time,Gold
2517,46,61970,71,25969,3282,2,152.0,7,0.14,98,0.0,-1254,Home,On-Time,Gold
2518,18,79533,46,35443,15116,4,459.85,14,0.95,112,0.44,1147,Home,On-Time,Standard
2519,41,65290,75,34145,6091,2,195.26,18,0.15,136,0.75,1534,Travel,On-Time,Platinum
2520,32,79909,9,13123,16546,4,427.39,3,0.45,9,0.72,2617,Food,On-Time,Standard
2521,47,126477,15,29219,1169,4,245.53,11,0.7,78,0.93,1562,Food,Delayed,Standard
2522,80,70018,46,5000,9124,3,424.68,8,0.41,106,0.9,992,Electronics,On-Time,Standard
2523,50,28491,42,7550,13011,0,315.15,5,0.55,19,0.49,449,Electronics,On-Time,Gold
2524,40,68534,23,24805,2533,2,458.22,14,1.0,111,0.83,695,Fashion,Delayed,Gold
2525,58,56423,7,23500,13662,10,265.35,18,0.26,117,1.0,1952,Travel,On-Time,Standard
2526,52,131955,74,24815,17229,4,469.93,0,0.76,123,0.58,-263,Food,Late,Standard
2527,51,121844,25,16108,8574,4,107.33,8,0.66,18,0.66,1519,Home,Late,Platinum
2528,54,79301,6,11073,12750,5,414.03,10,0.95,98,0.08,2699,Food,Late,Gold
2529,75,23850,78,5537,4432,9,149.36,11,0.1,35,0.98,5596,Travel,Late,Gold
2530,28,25964,14,13107,30029,4,153.49,17,0.27,180,0.92,1799,Home,On-Time,Standard
2531,52,75604,47,25202,10043,3,79.53,11,0.77,100,0.47,4060,Fashion,On-Time,Gold
2532,31,88452,2,26882,12318,10,379.31,20,0.82,57,0.47,3926,Home,On-Time,Standard
2533,53,60015,15,22372,8124,10,339.72,15,0.72,164,0.58,8392,Food,On-Time,Gold
2534,31,55793,78,21568,5375,3,200.79,13,0.15,29,0.73,4599,Travel,On-Time,Platinum
2535,38,51288,88,33545,16750,7,489.1,2,0.33,81,0.72,1341,Electronics,On-Time,Standard
2536,40,74064,96,31252,0,4,76.16,0,0.22,28,0.65,216,Travel,On-Time,Standard
2537,59,20000,13,27551,0,2,396.44,20,0.76,88,0.29,4503,Fashion,On-Time,Standard
2538,58,30946,87,29247,12241,4,168.76,6,0.89,35,0.54,-1470,Home,Late,Standard
2539,26,49917,74,22795,7426,11,80.16,17,0.61,53,0.55,7026,Electronics,On-Time,Platinum
2540,45,123300,2,23826,15917,4,336.54,1,0.16,160,0.49,3714,Electronics,On-Time,Gold
2541,34,42447,72,13816,6374,5,198.09,10,0.87,67,0.07,4059,Home,Delayed,Platinum
2542,26,82218,69,23036,0,3,252.73,2,0.44,49,0.89,4119,Travel,On-Time,Standard
2543,41,84061,30,14833,9535,5,262.75,9,0.17,24,0.32,3935,Home,On-Time,Standard
2544,40,126916,79,29924,8124,7,68.31,12,0.62,166,0.63,3227,Travel,On-Time,Gold
2545,80,125503,74,24999,2422,0,289.3,18,0.08,8,0.63,1992,Electronics,Delayed,Gold
2546,51,72699,16,16576,15503,5,67.7,18,0.6,118,0.13,3132,Travel,On-Time,Gold
2547,24,55980,48,25616,12498,9,132.33,9,0.97,129,0.9,1665,Home,Delayed,Gold
2548,36,48446,2,28974,3099,3,372.54,12,0.59,39,0.36,2702,Food,On-Time,Platinum
2549,60,65357,82,13028,0,2,375.62,2,0.86,152,0.07,-589,Fashion,On-Time,Standard
2550,76,57638,87,17943,12486,6,51.26,1,0.87,165,0.91,1751,Travel,On-Time,Standard
2551,21,97145,54,12224,3305,5,432.0,20,0.17,110,0.22,4657,Travel,On-Time,Standard
2552,18,91812,71,19682,3284,4,53.91,7,0.67,152,0.74,-137,Fashion,On-Time,Gold
2553,73,98672,99,30677,9236,4,486.03,15,0.53,48,0.96,1203,Travel,On-Time,Standard
2554,50,125371,39,20004,10332,4,302.2,16,0.05,56,0.23,740,Fashion,On-Time,Standard
2555,31,149514,65,24645,13520,4,215.68,16,0.19,73,0.7,3449,Travel,On-Time,Standard
2556,53,79986,86,15634,17398,5,323.19,16,0.17,106,0.28,-502,Travel,On-Time,Gold
2557,18,118978,39,26800,6753,6,116.84,19,0.62,130,0.82,1597,Food,On-Time,Gold
2558,45,60933,29,19493,14113,3,264.76,7,0.16,154,0.85,372,Fashion,On-Time,Platinum
2559,49,122400,24,26101,8780,5,359.96,5,0.3,29,0.52,1549,Electronics,Delayed,Standard
2560,58,117460,6,26942,18238,2,344.5,7,0.11,127,0.54,2166,Electronics,On-Time,Standard
2561,29,115336,91,11563,4062,7,458.42,1,0.06,145,0.55,5205,Home,Delayed,Standard
2562,46,78762,49,14531,13669,6,177.97,19,1.0,26,0.83,1380,Fashion,Delayed,Standard
2563,31,48265,80,16704,4210,2,81.73,16,0.4,60,0.12,2296,Travel,On-Time,Standard
2564,48,20000,95,34202,3650,6,217.63,11,0.5,62,0.39,4433,Electronics,Late,Gold
2565,31,73398,0,30861,6804,3,109.76,0,0.04,127,0.23,5118,Home,On-Time,Gold
2566,38,136320,90,20801,0,4,451.97,4,0.16,82,0.78,4499,Food,Delayed,Standard
2567,30,62606,43,41919,16905,11,491.6,18,0.6,57,0.61,2180,Home,On-Time,Platinum
2568,54,106405,99,9512,3889,4,335.53,12,0.4,144,0.49,-76,Travel,On-Time,Gold
2569,57,108758,48,18114,6774,6,407.18,19,0.61,3,0.45,630,Home,On-Time,Standard
2570,41,63652,6,29401,3229,3,363.51,0,0.31,148,0.84,4382,Electronics,On-Time,Standard
2571,45,127653,2,20353,16649,2,296.58,9,0.49,57,0.19,3503,Travel,On-Time,Standard
2572,23,20000,93,13212,11869,6,422.71,3,0.91,10,0.4,1609,Food,Delayed,Standard
2573,40,26089,0,23182,13855,10,451.97,10,0.62,79,0.59,6741,Electronics,On-Time,Standard
2574,44,38374,50,41407,11188,3,280.7,19,0.71,17,0.18,3060,Food,On-Time,Gold
2575,80,42211,97,13313,11178,4,415.01,5,0.93,16,0.44,4170,Travel,Late,Gold
2576,28,88450,37,14145,12325,4,225.56,2,0.72,123,0.68,5050,Food,On-Time,Standard
2577,66,86601,42,11395,16644,0,154.99,4,0.65,141,0.44,3389,Home,On-Time,Gold
2578,59,90759,54,16642,1968,4,258.34,11,0.85,61,0.1,838,Home,Delayed,Standard
2579,49,98843,56,28662,6004,10,161.33,0,0.69,141,0.6,1140,Home,On-Time,Standard
2580,71,36995,52,32540,2640,7,226.33,12,0.6,104,0.16,1799,Food,Late,Gold
2581,50,26272,99,9876,14199,6,338.29,10,0.24,33,0.31,1451,Travel,Late,Gold
2582,50,90852,32,24870,13088,6,127.37,13,0.03,127,0.05,1559,Home,Delayed,Gold
2583,44,49790,79,26189,15026,8,375.95,13,0.42,114,0.5,4819,Travel,On-Time,Standard
2584,63,20000,61,14541,0,6,453.3,13,0.82,65,0.43,6848,Electronics,On-Time,Gold
2585,61,113853,10,25935,6970,3,222.14,2,0.52,15,0.77,3680,Electronics,On-Time,Standard
2586,35,130804,71,23007,0,3,488.56,13,0.08,163,0.81,702,Travel,On-Time,Standard
2587,25,137286,51,28735,23658,2,360.05,0,0.44,155,0.89,1814,Electronics,Late,Gold
2588,41,82480,0,5000,10889,3,308.91,8,0.6,11,0.13,-437,Fashion,On-Time,Standard
2589,32,100037,13,22329,4277,5,186.77,8,0.24,156,0.3,1881,Fashion,On-Time,Platinum
2590,44,129794,93,26513,9144,7,57.41,18,0.08,72,0.63,962,Fashion,On-Time,Gold
2591,63,49343,84,28374,9873,7,236.0,5,0.56,82,0.95,2272,Travel,Late,Platinum
2592,38,119427,20,26450,23839,4,460.27,2,0.09,51,0.47,4810,Electronics,On-Time,Gold
2593,44,86015,33,10345,8653,0,411.84,7,0.01,131,0.51,2579,Food,On-Time,Platinum
2594,45,111548,89,31416,11299,3,492.26,5,0.74,73,0.41,3344,Travel,On-Time,Standard
2595,57,82443,13,25964,5848,7,413.42,8,0.46,92,0.29,4265,Electronics,On-Time,Platinum
2596,18,126850,39,20150,24766,7,378.29,2,0.04,91,0.28,116,Electronics,Delayed,Gold
2597,35,83940,34,20287,21006,4,89.1,14,0.6,51,0.3,2646,Travel,On-Time,Standard
2598,48,20000,41,34109,0,6,490.86,12,0.01,23,0.4,1286,Food,On-Time,Standard
2599,63,133077,81,25698,15975,5,181.39,3,0.33,94,0.47,1886,Home,On-Time,Platinum
2600,37,37098,19,21245,13136,1,159.71,14,0.17,133,0.06,3758,Fashion,Delayed,Gold
2601,18,125122,59,13201,4568,5,63.21,0,0.4,162,0.75,3639,Food,On-Time,Standard
2602,54,71390,8,18186,3046,5,230.7,4,0.01,108,0.1,1041,Travel,On-Time,Gold
2603,35,122040,32,13179,0,4,452.6,13,0.97,140,0.6,5111,Home,On-Time,Standard
2604,27,120390,48,5991,14499,10,396.26,9,0.15,40,0.64,3787,Home,On-Time,Standard
2605,35,92205,67,21790,484,4,313.79,17,0.96,92,0.04,-1196,Fashion,On-Time,Gold
2606,42,95341,3,5970,12168,2,386.05,20,0.51,109,0.35,1619,Fashion,Delayed,Gold
2607,35,91905,47,14967,2381,8,73.76,0,0.07,157,0.75,5773,Electronics,On-Time,Gold
2608,18,20000,15,17525,1633,4,134.62,14,0.88,77,0.31,4918,Electronics,Delayed,Standard
2609,58,79733,46,8322,10351,5,260.65,2,0.41,21,0.89,2375,Electronics,On-Time,Standard
2610,64,30357,25,28149,18754,3,351.07,13,0.15,155,0.95,1920,Fashion,On-Time,Gold
2611,54,81847,69,19086,4627,9,306.03,11,0.27,78,0.91,2083,Fashion,On-Time,Standard
2612,27,29282,36,5000,9585,5,119.16,6,0.29,5,0.6,1053,Food,On-Time,Gold
2613,41,27601,21,26718,10720,7,419.75,19,0.61,39,0.16,2883,Electronics,On-Time,Gold
2614,44,139197,6,34154,9448,5,111.07,13,0.97,122,0.49,4197,Home,On-Time,Gold
2615,53,117777,41,21440,12168,4,162.98,18,0.19,63,0.99,6026,Food,On-Time,Standard
2616,55,74834,29,24955,10114,6,476.11,3,0.21,169,0.07,4057,Travel,On-Time,Gold
2617,33,82390,73,22589,0,7,472.04,19,0.97,111,0.37,4824,Electronics,On-Time,Gold
2618,46,65083,78,24566,19132,3,124.44,12,0.22,13,0.26,1829,Home,On-Time,Platinum
2619,51,97795,5,15684,12764,3,153.03,13,0.23,107,0.93,3025,Food,Delayed,Gold
2620,66,47957,23,14029,8507,6,339.53,7,0.99,122,0.45,3306,Home,Late,Standard
2621,55,114749,65,11572,3003,8,427.31,17,0.65,53,0.01,157,Electronics,Late,Gold
2622,56,64876,39,20961,7444,9,300.92,4,0.31,93,0.56,4823,Home,Delayed,Standard
2623,46,58206,14,25162,16118,7,176.16,20,0.24,157,0.34,3703,Electronics,On-Time,Gold
2624,66,75868,52,25059,683,7,178.12,10,0.48,0,0.73,936,Home,On-Time,Standard
2625,51,51354,84,16644,4124,1,66.25,20,0.32,22,0.14,2338,Travel,On-Time,Standard
2626,32,88147,81,18447,9402,2,52.52,8,0.01,164,0.74,-118,Food,On-Time,Standard
2627,66,53505,4,18415,0,7,107.7,0,0.07,172,0.37,2339,Electronics,On-Time,Standard
2628,55,93740,88,15969,3205,8,496.85,5,0.54,23,0.99,2998,Food,On-Time,Gold
2629,38,123640,35,5000,8069,11,138.3,7,0.26,0,0.48,-312,Electronics,On-Time,Standard
2630,37,46227,73,18442,0,3,297.17,0,0.94,3,0.34,101,Home,Delayed,Standard
2631,49,69776,45,17609,8316,3,127.38,3,0.7,108,0.34,3287,Travel,On-Time,Platinum
2632,51,93453,22,19620,796,2,439.82,12,0.98,144,0.05,2701,Home,On-Time,Gold
2633,47,57565,87,15738,18281,0,347.79,11,0.81,80,0.99,3902,Travel,Delayed,Platinum
2634,49,93572,44,22324,6118,2,383.91,20,0.31,119,0.71,1884,Home,Delayed,Standard
2635,70,97215,9,41667,15168,4,417.2,3,0.74,170,0.83,3302,Food,On-Time,Platinum
2636,61,118330,53,26264,12701,4,414.97,14,0.46,98,0.54,280,Electronics,On-Time,Standard
2637,47,50760,69,16200,4477,5,53.25,9,0.51,114,0.94,6203,Electronics,On-Time,Standard
2638,59,37288,76,18221,12463,3,352.35,6,0.53,147,0.48,4220,Travel,On-Time,Gold
2639,29,62696,84,19090,21901,3,420.14,18,0.68,76,0.29,3435,Food,On-Time,Standard
2640,50,36289,31,20926,10347,6,74.82,0,0.36,98,0.76,1374,Fashion,On-Time,Standard
2641,72,97579,42,19959,7514,5,289.67,8,0.78,32,0.71,4016,Fashion,On-Time,Gold
2642,41,28529,14,16382,12664,3,127.39,4,0.17,82,0.81,3350,Fashion,On-Time,Standard
2643,32,168320,65,15968,13389,2,145.75,8,0.36,107,0.91,5459,Fashion,On-Time,Standard
2644,35,126837,14,25162,7412,7,428.96,14,0.68,56,0.19,0,Home,On-Time,Standard
2645,28,75503,80,17900,0,6,256.94,3,0.85,56,0.33,4099,Travel,Delayed,Standard
2646,33,109695,19,24576,3762,5,133.05,4,0.86,24,0.38,3963,Electronics,On-Time,Standard
2647,39,20000,49,18256,869,4,385.75,17,0.34,51,0.25,923,Travel,On-Time,Standard
2648,23,175934,5,5568,9835,10,451.15,8,0.42,65,0.9,505,Fashion,Delayed,Gold
2649,45,51391,78,11544,18234,1,355.5,17,0.26,69,0.48,3787,Fashion,On-Time,Gold
2650,58,70180,16,7196,13412,4,464.37,15,0.62,34,0.89,5738,Food,Delayed,Gold
2651,31,20000,25,21654,6514,5,178.92,6,0.37,71,0.5,2476,Travel,On-Time,Standard
2652,67,94451,21,6406,11834,6,244.74,3,0.93,7,0.47,1983,Food,On-Time,Standard
2653,52,30746,72,16006,9861,3,97.4,17,0.35,45,0.34,703,Food,Late,Gold
2654,60,79066,63,17048,13643,5,83.02,6,0.68,105,0.49,6146,Electronics,On-Time,Standard
2655,35,53229,75,18026,14033,1,231.44,5,0.67,118,0.28,3262,Food,Delayed,Gold
2656,57,31890,85,27043,19115,5,356.97,14,0.49,99,0.57,3072,Fashion,On-Time,Gold
2657,28,42825,57,28433,9025,6,389.43,0,0.02,88,0.16,2361,Fashion,On-Time,Gold
2658,58,84031,86,14055,0,7,117.88,3,0.29,63,0.81,3902,Home,On-Time,Standard
2659,47,23740,36,19846,724,5,326.18,13,0.71,29,0.18,3698,Fashion,On-Time,Standard
2660,53,45047,77,16628,10122,8,286.24,12,0.41,122,0.49,1724,Travel,On-Time,Standard
2661,27,101530,87,23375,8117,2,413.55,6,0.07,156,0.24,2822,Travel,Delayed,Gold
2662,31,179099,71,19334,15054,4,377.91,18,0.9,173,0.88,2358,Fashion,On-Time,Standard
2663,53,94103,89,23623,17262,7,275.01,4,0.59,178,0.25,4054,Travel,On-Time,Standard
2664,30,38309,95,10933,10253,7,160.82,11,0.08,85,0.87,3923,Fashion,Delayed,Standard
2665,51,60315,27,21825,1251,5,444.68,3,0.05,36,0.06,2568,Electronics,On-Time,Standard
2666,24,76263,95,8775,13933,4,125.26,20,0.1,18,0.11,-51,Travel,On-Time,Gold
2667,57,61023,85,13753,11953,8,167.02,16,1.0,79,0.04,401,Home,On-Time,Standard
2668,26,111122,48,20810,14443,4,353.42,7,0.28,131,0.16,6006,Home,On-Time,Gold
2669,53,83698,72,5000,4925,5,287.76,11,0.7,53,0.53,3501,Electronics,On-Time,Standard
2670,54,111314,66,5000,30865,3,96.97,9,0.17,51,0.59,5197,Home,On-Time,Standard
2671,34,62422,88,10743,0,4,268.11,15,0.26,165,0.12,5137,Food,On-Time,Standard
2672,53,128020,75,12487,10654,7,103.07,7,0.01,120,0.19,1973,Fashion,On-Time,Standard
2673,48,68340,92,13321,15002,7,99.01,19,0.86,99,0.61,832,Food,On-Time,Standard
2674,36,36152,66,15806,15787,3,165.22,14,0.99,128,0.19,7140,Food,On-Time,Gold
2675,29,162092,40,22452,10066,3,127.32,2,0.38,33,0.76,3128,Food,On-Time,Standard
2676,18,20000,45,35677,14347,4,496.3,3,0.21,30,0.92,3608,Electronics,Late,Gold
2677,50,45450,86,14975,16335,10,481.03,4,0.16,34,0.53,2826,Fashion,On-Time,Gold
2678,21,49918,86,23050,10755,4,375.93,4,0.26,108,0.85,4884,Fashion,On-Time,Platinum
2679,46,175332,54,29962,11600,3,427.78,15,0.38,138,0.08,4457,Electronics,On-Time,Gold
2680,41,147274,81,28532,14488,5,454.2,15,0.72,122,0.91,1537,Home,Delayed,Standard
2681,55,134757,10,13717,10149,6,288.36,9,0.71,17,0.06,3151,Electronics,On-Time,Platinum
2682,40,61773,99,26984,19337,7,413.72,4,0.51,69,0.01,-299,Home,On-Time,Platinum
2683,40,172047,25,30325,16982,1,456.15,20,0.4,171,0.9,6211,Food,Late,Gold
2684,55,89734,71,32247,7855,7,72.7,12,0.51,42,0.17,4274,Electronics,On-Time,Gold
2685,50,114090,91,32548,4971,2,412.79,13,0.56,74,0.8,3588,Electronics,On-Time,Standard
2686,49,82187,81,11198,15412,6,87.32,9,0.61,34,0.46,2710,Fashion,On-Time,Standard
2687,52,73021,12,21917,10601,4,474.87,17,0.65,141,0.39,2113,Travel,Delayed,Standard
2688,21,64928,35,14477,5849,4,352.65,16,0.65,94,0.96,4526,Travel,Delayed,Standard
2689,56,66614,63,9549,6642,6,499.25,3,0.21,93,0.75,2735,Home,On-Time,Platinum
2690,54,99339,50,23828,14537,3,231.21,0,0.48,48,0.81,2932,Electronics,On-Time,Standard
2691,29,89687,75,21608,6745,6,436.79,6,0.34,66,0.28,2866,Food,Late,Gold
2692,41,73741,21,21367,20120,2,480.32,10,0.6,86,0.07,4050,Electronics,On-Time,Platinum
2693,44,135380,59,16201,3015,8,182.29,10,0.5,9,0.3,3315,Electronics,On-Time,Standard
2694,42,20000,1,39592,6492,6,437.49,17,0.2,31,0.87,2607,Fashion,Delayed,Gold
2695,50,95395,55,32071,3488,6,218.35,17,0.68,127,0.83,2482,Food,On-Time,Standard
2696,66,103709,39,16651,1467,5,238.25,8,0.02,56,0.82,2953,Food,On-Time,Gold
2697,61,120878,27,19811,4426,3,442.1,17,0.31,74,0.47,3460,Travel,On-Time,Standard
2698,25,72405,76,23962,6439,3,292.71,15,0.78,28,0.28,3452,Food,Delayed,Standard
2699,54,83316,96,28218,7061,6,232.09,17,0.77,66,0.15,4101,Travel,On-Time,Gold
2700,64,114437,2,23857,0,8,118.35,18,0.95,23,0.1,-172,Food,On-Time,Standard
2701,50,134646,62,20917,1645,5,246.71,13,0.59,154,0.41,3466,Electronics,On-Time,Standard
2702,61,62978,97,8660,11259,5,378.66,11,0.48,14,0.68,4922,Home,Delayed,Gold
2703,75,85679,22,35703,5083,4,360.42,11,0.67,82,0.92,2414,Food,On-Time,Gold
2704,60,142142,54,14951,17289,4,402.13,9,0.84,110,0.37,2207,Travel,Late,Gold
2705,48,20000,31,28489,8308,4,390.0,18,0.6,27,0.87,-310,Home,On-Time,Gold
2706,60,47399,83,20251,14146,3,212.38,1,0.74,107,0.84,4240,Food,On-Time,Standard
2707,47,133633,27,30001,7395,3,427.37,5,0.31,69,0.73,1923,Home,On-Time,Standard
2708,45,118701,7,9592,16408,5,67.46,14,0.33,118,0.61,-118,Home,On-Time,Platinum
2709,39,95897,2,14917,0,5,62.81,18,0.07,128,0.05,-37,Fashion,Late,Gold
2710,68,57056,93,18877,10746,3,480.25,19,0.27,0,0.48,2333,Food,On-Time,Standard
2711,32,39727,88,12666,20712,4,444.41,10,0.49,101,0.81,1831,Fashion,On-Time,Standard
2712,67,51351,52,15706,0,3,231.19,11,0.66,147,0.88,5891,Travel,Delayed,Gold
2713,52,136920,93,30329,15265,6,429.37,1,0.55,27,0.43,5086,Fashion,On-Time,Gold
2714,24,49862,28,24420,12742,7,342.53,18,0.72,1,0.57,1560,Fashion,On-Time,Gold
2715,50,79056,93,31581,7,5,126.51,4,0.45,48,0.87,2989,Electronics,On-Time,Gold
2716,18,44851,97,20523,12436,9,255.26,18,0.51,68,0.47,5614,Food,Delayed,Gold
2717,54,108710,88,18729,12386,7,78.49,18,0.47,115,0.6,463,Electronics,On-Time,Platinum
2718,58,53450,80,9538,9361,4,200.72,8,0.6,61,0.85,2475,Travel,On-Time,Standard
2719,36,71096,58,28381,17989,7,143.14,11,0.34,134,0.79,4609,Home,On-Time,Platinum
2720,46,20000,23,18710,17021,3,419.64,12,0.61,135,0.09,4573,Travel,Delayed,Gold
2721,74,20000,37,21556,15704,2,381.81,9,0.41,170,0.08,1111,Fashion,On-Time,Standard
2722,37,75306,27,15525,19812,6,77.49,18,0.6,176,0.42,4643,Food,On-Time,Gold
2723,29,21993,96,42766,4317,3,292.07,10,0.34,111,0.85,-435,Electronics,On-Time,Gold
2724,67,159203,61,20984,6337,3,376.69,18,0.16,91,0.92,4850,Fashion,On-Time,Standard
2725,74,20000,99,14280,5387,6,330.47,2,0.19,167,0.95,5204,Home,On-Time,Gold
2726,45,42992,50,10725,6422,8,74.29,4,0.14,125,0.99,3944,Home,On-Time,Platinum
2727,60,75668,6,24226,6556,2,138.81,11,0.16,152,0.51,4984,Home,On-Time,Standard
2728,65,60394,22,13973,9049,5,222.97,9,0.62,109,0.92,3064,Travel,On-Time,Platinum
2729,33,30834,45,16390,7302,7,107.6,3,0.88,150,0.73,1911,Home,On-Time,Standard
2730,37,36682,89,7777,2386,6,115.91,12,0.88,85,0.44,4882,Food,On-Time,Gold
2731,63,35373,77,20536,15556,1,223.84,20,0.73,152,0.93,6531,Travel,Late,Standard
2732,70,63531,27,20450,3870,2,270.76,17,0.54,128,0.41,1904,Fashion,Late,Standard
2733,53,153077,23,34863,21020,5,80.09,0,0.46,160,0.29,4224,Fashion,On-Time,Gold
2734,31,78117,6,15712,15647,4,378.34,8,0.13,96,0.69,-968,Fashion,On-Time,Standard
2735,74,122316,99,5000,1752,3,294.37,2,0.2,108,0.12,3841,Home,On-Time,Standard
2736,37,95279,78,18221,9860,4,482.53,14,0.94,141,0.94,-84,Electronics,On-Time,Standard
2737,39,119554,48,30423,89,4,176.26,2,0.32,128,0.77,4174,Travel,On-Time,Gold
2738,50,20000,2,24883,18919,6,167.34,10,0.59,180,0.56,5873,Travel,On-Time,Standard
2739,68,62821,1,28690,10035,4,202.69,20,0.62,54,0.09,4391,Food,On-Time,Standard
2740,57,127285,6,23616,9766,10,294.83,8,0.22,102,0.23,4453,Fashion,Delayed,Standard
2741,51,52130,79,16489,11546,4,187.44,14,0.76,151,0.5,2488,Home,On-Time,Gold
2742,51,145498,20,11005,8792,8,186.59,20,0.1,139,0.5,2752,Home,On-Time,Gold
2743,45,134355,8,12138,5387,6,436.78,6,0.27,12,0.47,4659,Home,On-Time,Standard
2744,53,56234,11,15183,9326,2,93.72,7,0.56,22,0.33,1731,Home,On-Time,Standard
2745,18,54873,92,25072,18780,9,274.92,9,0.49,161,0.71,3962,Home,Delayed,Standard
2746,40,34455,23,19356,6103,1,389.39,10,0.73,154,0.94,3143,Fashion,Late,Gold
2747,48,49816,32,5606,19757,3,480.57,6,0.96,95,0.54,4343,Fashion,Late,Standard
2748,27,25696,77,22561,6695,7,446.76,10,0.25,106,0.83,2586,Travel,On-Time,Standard
2749,50,92152,42,29781,11258,8,145.48,20,0.04,123,0.62,5153,Food,On-Time,Platinum
2750,41,20000,81,7375,23727,8,257.29,19,0.33,52,0.03,2679,Home,On-Time,Standard
2751,71,99149,4,24397,13951,4,311.64,6,0.82,139,0.14,4315,Electronics,Late,Gold
2752,68,100123,78,5000,12477,4,196.21,17,0.74,6,0.88,1629,Travel,On-Time,Standard
2753,38,20000,70,12993,14575,5,193.25,10,0.51,102,0.48,1688,Food,Late,Platinum
2754,42,136992,88,9730,16991,5,133.35,5,0.45,178,0.78,1634,Travel,On-Time,Standard
2755,43,95544,13,25477,4142,5,72.68,11,0.38,50,0.84,3475,Fashion,On-Time,Standard
2756,38,104987,35,33316,13488,4,400.4,9,0.21,173,0.54,4318,Travel,On-Time,Gold
2757,47,44653,34,28496,11805,4,251.56,0,0.34,49,0.0,3964,Fashion,On-Time,Gold
2758,33,99895,49,28226,0,6,442.32,16,0.19,62,0.7,4668,Home,Delayed,Standard
2759,28,120055,87,12548,11734,4,136.38,14,0.07,105,0.96,-378,Fashion,Delayed,Standard
2760,54,71055,78,24663,3069,3,217.1,15,0.89,127,0.54,3568,Fashion,On-Time,Standard
2761,54,155076,10,21916,10787,5,209.9,13,0.24,43,0.84,51,Electronics,On-Time,Platinum
2762,32,76762,23,10596,16890,5,322.4,0,0.1,136,0.33,2428,Electronics,Late,Gold
2763,58,120631,74,28608,3461,2,269.61,15,0.5,164,0.13,3454,Travel,Delayed,Platinum
2764,35,86720,43,23469,9168,9,323.31,2,0.25,49,0.28,4555,Home,Late,Standard
2765,48,98420,50,18249,7019,3,209.61,0,0.4,118,0.44,3212,Home,On-Time,Standard
2766,57,20000,16,26569,17987,7,473.67,10,0.96,70,0.82,5187,Fashion,On-Time,Standard
2767,44,89842,69,21183,6151,1,469.97,2,0.19,164,0.63,3321,Travel,On-Time,Gold
2768,51,45600,84,29609,11520,6,400.12,15,0.31,122,0.19,4753,Travel,Late,Standard
2769,37,41144,7,35104,14419,8,498.07,2,0.51,90,0.24,2858,Home,On-Time,Platinum
2770,42,144764,78,17766,15317,10,143.87,0,0.43,154,0.79,1248,Travel,On-Time,Standard
2771,41,66449,95,17678,3217,3,244.68,7,0.1,156,0.66,1810,Food,On-Time,Standard
2772,33,34867,73,16073,8219,3,334.16,18,0.74,33,0.19,5929,Food,On-Time,Standard
2773,42,60634,27,20139,21209,6,225.32,19,0.47,99,0.63,-1705,Travel,On-Time,Gold
2774,21,22981,78,30807,9891,3,152.53,12,0.26,94,0.92,788,Electronics,On-Time,Platinum
2775,37,132355,11,11512,17212,4,69.46,11,0.77,60,0.57,1351,Travel,On-Time,Gold
2776,40,47172,42,9036,24405,4,475.5,9,0.38,118,0.09,3444,Food,On-Time,Standard
2777,41,96171,81,21887,9527,4,153.74,18,0.32,56,0.74,1936,Travel,Late,Standard
2778,41,129244,36,19700,15818,7,262.09,20,0.75,17,0.94,4763,Electronics,On-Time,Standard
2779,44,54993,87,21544,16675,4,59.99,12,0.11,11,0.56,128,Travel,Delayed,Platinum
2780,52,96280,62,5000,490,6,292.0,6,0.91,31,0.56,1635,Fashion,On-Time,Platinum
2781,58,33796,100,32330,12813,4,426.78,14,0.05,9,0.91,-109,Travel,Delayed,Gold
2782,35,172830,92,21642,20522,4,256.13,14,0.14,56,0.28,2470,Electronics,Delayed,Gold
2783,26,112455,62,39575,0,5,460.22,20,0.23,98,0.35,1934,Food,Delayed,Platinum
2784,29,67295,9,23308,9202,8,146.28,18,0.68,138,0.35,2445,Travel,On-Time,Standard
2785,37,44086,77,16788,10801,3,141.19,4,0.69,79,0.3,4795,Food,On-Time,Standard
2786,39,70440,79,22039,9304,7,319.37,18,1.0,50,0.14,2738,Food,Late,Platinum
2787,33,61400,36,31836,8593,7,414.6,18,0.55,125,0.62,968,Food,On-Time,Gold
2788,25,153117,10,14236,2224,4,52.2,19,0.83,168,0.46,6855,Travel,Late,Standard
2789,38,25978,89,24675,12697,6,164.15,19,0.45,164,0.35,2629,Food,On-Time,Standard
2790,47,80392,18,23502,4780,6,161.84,15,0.64,94,0.79,4465,Food,Late,Standard
2791,53,74266,51,24752,4957,5,280.35,11,0.06,26,0.89,3087,Home,On-Time,Platinum
2792,36,70303,17,12728,0,3,327.65,1,0.82,159,0.29,4997,Electronics,On-Time,Gold
2793,38,70655,93,25100,30,4,294.22,5,0.65,111,0.22,3776,Home,On-Time,Platinum
2794,31,70357,31,24498,20345,6,159.85,4,0.63,31,0.35,4316,Travel,Delayed,Standard
2795,44,109922,22,32534,10543,3,441.87,4,0.22,2,0.64,4520,Electronics,On-Time,Standard
2796,32,99359,11,34183,15177,3,398.45,10,0.4,76,0.13,3612,Travel,On-Time,Standard
2797,53,91756,57,22983,3787,4,336.11,13,0.23,81,0.23,2528,Electronics,On-Time,Gold
2798,18,20000,76,21833,0,6,217.42,12,0.7,130,0.09,2409,Travel,On-Time,Gold
2799,39,86991,20,12315,5402,5,197.64,11,1.0,4,0.86,2866,Fashion,Delayed,Gold
2800,49,20000,20,18426,0,5,383.87,1,0.19,4,0.79,3792,Home,Delayed,Gold
2801,47,100852,92,16353,5096,4,105.37,18,0.12,166,0.34,2297,Fashion,On-Time,Platinum
2802,80,133979,92,27805,18054,3,65.23,3,0.34,46,0.84,2414,Home,On-Time,Standard
2803,50,37950,90,22458,9309,5,485.56,19,0.5,52,0.04,2747,Travel,On-Time,Standard
2804,29,64528,28,12144,20142,3,477.22,1,0.7,78,0.5,2256,Home,On-Time,Gold
2805,43,51025,78,13266,13991,3,474.25,3,0.5,50,0.48,1774,Travel,Late,Standard
2806,18,124417,46,40415,17464,6,296.39,8,0.99,85,0.24,3307,Travel,Delayed,Standard
2807,43,78801,11,16570,8296,8,93.54,7,0.74,84,0.48,3325,Travel,Delayed,Gold
2808,32,144133,57,25416,257,8,275.09,11,0.19,68,0.33,2737,Travel,Delayed,Gold
2809,58,91550,40,20177,2889,5,212.03,6,0.29,159,0.49,3015,Travel,On-Time,Standard
2810,36,84698,18,18005,18577,7,310.63,20,0.8,10,0.12,-484,Travel,On-Time,Standard
2811,43,77728,11,29379,11250,5,454.86,11,0.88,79,0.45,3386,Fashion,On-Time,Standard
2812,35,107719,22,16362,377,3,260.2,18,0.53,25,0.72,1526,Travel,On-Time,Gold
2813,71,20000,4,17584,14546,5,417.74,11,0.45,58,0.91,7663,Home,On-Time,Gold
2814,40,78413,25,30998,0,4,270.64,11,0.15,95,0.68,2749,Travel,Late,Gold
2815,72,72198,62,16922,13225,4,478.17,3,0.25,79,0.86,498,Travel,On-Time,Platinum
2816,57,104016,51,8751,8188,6,262.28,16,0.7,121,0.08,623,Travel,On-Time,Gold
2817,52,67491,9,10977,14825,6,370.06,17,0.05,159,0.62,932,Home,On-Time,Gold
2818,50,33450,85,24115,8151,6,255.84,14,0.61,155,0.08,6081,Food,On-Time,Platinum
2819,50,75294,38,14390,15076,2,231.33,3,0.23,2,0.37,3877,Home,On-Time,Standard
2820,18,31686,22,29039,0,6,386.9,15,0.22,15,0.88,5256,Travel,On-Time,Gold
2821,40,20000,10,20167,12339,3,385.29,7,0.42,116,0.55,-208,Electronics,On-Time,Platinum
2822,57,104084,91,26098,6892,6,147.76,15,0.45,8,0.55,4110,Electronics,On-Time,Gold
2823,44,98162,94,22830,12614,5,234.19,3,0.65,176,0.27,4705,Travel,Late,Gold
2824,23,93683,71,28478,7846,6,53.86,0,0.15,30,0.31,416,Electronics,Delayed,Standard
2825,44,127117,47,35069,3738,8,58.29,14,0.34,20,0.89,8406,Fashion,On-Time,Standard
2826,70,48398,91,24517,9265,3,115.22,13,0.16,74,0.29,1987,Electronics,Late,Standard
2827,63,20000,15,24127,18663,3,393.3,5,0.53,90,0.2,1797,Travel,On-Time,Standard
2828,44,72198,45,28897,5773,4,83.92,12,0.19,170,0.27,6750,Food,On-Time,Gold
2829,59,61099,46,15488,11398,4,473.27,20,0.88,124,0.34,4336,Electronics,On-Time,Standard
2830,39,41308,94,24332,5285,6,137.1,20,0.06,65,0.71,-506,Electronics,On-Time,Standard
2831,19,71806,47,12624,0,5,448.89,10,0.57,37,0.9,2794,Food,On-Time,Standard
2832,31,50535,79,13928,10525,3,477.7,16,0.71,60,0.34,3020,Electronics,Delayed,Standard
2833,68,20000,68,16193,37239,2,242.33,9,0.9,72,0.06,6147,Electronics,On-Time,Platinum
2834,40,57352,98,30148,640,8,285.23,4,0.25,102,0.49,3004,Travel,On-Time,Standard
2835,41,29544,24,18877,16709,4,194.31,15,0.68,28,0.97,2128,Food,On-Time,Gold
2836,40,84265,76,13754,0,3,454.8,18,0.71,166,0.03,3199,Fashion,On-Time,Gold
2837,73,48758,92,26074,9613,3,279.47,11,0.58,7,0.5,3294,Electronics,On-Time,Platinum
2838,69,119465,90,6821,250,1,491.7,3,0.85,59,0.85,-180,Fashion,On-Time,Gold
2839,78,139154,80,5031,13027,6,486.03,11,0.46,97,0.89,2353,Electronics,Delayed,Gold
2840,42,102175,36,17976,6134,8,478.47,20,0.71,126,0.64,1409,Home,On-Time,Standard
2841,49,20000,62,17852,5881,3,210.32,18,0.18,87,0.02,3161,Food,On-Time,Platinum
2842,22,135207,28,28347,2071,6,87.06,2,0.97,97,0.3,1904,Fashion,Delayed,Gold
2843,67,138028,57,29602,0,4,351.1,7,0.62,179,0.26,5046,Food,On-Time,Standard
2844,27,75751,97,19188,7940,11,443.03,8,0.73,166,0.65,2417,Home,On-Time,Gold
2845,48,127917,93,18335,5026,4,209.55,4,0.3,56,0.97,386,Home,On-Time,Standard
2846,28,52932,30,13789,7082,3,483.23,13,0.42,44,0.62,2916,Travel,Late,Gold
2847,36,20000,85,19121,7605,9,459.84,19,0.18,118,0.17,3740,Travel,Delayed,Gold
2848,32,44588,88,5000,4117,7,333.34,14,0.95,167,0.47,-296,Fashion,On-Time,Gold
2849,35,144172,67,16388,10831,6,102.52,6,0.91,2,0.08,2524,Food,On-Time,Gold
2850,36,20000,98,19353,8472,4,451.67,4,0.15,145,0.19,9118,Home,On-Time,Standard
2851,36,74980,40,13719,15778,4,105.26,18,0.25,163,0.38,1020,Electronics,On-Time,Platinum
2852,57,76365,49,14850,26655,8,285.35,16,0.53,68,0.53,4147,Electronics,On-Time,Standard
2853,28,54481,43,17609,11596,2,58.66,14,0.12,149,0.11,4659,Food,On-Time,Standard
2854,48,57259,8,19948,17748,5,119.56,16,0.58,65,0.18,2863,Food,On-Time,Gold
2855,63,77889,58,26902,10878,7,303.68,14,0.27,45,0.52,2589,Electronics,On-Time,Standard
2856,37,52513,89,23411,13257,8,50.68,16,0.64,134,0.83,4001,Fashion,On-Time,Gold
2857,34,20000,90,27049,7718,7,118.12,0,0.08,93,0.78,-23,Fashion,On-Time,Gold
2858,41,83601,26,24581,9282,6,149.31,12,0.16,173,0.39,-236,Home,On-Time,Platinum
2859,62,117934,81,20917,4433,10,69.24,18,0.53,20,0.09,2990,Home,On-Time,Standard
2860,47,109782,93,37852,19923,3,310.85,0,0.7,167,0.8,3559,Fashion,Late,Gold
2861,37,42610,58,14271,16775,7,393.76,17,0.58,91,0.48,2337,Home,On-Time,Gold
2862,52,24950,94,12695,11786,5,66.89,20,0.31,161,0.29,5503,Food,On-Time,Gold
2863,28,63632,2,18779,2823,5,237.32,0,0.58,55,0.52,3298,Fashion,Delayed,Standard
2864,55,137711,92,19518,8764,3,294.23,13,0.27,116,0.58,6455,Home,On-Time,Standard
2865,51,100823,6,21103,16772,8,285.05,20,0.96,68,0.3,2011,Home,On-Time,Standard
2866,40,103158,81,12365,27121,5,268.21,14,0.16,159,0.62,3532,Food,On-Time,Gold
2867,32,110594,15,35658,10540,2,93.0,11,0.61,83,0.01,2719,Fashion,On-Time,Platinum
2868,31,91830,48,17237,18578,3,161.97,15,0.46,115,0.3,2700,Food,On-Time,Gold
2869,53,79824,31,12290,11213,5,467.49,8,0.34,79,0.95,3538,Travel,Delayed,Gold
2870,63,101492,88,22114,18930,6,132.44,0,0.49,125,0.81,4258,Travel,On-Time,Standard
2871,35,53153,43,28764,0,4,402.86,10,0.12,46,0.01,1354,Fashion,Delayed,Standard
2872,51,20000,95,32887,3973,6,116.15,20,0.43,156,0.58,2996,Electronics,On-Time,Gold
2873,18,103919,18,5000,12193,5,383.65,0,0.9,31,0.8,444,Home,Delayed,Standard
2874,36,124509,2,26138,1482,4,355.47,12,0.15,132,0.28,3417,Electronics,Late,Platinum
2875,44,30270,59,34055,12971,3,496.49,10,0.56,68,0.57,1925,Electronics,On-Time,Standard
2876,31,107876,34,15237,10276,7,119.18,9,0.78,163,0.77,3617,Travel,Late,Standard
2877,30,142230,28,18146,0,5,174.19,7,0.82,79,0.24,4029,Home,Delayed,Gold
2878,34,74910,74,12411,0,8,429.2,7,0.17,54,0.78,5562,Fashion,On-Time,Standard
2879,49,42279,69,15525,12330,3,300.68,13,0.74,174,0.72,1544,Fashion,On-Time,Gold
2880,42,79920,82,11478,1970,4,198.3,4,0.76,62,0.18,-438,Fashion,Delayed,Platinum
2881,18,52978,100,27478,6799,5,117.72,4,0.55,51,0.38,4899,Travel,On-Time,Standard
2882,18,50330,44,19150,14416,5,300.88,16,0.42,125,0.78,-32,Food,On-Time,Standard
2883,35,92327,26,5000,9426,1,267.18,17,0.06,68,0.64,-269,Electronics,Delayed,Standard
2884,51,20000,68,15176,7039,7,160.89,8,0.01,151,0.51,311,Home,On-Time,Platinum
2885,18,20000,89,14474,0,7,332.95,8,0.58,29,0.39,-1182,Electronics,On-Time,Gold
2886,37,75771,34,26843,20498,3,357.18,8,0.36,165,0.33,3057,Food,On-Time,Standard
2887,37,74107,18,19458,15637,6,299.42,14,0.28,76,0.46,7492,Travel,On-Time,Standard
2888,65,88742,16,19244,5490,4,349.6,10,0.11,51,0.42,2613,Electronics,Delayed,Standard
2889,39,150009,34,25143,3678,3,165.01,7,0.93,165,0.22,3891,Food,On-Time,Gold
2890,50,79180,76,28462,6066,5,457.06,6,0.18,38,0.8,3823,Home,On-Time,Standard
2891,47,98926,77,22140,3145,6,73.84,14,0.66,51,0.98,3014,Home,Late,Standard
2892,18,35978,29,14767,7923,4,126.68,2,0.04,10,0.5,6968,Travel,On-Time,Standard
2893,56,105717,47,7959,17813,5,150.13,10,0.66,98,0.98,5077,Fashion,On-Time,Standard
2894,48,53944,56,31599,17081,11,479.01,9,0.65,19,0.37,2832,Travel,Late,Standard
2895,52,77856,16,47112,17057,5,179.03,15,0.91,50,0.34,5748,Home,Late,Standard
2896,80,70646,100,20992,917,5,469.33,1,0.59,64,0.9,2466,Home,Delayed,Standard
2897,18,116318,14,22531,2749,8,264.58,8,0.03,45,0.96,322,Travel,On-Time,Standard
2898,70,22600,81,32033,16736,6,373.08,12,0.96,17,0.27,5555,Food,Delayed,Standard
2899,40,20000,13,6298,13155,7,175.03,12,0.1,51,0.93,4024,Home,On-Time,Standard
2900,49,66462,13,27633,6957,6,366.46,19,0.24,109,0.13,2837,Food,On-Time,Gold
2901,44,93741,44,23005,14980,5,441.66,13,0.74,101,0.67,4084,Travel,On-Time,Gold
2902,38,81090,96,13846,13533,4,309.75,20,0.7,156,0.88,5692,Home,Delayed,Standard
2903,36,124288,37,15839,0,7,460.77,3,0.72,30,0.41,1601,Electronics,On-Time,Gold
2904,49,92494,62,9476,0,5,225.0,12,0.42,117,0.15,1434,Travel,Delayed,Platinum
2905,22,52446,74,29000,9909,6,329.1,2,0.38,88,0.9,1604,Fashion,Late,Gold
2906,56,20000,10,11681,0,4,175.3,6,0.59,0,0.77,2459,Travel,On-Time,Gold
2907,38,65507,47,23296,17669,6,116.81,0,0.27,133,0.06,3823,Fashion,On-Time,Platinum
2908,28,116118,25,6988,13573,5,123.0,5,0.2,16,0.43,1823,Food,On-Time,Standard
2909,38,59318,66,31155,7424,3,249.82,8,0.16,123,0.73,1631,Fashion,On-Time,Gold
2910,63,76132,24,18361,1372,4,471.78,13,0.39,8,0.48,1404,Home,On-Time,Gold
2911,36,91854,80,28577,3442,8,183.73,13,0.9,119,0.92,3214,Fashion,On-Time,Standard
2912,50,34388,60,18304,0,4,92.12,2,0.92,64,0.04,1526,Home,On-Time,Gold
2913,34,99929,85,15144,19760,10,250.94,19,0.89,14,0.71,5367,Electronics,On-Time,Gold
2914,56,140484,92,9275,11357,1,114.03,9,0.2,144,0.94,2526,Electronics,On-Time,Standard
2915,55,68087,25,28430,8738,10,144.57,13,0.59,55,0.25,1304,Fashion,On-Time,Standard
2916,72,29837,33,17090,22845,7,460.23,9,0.65,127,0.75,4990,Electronics,On-Time,Platinum
2917,42,72335,89,22375,3362,4,339.22,10,0.46,177,0.37,4303,Home,Delayed,Standard
2918,55,20000,8,14336,8587,3,284.15,13,0.57,154,0.34,3868,Fashion,Late,Standard
2919,46,88476,39,19863,5132,4,151.09,10,0.13,50,0.52,1596,Food,Delayed,Standard
2920,64,93090,74,21643,24565,6,92.05,7,0.9,69,0.63,4259,Fashion,Delayed,Standard
2921,34,142025,6,5956,7976,4,474.02,11,0.13,147,0.68,1091,Home,On-Time,Gold
2922,56,67240,29,14543,11295,5,291.07,19,0.83,81,0.48,118,Food,Late,Standard
2923,42,91339,65,32600,21345,3,108.53,12,0.05,30,0.93,2275,Fashion,On-Time,Gold
2924,44,40548,29,13460,17590,5,257.8,11,0.4,145,0.22,-466,Food,On-Time,Standard
2925,46,60742,67,27219,0,7,326.61,16,0.19,17,0.85,793,Electronics,On-Time,Standard
2926,48,20000,57,22610,7795,6,359.39,12,0.16,102,0.84,3240,Home,On-Time,Standard
2927,43,67208,54,24090,9508,6,91.04,9,0.67,34,0.13,2895,Electronics,On-Time,Standard
2928,48,62787,13,25070,11123,7,367.79,5,0.89,165,0.37,2504,Fashion,On-Time,Platinum
2929,68,86967,76,20162,12205,1,399.28,7,0.79,130,0.56,3337,Fashion,Delayed,Standard
2930,59,50056,88,15447,3657,4,215.43,13,0.29,28,0.74,4642,Food,On-Time,Platinum
2931,58,78333,76,14040,20696,4,351.22,12,0.61,38,0.9,4756,Fashion,Late,Standard
2932,38,61664,76,17354,13120,7,94.41,20,0.29,179,0.97,5603,Fashion,Late,Standard
2933,31,61740,36,30003,14552,3,497.3,16,0.09,38,0.28,-166,Travel,On-Time,Platinum
2934,59,78214,43,9152,19609,7,82.47,6,0.12,57,0.69,2758,Fashion,On-Time,Gold
2935,58,76620,5,17507,11936,5,141.34,17,0.17,121,0.77,3370,Fashion,Delayed,Gold
2936,67,105446,25,7882,8537,7,391.47,10,0.66,55,0.41,2423,Fashion,On-Time,Standard
2937,35,70174,13,15342,7459,6,481.96,16,0.13,118,0.24,2174,Travel,On-Time,Standard
2938,41,61004,7,19006,8424,3,164.66,11,0.58,57,0.74,4470,Fashion,On-Time,Standard
2939,20,67767,23,31159,8869,7,94.33,3,0.0,131,0.41,4115,Fashion,Delayed,Platinum
2940,39,46413,85,32026,0,6,113.59,20,0.73,56,0.19,3800,Fashion,On-Time,Gold
2941,59,60603,38,5620,5652,6,357.46,12,0.26,122,0.02,1791,Food,On-Time,Standard
2942,38,156246,48,7905,2346,5,279.56,16,0.57,59,0.38,-360,Fashion,Late,Standard
2943,54,38492,84,18674,0,6,447.43,0,0.35,100,0.2,2587,Electronics,Late,Gold
2944,42,63853,62,26091,11098,5,95.38,10,0.53,64,0.65,2441,Travel,On-Time,Standard
2945,49,59500,25,7177,13104,2,275.64,14,0.19,14,0.77,7021,Home,Delayed,Platinum
2946,27,65113,9,17036,3970,3,325.64,12,0.62,147,0.2,5763,Home,On-Time,Standard
2947,46,61750,76,28285,8038,9,438.17,11,0.88,9,0.96,2648,Food,On-Time,Standard
2948,18,86169,57,29256,13959,5,299.18,6,0.58,19,0.19,3223,Electronics,On-Time,Standard
2949,42,20000,13,17564,7889,5,132.14,5,0.44,100,0.31,2634,Travel,Delayed,Platinum
2950,20,116486,72,5000,9045,4,449.97,9,0.47,108,0.4,730,Food,On-Time,Standard
2951,63,100303,70,28393,8286,5,439.59,0,0.4,94,0.72,4225,Travel,On-Time,Standard
2952,56,25285,38,12635,14211,5,442.95,8,0.24,167,0.84,1528,Electronics,Delayed,Gold
2953,52,20000,30,24301,9882,4,314.11,20,0.38,94,0.57,4964,Home,Delayed,Standard
2954,67,35917,49,12805,7722,4,483.5,11,0.42,101,0.08,3235,Electronics,On-Time,Standard
2955,30,65293,15,20806,6676,7,300.02,0,0.69,50,0.9,5737,Food,On-Time,Platinum
2956,71,178211,71,22480,4137,8,116.9,18,0.32,12,0.27,3477,Food,On-Time,Standard
2957,58,96730,50,30273,14179,3,229.76,1,0.38,120,0.65,3750,Fashion,On-Time,Gold
2958,41,20000,14,8737,13962,2,421.2,11,0.62,9,0.83,4279,Travel,On-Time,Standard
2959,62,47413,88,12946,9957,1,490.27,9,0.79,155,0.86,977,Fashion,On-Time,Platinum
2960,28,72871,37,32909,16565,10,423.91,17,0.84,78,0.18,4513,Food,Late,Standard
2961,32,85147,78,21852,10075,2,213.46,7,0.6,28,0.0,428,Home,On-Time,Gold
2962,35,22410,88,13122,12271,5,54.41,5,0.46,123,0.94,2712,Food,On-Time,Standard
2963,37,69600,70,25783,6012,1,130.19,9,0.66,64,0.35,2160,Food,On-Time,Standard
2964,29,46294,89,12006,18393,7,66.64,10,0.03,115,0.59,1997,Electronics,On-Time,Gold
2965,63,30849,71,21563,11134,5,419.82,13,0.56,121,0.8,4717,Home,On-Time,Gold
2966,41,85383,81,14525,12706,6,187.93,18,0.31,163,0.3,1479,Electronics,On-Time,Gold
2967,50,105955,20,29943,10467,4,362.79,7,0.52,24,0.99,5065,Home,On-Time,Gold
2968,36,108641,15,13148,10589,5,233.86,2,0.29,101,0.07,2841,Travel,Delayed,Standard
2969,18,97975,66,5000,11827,3,172.77,1,0.18,50,0.38,4817,Food,On-Time,Gold
2970,49,55105,64,16411,0,4,286.06,18,0.24,123,0.23,2549,Food,On-Time,Standard
2971,18,103581,12,14662,12967,6,270.15,4,0.74,80,0.15,6881,Food,On-Time,Gold
2972,43,87362,63,18046,5018,3,420.38,9,0.38,71,0.35,1543,Food,On-Time,Standard
2973,24,80357,60,24455,8379,4,363.3,0,0.72,130,0.39,3965,Food,On-Time,Platinum
2974,74,50532,31,10544,5408,4,189.69,15,0.75,106,0.85,3981,Fashion,On-Time,Gold
2975,58,55124,11,13782,15815,3,412.75,14,0.02,101,0.69,974,Electronics,On-Time,Standard
2976,46,77955,94,19953,4454,6,319.14,5,0.94,152,0.75,2984,Home,On-Time,Gold
2977,63,172594,40,14724,7938,4,202.81,11,0.1,27,0.65,-2084,Fashion,On-Time,Standard
2978,32,87049,65,20520,5455,5,414.72,8,0.47,44,0.68,4646,Travel,On-Time,Gold
2979,53,50552,7,24301,4806,6,216.56,17,0.95,163,0.24,525,Home,On-Time,Gold
2980,47,41704,58,20108,4886,4,73.78,5,0.16,163,0.73,6370,Travel,On-Time,Standard
2981,48,55329,24,28800,1301,4,445.49,20,0.19,144,0.59,3005,Fashion,On-Time,Standard
2982,64,162091,4,12413,6057,8,250.1,11,0.23,26,0.77,3978,Food,On-Time,Platinum
2983,55,59029,44,15371,11348,2,195.16,17,0.83,147,0.38,1984,Food,Delayed,Gold
2984,49,111274,1,31946,3620,6,461.1,1,0.84,107,0.33,2368,Travel,On-Time,Standard
2985,20,59962,41,14126,10879,5,163.33,15,0.9,62,0.16,2739,Electronics,On-Time,Gold
2986,30,85447,37,39603,13708,5,486.57,14,0.51,143,0.57,3630,Travel,On-Time,Gold
2987,43,106669,2,27730,9034,7,62.84,10,0.9,95,0.33,3559,Travel,On-Time,Gold
2988,46,52123,45,13425,1666,6,351.37,1,0.27,16,0.72,2622,Home,On-Time,Standard
2989,28,49355,21,24683,0,4,76.86,0,0.61,115,0.82,6597,Home,Delayed,Standard
2990,80,141354,32,22371,15665,6,90.9,4,0.43,161,0.79,3006,Home,On-Time,Standard
2991,67,114383,31,8362,20802,8,482.34,6,0.29,145,0.61,2371,Travel,On-Time,Gold
2992,54,106626,16,32353,19869,3,464.16,4,0.76,176,0.14,1917,Electronics,Delayed,Standard
2993,46,106491,81,26570,12109,3,429.72,2,0.74,74,0.45,3148,Fashion,Delayed,Platinum
2994,41,93383,55,31813,12170,9,355.53,1,0.75,11,0.83,2433,Travel,On-Time,Platinum
2995,30,155711,2,28375,8471,6,260.03,18,0.6,36,0.64,2461,Fashion,Delayed,Gold
2996,46,76756,69,22791,8349,6,355.15,2,0.34,144,0.64,4767,Travel,On-Time,Platinum
2997,48,98090,48,28638,4905,3,300.79,6,0.67,43,0.74,1730,Travel,On-Time,Gold
2998,26,20000,54,9312,4076,6,433.49,2,0.2,57,0.13,3809,Home,On-Time,Standard
2999,50,42001,76,35869,0,7,384.57,13,0.25,83,0.67,3710,Fashion,On-Time,Gold
3000,42,26967,30,25961,14899,1,356.45,14,0.96,2,0.27,1632,Home,On-Time,Platinum
3001,18,125962,80,5000,13855,1,136.96,20,0.54,128,0.59,757,Home,On-Time,Gold
3002,32,20000,20,8046,7346,1,346.53,2,0.72,91,0.6,3589,Home,Delayed,Standard
3003,38,58907,15,22301,18795,5,268.91,20,0.46,127,0.18,2566,Food,Delayed,Standard
3004,73,20000,16,12883,25638,3,400.1,0,0.0,46,0.67,3502,Electronics,On-Time,Gold
3005,53,41748,95,24159,0,1,254.6,0,0.51,120,0.71,3858,Fashion,On-Time,Standard
3006,24,55362,0,12114,13968,5,274.01,8,0.54,171,0.42,4540,Home,On-Time,Gold
3007,52,130394,71,9819,9850,11,236.8,4,0.1,85,0.58,3497,Home,On-Time,Platinum
3008,21,90865,64,15677,21271,5,492.88,1,0.21,56,0.37,4168,Home,On-Time,Standard
3009,61,41674,65,46149,6361,9,317.17,11,0.13,12,0.85,3460,Fashion,On-Time,Standard
3010,37,117638,36,11241,17434,6,460.13,19,0.88,3,0.65,3524,Travel,On-Time,Standard
3011,43,75713,23,30054,14821,6,442.32,13,0.03,9,0.54,1912,Electronics,On-Time,Gold
3012,64,76502,90,13937,18069,3,388.75,4,0.76,105,0.94,2135,Food,On-Time,Platinum
3013,25,26893,83,19289,4928,2,277.03,10,0.43,136,0.76,92,Electronics,On-Time,Standard
3014,24,35399,61,20997,7300,6,292.31,17,0.0,61,0.3,2532,Home,Delayed,Gold
3015,36,41996,20,19503,13692,5,470.43,3,0.45,134,0.15,4457,Electronics,On-Time,Gold
3016,60,76858,36,20453,17920,5,153.81,15,0.98,15,0.03,483,Food,On-Time,Gold
3017,22,78115,34,22705,11552,7,402.7,2,0.45,61,0.56,4125,Travel,On-Time,Gold
3018,18,136763,37,8050,0,6,183.84,17,0.27,1,0.24,549,Travel,Late,Platinum
3019,38,90402,52,18942,18302,6,76.25,18,0.92,37,0.86,906,Electronics,Delayed,Standard
3020,53,20000,14,19553,19070,4,227.7,15,0.08,153,0.01,2112,Fashion,On-Time,Standard
3021,63,85505,41,24440,6155,5,285.08,6,0.76,77,0.16,2589,Electronics,On-Time,Standard
3022,38,20000,93,17750,15955,3,109.34,8,0.25,138,0.37,5138,Travel,On-Time,Standard
3023,38,36361,3,24227,13444,3,386.23,20,0.71,160,0.69,4697,Fashion,On-Time,Gold
3024,62,42513,38,14777,3760,9,384.02,1,0.14,76,0.55,2443,Home,On-Time,Gold
3025,18,48466,78,15582,16218,6,378.8,10,0.05,102,0.33,4761,Fashion,On-Time,Standard
3026,39,20000,22,22493,9698,7,194.44,13,0.68,50,0.24,4397,Food,Delayed,Gold
3027,47,83139,14,11771,493,6,274.01,2,0.38,69,0.23,118,Electronics,On-Time,Standard
3028,51,20000,89,15482,16289,6,128.25,6,0.99,180,0.83,3597,Fashion,On-Time,Platinum
3029,37,89266,11,16042,24803,6,247.09,5,0.56,146,0.31,2754,Home,On-Time,Standard
3030,45,164478,81,16464,0,4,479.89,0,0.05,91,0.91,3392,Electronics,Late,Gold
3031,18,21825,69,20458,12140,5,186.12,13,0.14,23,0.03,4065,Electronics,On-Time,Standard
3032,35,63619,81,12876,11864,7,72.02,9,0.9,151,0.04,2167,Home,On-Time,Standard
3033,51,20000,53,25004,1920,4,190.57,4,0.07,162,1.0,955,Food,On-Time,Standard
3034,30,62962,87,17825,17184,6,425.8,12,0.54,6,0.62,5775,Electronics,Delayed,Gold
3035,45,100708,37,23230,2357,8,458.06,14,0.02,0,0.96,-447,Electronics,On-Time,Standard
3036,51,103825,27,10176,10591,4,54.29,0,0.72,51,0.18,3862,Fashion,On-Time,Standard
3037,39,78094,78,5000,4760,3,266.14,10,0.14,11,0.88,5997,Home,On-Time,Standard
3038,47,110570,18,27544,2819,5,476.65,12,0.18,27,0.66,3531,Travel,Delayed,Platinum
3039,30,176842,68,21670,12598,7,106.56,8,0.28,103,0.21,1061,Travel,Delayed,Standard
3040,41,143492,63,24372,5018,2,78.18,10,0.0,37,0.78,5255,Travel,On-Time,Gold
3041,54,54099,3,30540,18963,3,391.14,11,0.52,25,0.39,4364,Fashion,On-Time,Gold
3042,47,20000,80,12483,10152,4,338.01,19,0.97,114,0.51,1188,Home,On-Time,Gold
3043,36,58753,9,5530,16021,10,374.53,8,0.69,145,0.91,5404,Travel,On-Time,Standard
3044,48,37120,11,27825,15588,7,172.32,20,0.95,56,0.37,1664,Electronics,On-Time,Standard
3045,55,93053,68,25216,18322,6,231.5,12,0.13,56,0.53,4374,Home,On-Time,Standard
3046,18,27752,6,28847,7965,1,308.13,4,0.24,49,0.28,1917,Fashion,Late,Gold
3047,62,72087,43,33267,9147,7,392.51,4,0.35,9,0.46,1727,Fashion,On-Time,Platinum
3048,39,108520,22,10612,3785,4,193.41,9,0.74,46,0.23,4652,Food,On-Time,Gold
3049,51,70972,1,27494,10977,3,232.46,4,1.0,143,0.66,1811,Fashion,On-Time,Gold
3050,62,37147,93,17971,4404,2,291.39,10,0.86,71,0.47,2830,Travel,On-Time,Gold
3051,24,121992,36,27730,17950,5,52.83,16,0.59,59,0.75,2700,Food,On-Time,Standard
3052,34,20000,68,34688,3584,2,431.13,6,0.58,170,0.87,309,Home,Late,Standard
3053,40,61888,19,20219,6950,6,330.8,4,0.77,76,0.62,1057,Food,Delayed,Standard
3054,33,73333,89,14035,13814,3,87.07,2,0.19,53,0.14,351,Electronics,On-Time,Gold
3055,71,75636,43,9152,13532,10,209.04,6,0.82,58,0.4,1408,Fashion,On-Time,Platinum
3056,32,82219,69,5000,1985,4,130.6,4,0.74,43,0.23,2127,Fashion,On-Time,Standard
3057,36,99417,92,31614,5797,4,67.88,3,0.07,47,0.91,3383,Fashion,On-Time,Gold
3058,48,73583,73,32116,7844,3,189.98,8,0.04,52,0.48,1507,Travel,Delayed,Platinum
3059,26,60277,50,28091,8822,3,442.87,19,0.15,162,0.36,5006,Home,Late,Platinum
3060,39,58696,79,17597,11379,5,80.31,4,0.65,68,0.88,2202,Home,On-Time,Standard
3061,49,50539,97,26299,15283,2,444.79,11,0.95,156,0.47,4444,Travel,Delayed,Standard
3062,40,106501,30,22447,9015,5,148.18,5,0.11,86,0.32,2401,Food,Delayed,Standard
3063,43,49138,99,10713,10654,5,479.9,10,0.61,51,0.99,4296,Fashion,Delayed,Standard
3064,37,108870,40,29188,4503,5,148.86,5,0.59,36,0.23,6658,Home,Delayed,Gold
3065,22,75759,57,24077,20509,1,435.2,17,0.17,121,0.4,4793,Electronics,On-Time,Standard
3066,49,54149,4,25891,12882,11,462.94,10,0.26,33,0.7,2421,Home,On-Time,Platinum
3067,71,99736,32,22610,8004,6,464.95,18,0.54,16,0.33,-324,Home,On-Time,Standard
3068,45,45901,42,21067,18604,5,105.69,7,0.34,48,0.51,4323,Travel,On-Time,Standard
3069,48,100527,18,22826,12593,4,351.99,8,0.16,12,0.02,2898,Fashion,Late,Gold
3070,55,83509,31,17721,11539,2,420.52,5,0.43,132,0.22,2821,Fashion,Delayed,Standard
3071,25,51147,86,24856,10033,8,381.17,16,0.09,94,0.82,2950,Home,On-Time,Standard
3072,70,96145,2,35610,17112,7,263.07,11,0.58,47,0.1,2691,Electronics,On-Time,Standard
3073,48,96863,0,23703,21291,2,473.61,12,0.14,79,0.57,1194,Travel,Delayed,Standard
3074,69,121300,99,28934,16993,4,130.92,1,0.73,148,0.22,5211,Electronics,On-Time,Standard
3075,34,113645,40,10552,10227,10,444.92,18,0.55,151,0.43,3367,Home,Delayed,Standard
3076,72,94650,91,26504,19376,6,158.49,17,0.08,94,0.73,1748,Fashion,On-Time,Gold
3077,56,29896,47,24078,8175,6,252.74,4,0.22,165,0.45,236,Fashion,On-Time,Platinum
3078,53,172943,38,28604,3825,4,258.14,5,0.43,3,0.5,4062,Travel,On-Time,Standard
3079,48,20000,4,16603,15669,10,180.24,19,0.39,5,0.97,2541,Fashion,On-Time,Gold
3080,41,112970,76,27879,20083,5,177.85,16,0.83,161,0.18,5680,Food,On-Time,Gold
3081,63,92251,10,14245,9997,4,218.1,15,0.63,173,0.63,671,Electronics,On-Time,Platinum
3082,47,28034,21,29108,21538,2,55.82,6,0.89,150,0.21,4109,Fashion,On-Time,Platinum
3083,18,70027,86,29658,0,2,158.88,7,0.55,176,0.85,4456,Food,On-Time,Standard
3084,28,71849,63,11154,9353,7,478.05,3,0.31,145,0.7,1271,Travel,On-Time,Gold
3085,42,127223,11,22912,4027,5,373.61,8,0.03,37,0.78,-1796,Fashion,On-Time,Standard
3086,49,46467,52,18240,3891,4,250.1,15,0.21,100,0.75,3609,Home,On-Time,Standard
3087,44,64522,54,23896,9778,4,50.44,19,0.26,31,0.27,293,Fashion,Late,Gold
3088,63,20000,52,20315,22059,2,368.64,18,0.09,112,0.72,1386,Food,On-Time,Standard
3089,18,144390,20,18205,19222,1,271.81,13,0.53,62,0.46,1194,Electronics,Delayed,Standard
3090,47,32181,18,15345,19767,3,345.33,16,0.64,149,0.39,2105,Home,On-Time,Gold
3091,18,88076,68,31535,13112,6,227.45,17,0.05,124,0.36,5282,Home,Delayed,Platinum
3092,56,70943,87,14066,7988,6,50.35,13,0.35,108,0.69,2385,Home,On-Time,Standard
3093,43,71079,93,15637,12346,5,312.64,1,0.03,123,0.56,5384,Home,On-Time,Platinum
3094,51,107394,71,9953,88,6,404.75,1,0.73,34,0.43,6055,Electronics,On-Time,Standard
3095,32,141850,65,26849,20815,7,147.48,7,0.5,138,0.83,-173,Travel,Delayed,Gold
3096,64,85059,58,28298,0,6,348.22,1,0.69,19,0.72,2856,Electronics,On-Time,Gold
3097,60,101203,48,23142,9104,8,208.18,0,0.62,73,0.11,-200,Travel,On-Time,Standard
3098,53,88155,97,13839,9996,7,424.92,20,0.85,27,0.33,99,Fashion,Late,Standard
3099,43,115701,58,6365,15928,10,247.04,9,0.88,59,0.78,4719,Travel,Delayed,Platinum
3100,53,56483,22,24478,13075,9,78.21,15,0.56,174,0.65,5291,Electronics,On-Time,Standard
3101,34,118015,2,27191,13539,3,288.15,11,0.46,166,0.43,2556,Home,On-Time,Standard
3102,57,119419,55,15921,0,3,323.44,18,0.99,116,0.46,5349,Fashion,On-Time,Gold
3103,69,118301,57,20597,8827,4,193.84,4,0.19,70,0.58,3385,Food,Delayed,Gold
3104,61,48594,87,7427,5564,3,84.92,12,0.64,130,0.13,3649,Home,On-Time,Platinum
3105,34,68266,61,13679,11044,4,388.91,18,0.62,151,0.19,1933,Food,On-Time,Gold
3106,50,84578,17,23093,9076,5,293.4,19,0.96,134,0.13,4326,Travel,Late,Standard
3107,25,20166,60,19162,11549,6,144.38,2,0.09,68,0.1,1162,Home,On-Time,Gold
3108,53,138796,36,21513,1651,3,134.33,17,0.95,50,0.68,-10,Food,On-Time,Standard
3109,51,74508,53,29112,10711,4,295.68,13,0.76,73,0.2,1311,Food,Delayed,Gold
3110,18,86357,94,10062,22247,4,189.34,4,0.13,121,0.14,3447,Electronics,On-Time,Platinum
3111,27,51919,77,21646,24902,4,361.05,14,0.2,20,0.75,2607,Home,Late,Standard
3112,40,21924,64,14558,19452,7,206.95,20,0.28,16,0.52,5951,Home,Late,Gold
3113,40,50838,13,18599,0,2,261.71,4,0.68,77,0.44,1434,Electronics,On-Time,Platinum
3114,26,83768,4,22322,7972,3,76.87,16,0.75,55,0.36,5100,Electronics,On-Time,Gold
3115,50,101937,94,9876,6505,2,257.43,6,0.74,93,0.59,3727,Travel,On-Time,Standard
3116,48,81471,94,14777,11072,7,54.56,10,0.65,90,0.83,4778,Travel,On-Time,Standard
3117,42,88868,93,16689,19285,6,212.31,10,0.13,3,0.4,-1204,Electronics,On-Time,Standard
3118,33,61518,99,23175,9677,8,189.61,17,0.04,153,0.01,26,Food,On-Time,Standard
3119,60,94849,61,28807,3565,8,390.3,14,0.28,0,0.89,2988,Fashion,On-Time,Standard
3120,69,134313,0,6627,18130,2,395.95,2,0.6,67,0.54,2543,Food,On-Time,Standard
3121,37,103191,62,14659,12601,8,238.44,12,0.35,162,0.13,2902,Food,Late,Gold
3122,35,107381,66,18826,15403,4,489.14,6,0.85,112,0.05,3964,Electronics,Delayed,Gold
3123,52,86760,19,18796,17073,5,162.54,13,0.82,136,0.54,6486,Food,Delayed,Platinum
3124,39,20000,42,23325,7626,4,124.59,4,0.22,121,0.49,2593,Travel,On-Time,Standard
3125,42,33213,84,10076,1731,2,416.44,16,0.66,82,0.11,2052,Home,On-Time,Standard
3126,56,93195,93,18377,11519,9,279.55,18,0.83,109,0.59,2782,Fashion,Delayed,Gold
3127,18,74562,41,16703,7594,4,137.89,17,0.9,166,0.67,7463,Travel,On-Time,Standard
3128,64,92593,93,25774,10513,3,199.82,19,0.43,60,0.64,2799,Food,Delayed,Standard
3129,46,142056,68,20592,19918,2,92.59,15,0.91,135,0.4,-1508,Fashion,On-Time,Standard
3130,38,104041,73,16445,11396,6,363.3,8,0.74,92,0.36,3354,Food,Delayed,Standard
3131,43,125355,87,29743,22879,3,273.56,15,0.3,125,0.63,-1974,Travel,On-Time,Gold
3132,44,78787,38,15760,12062,5,303.92,12,0.34,159,0.36,3505,Home,On-Time,Gold
3133,19,42711,61,13607,7997,6,83.45,17,0.14,173,0.6,1330,Electronics,On-Time,Platinum
3134,67,72685,47,24712,1176,7,364.69,1,0.38,137,0.91,3589,Food,On-Time,Standard
3135,45,42809,5,16195,11568,6,182.22,17,0.36,18,0.62,3560,Electronics,Delayed,Standard
3136,51,137331,73,20525,3586,3,122.01,19,0.62,180,0.72,3700,Fashion,Late,Standard
3137,59,106615,41,33856,13735,7,241.11,12,0.31,145,0.81,5486,Electronics,Delayed,Gold
3138,29,95820,57,16082,9207,6,434.55,18,0.42,89,1.0,5584,Food,On-Time,Platinum
3139,52,124437,42,12271,8978,7,217.19,9,0.13,29,0.63,1732,Travel,On-Time,Standard
3140,40,20000,9,18279,10596,7,99.06,11,0.73,43,0.42,5101,Travel,Late,Standard
3141,57,98525,88,17541,11631,5,473.98,19,0.04,174,0.44,1316,Food,On-Time,Platinum
3142,18,22574,77,26132,9760,2,337.64,15,0.75,150,0.75,895,Travel,Delayed,Gold
3143,43,74709,38,9055,24956,3,185.71,18,0.18,61,0.97,3541,Electronics,Late,Gold
3144,35,62531,12,41501,4595,4,312.32,8,0.98,8,0.13,3190,Food,On-Time,Platinum
3145,51,101469,74,14238,17169,3,90.64,3,0.99,20,0.68,2259,Home,On-Time,Standard
3146,52,84127,38,24203,18789,9,303.92,11,0.99,94,0.43,4024,Food,On-Time,Gold
3147,34,128804,10,27475,2248,6,418.7,2,0.01,95,0.58,2330,Food,On-Time,Standard
3148,34,50924,15,21532,10395,5,112.27,2,0.22,40,0.41,6855,Home,On-Time,Standard
3149,43,103364,32,24954,12493,3,425.58,15,0.55,15,0.14,6858,Travel,Late,Standard
3150,31,81488,59,20565,11199,3,298.8,2,0.73,9,0.45,4754,Food,On-Time,Gold
3151,57,20000,95,25057,10925,5,136.57,19,0.82,100,0.95,749,Travel,On-Time,Standard
3152,39,38255,58,16599,14377,7,145.08,4,0.14,83,0.08,4835,Home,On-Time,Gold
3153,18,69004,73,14770,0,2,447.41,16,0.86,34,0.99,3772,Electronics,On-Time,Standard
3154,39,119491,50,5758,9310,7,264.09,15,0.7,169,0.05,3479,Fashion,Delayed,Platinum
3155,29,93548,14,23481,7058,2,177.28,3,0.29,74,0.4,586,Fashion,On-Time,Gold
3156,20,28299,79,17254,4964,6,163.61,0,0.01,1,0.72,140,Home,On-Time,Platinum
3157,26,69387,42,22992,16153,1,230.06,17,0.91,18,0.63,3329,Electronics,On-Time,Standard
3158,46,155712,26,17461,17224,2,399.97,8,0.2,153,0.21,2428,Travel,On-Time,Standard
3159,64,79448,55,29924,17957,3,62.03,8,0.36,162,0.3,4858,Travel,Delayed,Standard
3160,49,61906,59,18685,15959,11,98.46,7,0.85,57,0.54,-593,Home,On-Time,Platinum
3161,35,94669,95,15027,1620,2,250.11,12,0.66,129,0.99,4086,Fashion,Delayed,Standard
3162,51,105535,69,16811,11019,9,458.48,1,0.13,17,0.2,-1630,Travel,Late,Standard
3163,38,56753,46,24010,17766,2,447.62,4,0.98,157,0.53,1673,Fashion,On-Time,Gold
3164,34,95102,99,43354,0,5,401.55,20,0.32,20,0.55,4212,Home,Delayed,Platinum
3165,27,61844,7,30971,21380,5,490.48,18,0.59,140,0.57,3097,Fashion,On-Time,Gold
3166,18,103773,62,10337,1220,4,98.4,18,0.63,154,0.75,2511,Fashion,On-Time,Gold
3167,39,81787,88,21890,3771,3,447.55,1,0.57,65,0.22,5249,Food,Delayed,Gold
3168,47,94278,6,13728,15362,3,59.0,17,0.58,123,0.2,-749,Food,On-Time,Standard
3169,43,44632,80,16848,23644,6,236.78,15,0.24,28,0.92,2324,Food,On-Time,Standard
3170,38,42148,93,17552,3461,3,151.49,11,0.96,90,0.53,4338,Travel,On-Time,Standard
3171,30,112819,1,19310,4501,5,213.29,16,0.49,122,0.24,3039,Home,On-Time,Standard
3172,54,71824,16,27024,18785,4,488.29,6,0.14,57,0.2,3982,Home,On-Time,Standard
3173,25,86401,3,17906,11151,8,198.06,5,0.85,158,0.1,4419,Fashion,Delayed,Standard
3174,56,62744,25,21341,8263,3,333.3,3,0.15,175,0.18,3952,Food,On-Time,Standard
3175,29,110949,77,19934,11468,5,359.76,13,0.86,79,0.95,1634,Travel,On-Time,Gold
3176,33,50687,71,14411,25291,4,297.3,20,0.56,81,0.46,-236,Home,On-Time,Gold
3177,22,69575,68,15672,15389,3,90.95,15,0.04,0,0.53,2814,Travel,On-Time,Gold
3178,37,106439,4,15126,12487,5,435.21,12,0.12,100,0.14,5745,Home,Delayed,Standard
3179,59,121918,4,25305,14058,4,404.29,0,0.94,2,0.55,5556,Home,On-Time,Gold
3180,52,54049,90,17027,12909,7,387.28,0,0.13,130,0.7,2425,Fashion,On-Time,Standard
3181,59,153387,68,34151,16393,7,459.71,20,0.59,52,0.36,3913,Home,On-Time,Standard
3182,52,87529,2,13738,5532,6,206.32,0,0.31,75,0.96,3969,Electronics,Late,Gold
3183,28,33282,37,13719,9523,6,309.23,0,0.8,98,0.66,4342,Electronics,On-Time,Gold
3184,40,89762,93,11459,9860,6,402.48,11,0.79,39,0.75,-1123,Fashion,On-Time,Standard
3185,33,59680,0,19143,3514,3,250.0,20,0.8,151,0.71,1706,Travel,On-Time,Gold
3186,64,92362,7,15686,2312,10,483.37,19,0.21,177,0.8,-392,Food,On-Time,Gold
3187,27,73285,12,17181,19775,4,431.91,16,0.71,161,0.49,6332,Electronics,On-Time,Platinum
3188,58,77970,83,28195,14961,8,288.78,18,0.09,119,0.89,3950,Fashion,Delayed,Standard
3189,58,38536,69,18665,22381,4,116.3,19,0.08,2,0.85,-1161,Home,On-Time,Platinum
3190,72,114602,49,16999,13532,6,276.66,19,0.41,161,0.58,4059,Food,Delayed,Gold
3191,38,28754,7,22286,12238,6,143.13,8,0.6,26,0.25,-438,Electronics,On-Time,Standard
3192,55,30649,29,21495,8573,3,232.96,17,0.31,25,0.65,3272,Home,On-Time,Standard
3193,79,89694,39,26031,17057,5,169.49,14,0.31,169,0.07,3308,Home,Delayed,Standard
3194,35,139113,78,26691,1089,4,415.82,9,0.07,170,0.72,5031,Home,On-Time,Standard
3195,21,60896,73,23622,12132,6,166.73,1,0.2,122,0.53,5386,Food,On-Time,Gold
3196,18,103038,32,27501,16472,5,316.16,15,0.61,115,0.68,4573,Travel,Late,Gold
3197,55,117933,72,14566,9409,1,73.48,15,0.68,76,0.55,1943,Travel,On-Time,Gold
3198,18,107587,51,19044,13087,2,389.27,13,0.91,41,0.83,4741,Food,On-Time,Platinum
3199,39,62551,32,20986,21091,4,252.0,4,0.37,70,0.73,1620,Electronics,On-Time,Gold
3200,51,31358,72,20700,8391,3,237.18,4,0.24,25,0.9,3801,Home,On-Time,Standard
3201,47,20000,77,44641,12938,8,245.86,15,0.72,130,0.31,4916,Electronics,On-Time,Gold
3202,51,64486,95,28782,17163,11,370.75,15,0.67,107,0.91,3573,Travel,Delayed,Standard
3203,48,122123,36,28483,7770,5,244.02,18,0.28,74,0.42,2798,Food,On-Time,Standard
3204,64,30033,69,17701,2447,4,381.86,5,0.77,68,0.94,-412,Fashion,Delayed,Standard
3205,30,103008,68,19466,15107,4,177.33,10,0.2,97,0.38,3885,Travel,On-Time,Gold
3206,34,36993,3,26122,10809,7,482.25,1,0.35,88,0.75,3882,Home,On-Time,Gold
3207,33,79242,59,32023,9814,4,279.71,15,0.25,158,0.84,2837,Food,On-Time,Standard
3208,57,103311,79,13167,11189,5,312.61,10,0.65,143,0.42,4802,Fashion,On-Time,Standard
3209,58,48620,73,16217,1727,4,362.76,14,0.49,104,0.55,2172,Travel,Delayed,Gold
3210,51,81819,30,18411,8250,11,313.1,14,0.73,147,0.61,4738,Travel,Delayed,Standard
3211,62,58396,94,22076,15001,7,303.85,10,0.11,94,0.05,1417,Home,Delayed,Standard
3212,27,103205,13,26181,9981,8,51.09,16,0.26,43,0.46,3052,Electronics,On-Time,Gold
3213,70,84412,76,25733,6387,8,256.81,7,0.49,15,0.19,-463,Fashion,On-Time,Platinum
3214,67,77260,59,23632,4824,2,440.05,19,0.06,68,0.63,2750,Home,Late,Gold
3215,56,137333,67,13918,11902,3,465.72,19,0.73,58,0.94,7112,Food,On-Time,Standard
3216,71,101492,25,18630,15889,5,179.71,17,0.28,86,0.32,6099,Travel,Delayed,Standard
3217,20,47385,23,9301,17181,2,368.73,6,0.6,31,0.39,6502,Electronics,On-Time,Platinum
3218,37,71565,55,27829,6107,5,436.33,6,0.9,170,0.84,1677,Electronics,Delayed,Gold
3219,33,71964,8,20271,21374,4,248.14,18,0.25,114,0.76,6174,Electronics,Delayed,Gold
3220,55,78212,34,10686,10796,9,319.04,18,0.75,22,0.87,2842,Fashion,On-Time,Platinum
3221,29,175980,78,38825,0,9,337.96,12,0.63,44,0.7,3618,Home,Late,Platinum
3222,56,89834,23,5000,10832,6,477.05,17,0.18,57,0.5,2111,Food,Delayed,Standard
3223,65,20000,30,19498,2977,5,266.91,12,0.73,131,0.32,1381,Home,Delayed,Gold
3224,55,53288,82,30515,12865,6,400.23,15,0.06,116,0.95,3280,Travel,On-Time,Platinum
3225,49,20000,65,16118,11946,7,134.12,2,0.52,166,0.64,1670,Electronics,On-Time,Standard
3226,30,61808,65,21323,0,11,313.59,12,0.12,2,0.42,2006,Travel,Delayed,Gold
3227,32,20000,40,23829,20064,5,255.08,3,0.69,63,0.59,3854,Electronics,On-Time,Gold
3228,63,40136,35,5000,5484,8,153.37,1,0.3,114,0.86,4215,Electronics,On-Time,Gold
3229,56,20000,100,11281,0,3,56.12,0,0.81,150,0.25,4474,Home,On-Time,Gold
3230,44,90366,33,19516,18965,2,316.01,18,0.49,12,0.78,2385,Home,On-Time,Platinum
3231,38,75021,38,19343,14274,4,414.13,8,0.08,177,0.55,6945,Travel,On-Time,Platinum
3232,18,87118,82,9228,8207,5,413.22,11,0.6,103,0.66,3920,Fashion,Delayed,Platinum
3233,28,70817,22,19840,10338,4,225.29,16,0.01,85,0.74,-2078,Electronics,On-Time,Gold
3234,73,20000,79,24282,9184,4,131.37,8,0.29,72,0.22,5168,Fashion,Delayed,Standard
3235,25,95540,43,30319,0,2,474.5,7,0.27,116,0.97,4224,Travel,On-Time,Standard
3236,47,151888,69,21666,212,5,221.77,15,0.98,118,0.38,1440,Travel,Late,Standard
3237,60,91368,57,12730,16666,11,206.5,16,0.24,73,0.61,3706,Home,Delayed,Standard
3238,26,57963,58,24576,12888,7,326.68,20,0.68,103,0.66,1723,Travel,Late,Standard
3239,47,20000,25,25512,16408,2,248.04,2,0.26,62,0.5,4062,Home,Late,Standard
3240,59,38677,21,18692,18453,7,204.73,5,0.08,167,0.08,259,Food,On-Time,Standard
3241,45,93121,87,16989,0,6,196.23,1,0.06,176,0.7,4101,Fashion,Delayed,Gold
3242,80,117924,39,16334,7146,6,226.51,15,0.93,40,0.16,907,Electronics,On-Time,Platinum
3243,19,85434,84,25014,1914,11,358.4,4,0.1,116,0.79,-1265,Home,On-Time,Gold
3244,60,106995,93,18867,9104,4,55.18,7,0.83,96,0.73,3415,Fashion,On-Time,Gold
3245,42,103307,10,22671,0,3,141.31,2,0.54,58,0.88,4771,Food,On-Time,Platinum
3246,56,95261,8,14034,14181,4,165.04,0,0.43,15,0.49,6839,Travel,Delayed,Standard
3247,51,48661,11,20586,14622,1,499.8,9,1.0,28,0.25,2043,Fashion,On-Time,Platinum
3248,34,81956,25,11188,25916,6,447.83,18,0.89,19,0.44,1837,Electronics,On-Time,Gold
3249,48,41064,37,15324,9298,4,239.54,7,0.24,121,0.34,6773,Food,On-Time,Standard
3250,18,75697,2,20373,14740,3,365.55,6,0.6,17,0.63,3119,Food,Delayed,Gold
3251,54,88234,96,14053,16792,7,156.08,4,0.16,133,0.11,-1252,Travel,Delayed,Standard
3252,49,142151,14,16826,22032,5,472.59,11,0.6,104,0.54,-1189,Travel,On-Time,Gold
3253,54,22610,46,26074,2080,4,467.62,15,0.13,91,0.62,5416,Home,On-Time,Standard
3254,60,94260,4,17621,16266,3,122.88,20,0.63,57,0.33,3723,Food,On-Time,Standard
3255,50,134249,53,17083,12782,0,467.78,9,0.97,173,0.04,3201,Travel,Delayed,Gold
3256,47,105353,23,12891,0,4,234.7,17,0.58,143,0.35,278,Fashion,On-Time,Gold
3257,31,108317,10,15829,13271,4,271.53,7,0.13,11,0.53,6941,Travel,On-Time,Platinum
3258,34,98507,32,19949,15191,2,361.61,19,0.8,18,0.05,5462,Food,On-Time,Standard
3259,62,126933,86,25064,0,5,265.39,15,0.33,135,0.6,4327,Home,On-Time,Platinum
3260,66,31500,73,7716,9466,4,307.82,1,0.09,100,0.74,732,Travel,On-Time,Gold
3261,41,20000,56,26429,10549,6,251.4,20,0.66,59,0.39,3162,Fashion,Delayed,Platinum
3262,45,74746,51,16945,10334,4,80.24,1,0.83,63,0.53,2498,Electronics,On-Time,Standard
3263,31,20000,63,19245,14374,4,297.71,13,0.48,102,0.54,2042,Electronics,On-Time,Standard
3264,62,124225,42,25636,5802,2,72.16,13,0.93,144,0.73,2412,Fashion,On-Time,Gold
3265,54,123828,91,37799,2337,2,95.22,9,0.68,63,0.91,1705,Travel,On-Time,Gold
3266,74,57665,80,24357,13412,5,359.25,9,0.63,143,0.88,-1505,Travel,On-Time,Gold
3267,31,60169,43,16069,21004,2,261.29,10,0.35,99,0.18,4554,Electronics,On-Time,Gold
3268,39,72106,89,21480,20488,6,292.93,11,0.31,49,0.06,1797,Home,On-Time,Platinum
3269,48,77080,88,23369,26731,1,125.73,9,0.28,126,0.35,-1125,Electronics,On-Time,Standard
3270,54,80086,35,8778,7406,1,358.34,14,0.96,59,0.91,1875,Fashion,On-Time,Standard
3271,41,97329,11,11329,8824,2,82.36,6,0.65,145,0.83,2220,Home,On-Time,Gold
3272,31,68094,55,23221,0,5,163.99,10,0.59,18,0.68,3443,Fashion,On-Time,Gold
3273,58,112727,2,24232,5690,5,456.35,19,0.32,155,0.06,4626,Electronics,Delayed,Gold
3274,55,92837,49,23025,0,9,61.55,13,0.35,100,0.18,8055,Electronics,On-Time,Gold
3275,31,50721,28,25211,7583,2,385.65,10,0.28,68,0.93,3666,Home,On-Time,Gold
3276,65,128404,87,17039,19533,3,121.36,13,0.16,99,0.03,2638,Travel,On-Time,Platinum
3277,62,20669,82,28644,17453,3,424.95,10,0.92,92,0.8,5776,Travel,On-Time,Gold
3278,47,71313,76,34572,7693,8,323.51,6,0.58,136,0.46,6006,Electronics,On-Time,Standard
3279,46,113676,15,14842,5975,6,65.2,11,0.73,46,0.75,5821,Travel,On-Time,Platinum
3280,53,46077,39,9926,4313,5,53.82,16,0.48,55,0.06,-2189,Fashion,Delayed,Platinum
3281,32,87382,26,19413,16038,3,308.93,6,0.06,133,0.34,4532,Fashion,On-Time,Platinum
3282,45,96733,69,27027,7804,7,407.22,12,0.47,119,0.62,2776,Travel,Late,Gold
3283,18,40579,41,25288,11847,3,371.34,17,0.04,139,0.21,3091,Home,On-Time,Gold
3284,58,72100,56,21145,14684,4,182.98,8,0.95,45,0.14,934,Fashion,Late,Standard
3285,21,68739,9,5000,15192,5,375.79,3,0.34,29,0.03,2624,Fashion,On-Time,Standard
3286,67,52930,37,14454,0,1,175.07,7,0.15,112,0.96,1664,Fashion,On-Time,Standard
3287,40,167066,7,28837,13925,3,272.78,5,0.23,43,0.73,1751,Fashion,On-Time,Standard
3288,41,44475,17,6034,10695,3,149.53,18,0.91,8,0.26,3319,Electronics,Late,Standard
3289,35,115197,95,20165,0,1,102.03,11,0.21,167,0.56,5331,Fashion,On-Time,Standard
3290,40,59287,16,15412,19671,4,482.11,12,0.13,149,0.65,2340,Home,On-Time,Gold
3291,66,31534,57,25230,11384,4,341.72,18,0.62,173,0.43,5952,Food,On-Time,Gold
3292,18,79112,65,6660,0,4,150.86,1,0.09,26,0.07,6605,Fashion,On-Time,Platinum
3293,64,100963,43,17591,5922,4,105.41,5,0.47,9,0.39,-322,Home,On-Time,Platinum
3294,50,111820,83,21253,8526,4,165.85,8,0.68,107,0.12,-2193,Fashion,On-Time,Standard
3295,26,137490,73,17186,28289,5,217.1,11,0.14,76,0.15,3438,Home,On-Time,Platinum
3296,28,192809,8,24821,3881,0,439.46,14,0.78,75,0.65,4760,Food,On-Time,Standard
3297,70,85020,47,7671,5177,5,357.08,4,0.43,55,0.34,3090,Home,On-Time,Platinum
3298,30,48476,38,11023,11259,0,212.05,5,0.71,174,0.32,3127,Travel,Late,Standard
3299,27,93114,88,17388,24987,8,196.72,17,0.25,11,0.88,4302,Fashion,Delayed,Standard
3300,62,64351,88,22694,8376,4,156.97,9,0.44,27,0.44,4155,Travel,Late,Standard
3301,50,112038,87,24101,6872,4,100.69,20,0.48,58,0.83,2009,Fashion,On-Time,Standard
3302,30,23113,5,21382,11259,1,437.58,19,0.3,61,0.9,386,Fashion,On-Time,Standard
3303,48,169733,29,12640,7690,4,262.26,10,0.79,163,0.94,1697,Travel,On-Time,Gold
3304,29,109241,73,15223,7588,2,475.79,8,0.18,142,0.79,2830,Fashion,On-Time,Standard
3305,61,20000,94,28845,16736,6,400.92,3,0.66,8,0.43,4454,Home,Delayed,Platinum
3306,60,46638,17,36168,6520,2,361.94,7,0.93,125,0.16,-1537,Home,On-Time,Gold
3307,52,107643,42,24871,7542,7,205.77,10,0.84,90,0.53,2413,Food,On-Time,Gold
3308,50,122053,32,22754,17001,5,261.88,8,0.76,151,0.39,4376,Travel,On-Time,Platinum
3309,71,24110,52,10769,0,2,156.8,1,0.14,33,0.17,3881,Food,On-Time,Gold
3310,44,103521,55,21575,7571,7,409.8,8,0.76,174,0.96,3578,Food,On-Time,Standard
3311,27,20000,18,6515,0,3,259.83,5,0.37,111,0.88,3588,Home,On-Time,Gold
3312,51,71426,86,30510,6508,4,405.11,6,0.1,117,0.79,-593,Food,On-Time,Standard
3313,76,119481,68,24480,7545,6,86.96,3,0.7,8,0.21,4247,Fashion,On-Time,Standard
3314,29,52939,25,19539,7663,6,191.59,18,0.07,156,0.92,6939,Travel,On-Time,Platinum
3315,39,20000,28,10735,7268,3,89.53,5,0.38,47,0.23,2218,Food,Delayed,Platinum
3316,51,80848,23,21452,11965,5,315.51,0,0.86,81,0.94,-419,Food,On-Time,Gold
3317,44,50811,5,7981,2174,1,375.67,11,0.69,155,0.8,9229,Travel,Delayed,Gold
3318,30,100182,53,17484,12730,4,403.15,18,0.52,20,0.75,1273,Travel,On-Time,Standard
3319,61,39586,38,23320,6456,7,216.68,17,0.88,48,1.0,385,Food,On-Time,Standard
3320,79,44094,3,14297,15307,4,111.57,3,0.75,22,0.51,2487,Fashion,On-Time,Gold
3321,47,20000,57,19679,9563,6,485.8,18,0.47,28,0.4,5967,Electronics,On-Time,Gold
3322,31,81797,47,38642,5856,7,135.48,3,0.75,100,0.85,4006,Travel,On-Time,Standard
3323,21,68563,59,5693,827,6,195.32,7,0.88,83,0.72,-1156,Food,Delayed,Gold
3324,48,27464,25,13822,12075,3,187.13,13,0.14,10,0.66,1873,Fashion,On-Time,Standard
3325,61,82751,78,17931,8654,8,396.49,0,0.2,37,0.34,3435,Electronics,On-Time,Standard
3326,52,116082,76,15754,20238,7,426.42,1,0.73,20,0.7,1908,Food,Delayed,Gold
3327,44,66377,39,23623,20769,2,178.45,9,0.17,158,0.31,3500,Electronics,On-Time,Gold
3328,36,85726,85,24322,6596,7,177.49,12,0.17,115,0.53,1559,Food,On-Time,Standard
3329,28,85932,76,20360,0,5,360.4,20,0.66,54,0.36,3811,Fashion,On-Time,Gold
3330,57,26826,55,21089,16205,6,436.53,6,0.54,45,0.25,1890,Home,On-Time,Standard
3331,58,157263,38,5622,6275,0,118.1,6,0.76,91,0.15,841,Fashion,On-Time,Gold
3332,21,56166,80,23781,7549,7,492.71,20,0.32,5,0.14,384,Fashion,Delayed,Platinum
3333,68,101244,99,21546,18362,3,357.43,0,0.61,153,0.9,-13,Home,On-Time,Gold
3334,53,105768,38,14455,12431,5,185.72,14,0.9,163,0.68,3861,Fashion,Late,Gold
3335,65,69416,47,32949,15935,5,394.47,16,0.9,62,0.13,2807,Home,On-Time,Gold
3336,24,99271,24,19408,17443,6,71.15,16,0.65,67,0.9,2575,Travel,On-Time,Platinum
3337,24,84832,33,21802,8821,3,459.51,20,0.02,95,0.67,4338,Electronics,Late,Gold
3338,42,20000,20,19672,14789,4,264.65,19,0.53,129,0.66,-697,Travel,On-Time,Standard
3339,52,61709,24,6795,10738,3,145.65,1,0.07,140,0.76,3751,Travel,On-Time,Standard
3340,71,50497,88,11900,13775,3,354.25,8,0.99,11,0.68,1099,Food,Delayed,Standard
3341,55,56530,21,17786,11089,9,91.88,11,1.0,117,0.48,2762,Electronics,On-Time,Standard
3342,41,22839,22,27856,19525,7,263.67,18,0.12,71,0.18,3695,Food,On-Time,Gold
3343,29,120057,24,16337,1031,6,472.51,12,0.46,167,0.26,-827,Home,Delayed,Standard
3344,63,139079,77,21647,6962,5,337.35,18,0.86,92,0.26,3540,Fashion,Late,Standard
3345,30,114120,77,23637,9377,8,92.52,9,0.12,85,0.74,-1320,Travel,On-Time,Standard
3346,69,125821,25,13603,10845,4,444.34,6,0.55,62,0.21,-323,Home,On-Time,Platinum
3347,40,61214,29,12512,1021,6,423.24,11,0.2,152,0.3,4735,Travel,On-Time,Gold
3348,68,49549,89,14562,4794,3,382.83,9,0.49,7,0.63,4251,Food,Delayed,Gold
3349,55,43856,37,14057,10258,3,123.53,1,0.2,31,0.07,2202,Home,On-Time,Gold
3350,42,100762,85,11300,6193,4,327.99,0,0.53,44,0.69,4069,Travel,On-Time,Gold
3351,37,84082,33,26897,0,1,403.49,14,0.41,25,0.59,2979,Travel,On-Time,Standard
3352,39,71911,88,24683,7447,4,371.08,2,0.39,32,0.42,5295,Travel,On-Time,Gold
3353,51,126805,99,11336,1505,3,200.12,1,0.16,140,0.05,2875,Travel,On-Time,Standard
3354,46,91197,76,21340,14206,4,477.48,13,0.66,127,0.23,4526,Home,Delayed,Gold
3355,36,41453,92,17423,12062,3,139.7,0,0.07,170,0.28,1010,Home,On-Time,Standard
3356,42,47763,72,19042,16305,5,247.14,1,0.93,141,0.02,2837,Electronics,On-Time,Gold
3357,46,102279,14,20267,11458,9,234.52,13,0.06,56,0.16,-300,Fashion,On-Time,Standard
3358,18,116669,94,8165,2484,7,453.38,18,0.41,139,0.01,4065,Home,On-Time,Platinum
3359,51,97067,43,5000,0,6,143.9,3,0.29,164,0.05,6419,Home,On-Time,Standard
3360,30,150875,90,20160,18001,4,396.99,10,0.55,160,0.12,6677,Home,On-Time,Platinum
3361,27,140400,94,16893,7014,5,289.49,4,0.02,146,0.34,703,Electronics,Late,Standard
3362,19,92641,9,18219,0,4,323.56,8,0.44,19,0.34,2516,Home,On-Time,Standard
3363,18,41456,36,14804,20972,5,58.38,9,0.75,50,0.82,5128,Travel,Late,Standard
3364,24,22600,6,19903,14040,4,353.88,14,0.81,178,0.55,4127,Food,Delayed,Gold
3365,34,59504,31,6583,20872,5,151.18,8,0.93,25,0.06,4454,Fashion,On-Time,Standard
3366,74,105128,10,20208,12992,2,254.21,5,0.11,32,0.05,7299,Travel,On-Time,Gold
3367,37,148065,47,5000,14652,9,264.08,18,0.55,6,0.35,2743,Home,On-Time,Gold
3368,47,91697,91,14090,6440,7,482.91,1,0.4,179,0.66,5400,Home,Delayed,Standard
3369,51,121748,67,16113,14981,5,259.46,5,0.65,4,0.55,6770,Home,On-Time,Standard
3370,46,65187,47,5252,23551,5,237.9,2,0.83,179,0.18,1640,Electronics,On-Time,Standard
3371,43,99910,44,30106,15808,4,392.15,19,0.6,163,0.51,163,Fashion,On-Time,Gold
3372,27,107934,94,19213,7506,6,239.14,7,0.23,123,0.83,107,Food,On-Time,Standard
3373,66,20000,92,13931,828,3,444.01,0,0.32,51,0.2,6099,Travel,On-Time,Platinum
3374,72,58462,32,35049,18012,2,288.17,9,0.89,144,0.62,6190,Home,Delayed,Standard
3375,19,112988,3,21760,10410,4,442.2,18,0.67,91,0.92,4216,Food,On-Time,Standard
3376,29,85978,46,22789,10715,10,349.68,4,0.6,129,0.57,5709,Home,On-Time,Platinum
3377,40,27139,89,18067,0,6,342.96,6,0.14,85,0.89,2114,Home,Delayed,Standard
3378,30,20000,52,15536,0,3,304.39,2,0.34,145,0.21,-367,Home,Delayed,Standard
3379,52,60368,30,21507,10597,5,273.32,7,0.32,16,0.42,5556,Electronics,On-Time,Gold
3380,34,72136,30,5000,3705,2,213.59,8,0.03,62,0.57,2282,Fashion,Delayed,Standard
3381,77,39643,26,5000,11465,3,410.42,17,0.93,63,0.1,1885,Home,On-Time,Standard
3382,62,80723,88,7804,16673,9,337.92,6,0.33,134,0.57,606,Home,On-Time,Gold
3383,48,95255,47,5000,6030,4,93.0,20,0.1,38,0.49,3327,Home,On-Time,Platinum
3384,60,101827,35,23564,11635,1,354.65,5,0.49,36,0.56,-304,Home,On-Time,Gold
3385,61,20000,48,13673,9181,3,71.82,4,0.45,37,0.77,2227,Travel,Delayed,Standard
3386,36,22428,30,29093,30664,4,489.2,1,0.85,92,0.25,1159,Home,On-Time,Gold
3387,32,62815,100,17666,6304,4,194.46,20,0.8,175,0.47,3280,Fashion,Delayed,Platinum
3388,46,97886,43,12324,5114,6,103.0,0,0.78,67,0.49,3327,Food,Delayed,Gold
3389,57,94569,58,18134,6815,4,154.32,19,0.93,86,0.74,2590,Electronics,On-Time,Gold
3390,47,93874,22,27561,18150,1,477.68,4,0.37,142,0.61,4046,Food,On-Time,Gold
3391,21,59663,98,16669,6531,7,272.23,2,0.59,16,0.88,2795,Travel,On-Time,Standard
3392,32,61894,67,28647,15181,5,489.69,1,0.67,151,0.06,4594,Home,On-Time,Standard
3393,43,45866,91,27442,10246,2,196.64,1,0.47,121,0.26,405,Fashion,Late,Platinum
3394,43,105727,41,14080,10435,4,69.43,18,0.24,167,0.28,6383,Electronics,On-Time,Gold
3395,74,38180,41,14748,21203,6,463.51,2,0.9,32,0.84,2151,Electronics,On-Time,Standard
3396,24,109001,12,14306,0,3,463.08,2,0.9,57,0.09,1417,Travel,Late,Standard
3397,52,83314,0,9023,10930,4,208.86,18,0.77,36,0.84,2585,Electronics,On-Time,Standard
3398,67,73198,75,6755,14881,8,347.13,12,0.35,152,0.72,4482,Fashion,Delayed,Platinum
3399,79,48731,52,14666,12755,6,165.74,7,0.0,107,0.2,5658,Food,Delayed,Platinum
3400,38,20778,39,5000,0,9,331.26,19,0.49,13,0.67,1428,Home,Delayed,Gold
3401,52,49093,89,9542,2023,6,78.92,2,0.52,172,0.19,3456,Food,Delayed,Standard
3402,53,61799,45,22421,11947,6,205.81,16,0.49,155,0.28,4538,Fashion,On-Time,Standard
3403,47,20000,86,7410,0,4,224.4,18,0.1,169,0.67,2112,Food,Late,Standard
3404,43,67105,21,28776,6293,14,190.11,20,0.79,37,0.29,5739,Home,Delayed,Standard
3405,51,111974,51,23246,1388,4,270.75,12,0.53,157,0.05,3378,Travel,On-Time,Gold
3406,18,97688,27,33281,11348,3,346.14,10,0.22,122,0.35,3131,Electronics,Late,Standard
3407,55,55151,52,34971,8899,8,275.0,0,0.96,151,0.64,4104,Fashion,Delayed,Standard
3408,46,76877,62,24380,12653,3,251.17,0,0.3,124,0.19,5356,Food,Delayed,Standard
3409,41,52753,16,13712,3929,0,348.02,17,0.38,1,0.8,-1145,Electronics,On-Time,Gold
3410,75,80950,63,5164,11858,6,430.64,17,0.4,143,0.13,5781,Home,On-Time,Standard
3411,34,136604,5,6633,10025,6,249.9,9,0.4,30,0.69,1682,Food,On-Time,Standard
3412,38,113739,13,34125,3988,3,262.85,9,0.64,91,0.32,7711,Fashion,On-Time,Standard
3413,74,95831,16,6467,17663,5,441.12,19,0.28,54,0.56,4229,Home,On-Time,Gold
3414,32,55284,37,16684,14894,4,53.67,10,0.9,44,0.94,4944,Fashion,On-Time,Standard
3415,36,104997,68,28038,5534,3,235.54,12,0.57,71,0.98,2089,Food,On-Time,Gold
3416,42,20000,12,11409,4486,4,60.0,1,0.88,165,0.53,4072,Food,On-Time,Gold
3417,57,64905,52,28961,16500,6,219.44,19,0.92,138,0.14,1977,Home,Delayed,Standard
3418,48,98348,8,17901,0,7,166.63,6,0.77,112,0.85,6603,Fashion,Delayed,Standard
3419,25,104616,43,20161,951,4,300.62,16,0.24,13,0.74,2576,Travel,On-Time,Standard
3420,37,101795,25,16113,13360,5,259.42,12,0.33,109,0.52,3894,Home,Late,Standard
3421,35,86793,76,11064,22705,3,96.17,16,0.23,159,0.31,3183,Electronics,Delayed,Standard
3422,43,67171,18,23970,5769,9,289.63,20,0.46,0,0.47,3998,Food,Delayed,Standard
3423,51,96519,47,22981,6571,6,362.14,4,0.51,30,0.34,2925,Home,Late,Standard
3424,51,36885,80,24325,8462,2,75.21,15,0.34,50,0.75,4025,Travel,Delayed,Standard
3425,18,41212,79,26532,6685,3,64.66,19,0.87,164,0.74,2627,Food,Delayed,Gold
3426,60,77469,29,15008,7008,7,448.07,9,0.4,176,0.01,2438,Fashion,Delayed,Standard
3427,48,81927,31,22977,5708,3,305.07,15,0.7,63,0.12,2507,Electronics,On-Time,Standard
3428,65,20000,77,25665,11312,3,98.92,5,0.83,149,0.52,524,Home,On-Time,Standard
3429,51,93205,78,21754,14856,5,373.21,13,0.16,143,0.83,-290,Food,On-Time,Platinum
3430,61,105909,75,15185,11106,4,435.49,15,0.71,139,0.96,-739,Travel,On-Time,Standard
3431,51,71908,100,21340,8863,2,485.17,15,0.16,141,0.63,4615,Food,Delayed,Gold
3432,65,169978,74,5000,5746,0,423.49,2,0.76,24,0.33,5339,Home,On-Time,Gold
3433,52,47682,68,21508,1768,6,387.56,3,0.57,54,0.23,-396,Food,On-Time,Platinum
3434,43,60556,10,9592,908,6,445.26,14,0.51,74,0.85,6618,Home,On-Time,Standard
3435,79,59197,97,18644,0,2,269.38,4,0.53,70,0.86,1686,Travel,On-Time,Gold
3436,58,71952,82,15146,14422,3,268.85,14,0.4,173,0.5,978,Home,On-Time,Standard
3437,53,61851,25,18884,5923,5,354.18,9,0.05,168,0.51,3878,Electronics,On-Time,Gold
3438,25,20000,25,6075,12779,7,443.94,17,0.55,106,0.22,2233,Home,On-Time,Standard
3439,25,53138,16,24138,5001,4,143.93,18,0.02,36,0.46,2542,Travel,On-Time,Gold
3440,49,71095,94,25781,9487,3,244.11,19,0.91,70,0.62,2454,Electronics,On-Time,Gold
3441,47,124142,82,10673,7628,5,389.7,18,0.25,71,0.38,5734,Home,On-Time,Gold
3442,35,163089,43,7598,21014,7,177.2,14,0.65,46,0.89,2870,Food,On-Time,Gold
3443,47,128418,83,11212,6665,6,75.02,11,0.56,11,0.88,3260,Fashion,On-Time,Gold
3444,68,43984,22,24432,15895,6,235.37,4,0.62,31,0.92,4777,Home,Delayed,Platinum
3445,55,47167,24,17964,221,9,487.65,10,0.32,49,0.03,968,Electronics,On-Time,Standard
3446,27,68626,91,16859,19477,6,340.74,3,0.45,146,0.1,3550,Home,On-Time,Standard
3447,43,146382,36,17294,15805,4,399.99,8,0.75,157,0.11,809,Food,On-Time,Standard
3448,32,68383,75,13128,5886,3,95.54,14,0.39,25,0.59,4513,Fashion,Delayed,Gold
3449,39,21899,64,21155,5779,3,288.02,13,0.28,114,0.16,353,Home,Delayed,Standard
3450,38,54952,1,30618,18346,4,444.53,14,0.03,95,0.5,2124,Food,Delayed,Gold
3451,37,105282,73,11338,16515,6,445.93,5,0.48,23,0.82,3322,Travel,Late,Standard
3452,26,102597,97,23488,8347,3,490.8,13,0.69,85,0.7,-105,Electronics,On-Time,Standard
3453,43,66991,31,18062,3981,5,421.12,20,0.29,177,0.26,2487,Electronics,On-Time,Standard
3454,36,102336,88,17997,17531,5,443.31,12,0.87,29,0.55,2480,Travel,On-Time,Gold
3455,18,20000,73,29517,6697,1,142.38,2,0.12,73,0.62,4434,Fashion,Late,Gold
3456,75,79153,54,26416,12348,6,61.74,5,0.37,164,0.42,6227,Fashion,On-Time,Standard
3457,61,109427,49,18564,6011,5,344.99,5,0.74,158,0.15,3201,Electronics,On-Time,Standard
3458,39,41685,64,25926,8462,7,360.43,5,0.97,95,0.87,1331,Travel,On-Time,Standard
3459,45,41546,31,5000,23329,4,462.83,4,0.38,24,0.89,1607,Electronics,On-Time,Standard
3460,27,20000,36,5000,9463,3,300.73,15,0.74,134,0.82,2218,Electronics,On-Time,Platinum
3461,70,138595,75,12872,20069,7,240.84,5,0.69,140,0.86,3388,Fashion,On-Time,Standard
3462,73,46193,81,10451,0,5,470.47,16,0.94,95,0.67,3551,Home,On-Time,Standard
3463,47,84641,93,16563,0,7,139.53,0,0.5,103,0.41,4563,Electronics,Delayed,Gold
3464,60,99156,12,27627,14080,2,260.9,14,0.59,10,0.12,1276,Electronics,On-Time,Gold
3465,47,135482,53,16825,4615,6,69.57,6,0.16,71,0.81,1079,Food,On-Time,Platinum
3466,24,68844,2,26016,9834,4,407.58,2,0.27,70,0.27,-1112,Travel,On-Time,Standard
3467,38,53422,84,25837,0,1,330.67,18,0.63,97,0.17,2851,Travel,Delayed,Standard
3468,46,81922,41,5000,0,4,180.52,2,0.56,20,0.4,3087,Fashion,On-Time,Gold
3469,38,126363,77,24254,10099,7,292.61,20,0.45,127,0.66,5194,Travel,On-Time,Standard
3470,41,68193,39,27994,6609,9,359.23,18,0.7,43,0.57,1573,Electronics,On-Time,Gold
3471,43,36805,73,28551,7654,3,406.11,4,0.24,52,0.54,-123,Electronics,On-Time,Gold
3472,43,20000,65,17877,21677,7,96.44,18,0.7,131,0.12,4566,Travel,On-Time,Standard
3473,45,26148,59,19394,13333,3,136.66,0,0.19,128,0.15,4433,Fashion,On-Time,Standard
3474,29,109575,100,19918,25013,2,285.24,20,0.49,52,0.02,2336,Electronics,On-Time,Standard
3475,34,62175,10,18181,10530,5,369.63,7,0.11,171,0.25,3288,Travel,On-Time,Standard
3476,25,50699,0,10562,20465,4,446.0,1,0.52,147,0.55,2558,Food,Delayed,Platinum
3477,59,46361,25,12383,16883,6,295.09,5,0.82,77,0.12,5147,Food,On-Time,Standard
3478,18,78401,41,23791,6461,6,187.1,8,0.48,137,0.16,4930,Home,On-Time,Standard
3479,62,65421,61,17735,8790,2,436.02,12,0.33,32,0.75,388,Electronics,On-Time,Platinum
3480,65,64074,60,19758,7516,4,482.37,6,0.14,0,0.28,2825,Travel,On-Time,Gold
3481,40,128972,76,27690,17520,3,162.08,0,0.36,123,0.64,4781,Home,Delayed,Standard
3482,18,136520,91,19562,11932,4,320.98,0,0.86,140,0.96,228,Fashion,On-Time,Gold
3483,39,20000,99,9814,3563,2,194.67,1,0.39,84,0.83,2179,Food,On-Time,Platinum
3484,44,88103,84,36608,987,6,436.8,14,0.18,93,0.92,7070,Fashion,On-Time,Platinum
3485,29,43925,61,16571,1228,4,233.89,1,0.89,106,0.89,4351,Food,Delayed,Standard
3486,37,65069,73,16108,3730,9,461.26,6,0.93,125,0.08,2477,Electronics,On-Time,Standard
3487,67,87371,11,21240,3360,1,263.71,18,0.95,15,0.65,4289,Fashion,On-Time,Gold
3488,54,66491,26,17832,1551,3,379.43,13,0.52,48,0.8,3964,Fashion,On-Time,Standard
3489,31,84218,66,18465,17851,10,205.11,6,0.56,120,0.37,7385,Food,On-Time,Standard
3490,21,101918,27,14410,0,4,287.07,9,0.3,131,0.08,3683,Fashion,On-Time,Standard
3491,40,86783,65,26731,12837,6,360.69,9,0.34,97,0.05,2193,Fashion,On-Time,Standard
3492,41,49126,27,27902,25961,4,135.64,9,0.52,80,0.34,3882,Food,On-Time,Standard
3493,52,49832,94,33516,10609,4,128.42,5,0.16,111,0.8,3380,Food,On-Time,Gold
3494,36,20000,20,34696,10632,8,89.13,15,0.96,71,0.71,3034,Fashion,On-Time,Platinum
3495,52,40843,6,5000,11595,5,208.52,2,0.69,21,0.75,3851,Home,Delayed,Gold
3496,74,153482,94,23851,0,7,315.18,19,0.05,77,0.09,3614,Fashion,Late,Standard
3497,57,43319,13,9501,13033,4,98.67,7,0.26,27,0.18,1281,Electronics,On-Time,Platinum
3498,44,27264,38,29269,12346,8,117.38,19,0.3,82,0.71,3821,Electronics,Late,Standard
3499,42,87797,72,21558,9715,4,404.17,8,0.01,6,0.98,1473,Home,Delayed,Gold
3500,39,70585,86,13135,0,6,246.63,9,0.98,158,0.17,1849,Electronics,On-Time,Gold
3501,62,67176,61,9886,23253,5,90.12,17,0.28,5,0.39,-1044,Fashion,On-Time,Standard
3502,35,131361,11,13738,11661,8,193.56,20,0.05,75,0.42,3489,Food,On-Time,Standard
3503,45,96965,92,12538,1441,1,258.15,15,0.88,17,0.87,3086,Electronics,On-Time,Standard
3504,45,53800,37,29615,2966,6,156.43,1,0.11,27,0.15,-115,Electronics,Late,Standard
3505,37,58020,57,19546,4558,3,354.88,18,0.46,172,0.37,-675,Travel,Late,Gold
3506,24,54896,55,11012,21113,5,413.14,16,0.36,161,0.42,2477,Home,On-Time,Gold
3507,49,109989,38,22371,9133,5,398.65,3,0.08,93,0.07,1832,Electronics,On-Time,Standard
3508,44,62674,85,22227,9135,4,305.48,8,0.03,166,0.7,1209,Fashion,Delayed,Platinum
3509,52,20000,3,17959,6290,7,255.2,18,0.27,39,0.92,725,Electronics,On-Time,Platinum
3510,36,73067,47,29012,17178,6,466.99,1,0.36,38,0.79,2260,Fashion,On-Time,Gold
3511,63,20000,6,23766,17545,8,101.53,17,0.75,100,0.14,7073,Home,Delayed,Gold
3512,31,162369,59,23128,0,4,279.9,1,0.72,143,0.26,5565,Electronics,On-Time,Standard
3513,70,36373,39,5000,9296,6,194.49,17,0.46,97,0.5,1199,Home,On-Time,Gold
3514,18,68525,7,16531,8492,7,250.42,2,0.21,98,0.12,1305,Food,Delayed,Standard
3515,51,85328,57,24543,3322,1,337.96,19,0.84,162,0.56,-1974,Food,On-Time,Gold
3516,52,63453,56,22268,5927,5,310.08,14,0.65,112,0.18,1411,Fashion,On-Time,Gold
3517,33,63398,34,19992,7957,6,371.08,19,0.35,104,0.9,5189,Electronics,Late,Standard
3518,51,91873,72,24846,2944,2,58.25,14,0.87,127,0.43,-45,Travel,Late,Standard
3519,64,136048,12,22948,12047,4,266.16,13,0.82,39,0.16,2126,Travel,On-Time,Standard
3520,18,105700,38,25789,11895,3,361.22,0,0.0,15,0.27,701,Home,Delayed,Standard
3521,52,134140,83,22500,13623,3,407.51,4,0.87,132,0.03,3617,Electronics,Delayed,Gold
3522,18,33135,20,25441,6724,1,101.3,2,0.53,139,0.38,2421,Fashion,Delayed,Gold
3523,30,87694,46,25038,0,4,192.66,13,0.92,47,0.4,742,Food,Late,Gold
3524,69,81209,82,19329,5002,9,313.31,11,0.77,64,0.61,7648,Travel,Delayed,Standard
3525,36,89043,1,19751,2636,4,223.4,5,0.15,179,0.26,2343,Electronics,On-Time,Gold
3526,27,130049,43,20620,8813,8,225.58,19,0.34,53,0.89,6137,Home,On-Time,Standard
3527,42,66168,29,10045,14008,7,122.78,17,0.31,47,0.09,6047,Home,Delayed,Gold
3528,76,58779,86,7641,23229,7,148.6,8,0.7,165,0.81,5392,Home,On-Time,Gold
3529,18,96359,54,24029,3658,5,176.41,15,0.54,78,0.36,1556,Food,On-Time,Gold
3530,29,20000,39,24458,10894,3,372.87,2,0.27,94,0.14,533,Food,On-Time,Standard
3531,67,65525,76,19795,11222,8,236.89,12,0.76,106,0.4,4224,Travel,On-Time,Gold
3532,72,69632,96,22844,20081,6,144.65,10,0.65,33,0.73,2832,Electronics,On-Time,Standard
3533,43,38185,95,25250,11539,6,78.23,17,0.79,86,0.16,4688,Fashion,On-Time,Standard
3534,26,117282,91,23485,7451,4,302.64,9,0.75,100,0.03,4012,Food,On-Time,Standard
3535,76,32510,23,24484,9702,5,142.48,10,0.61,109,0.19,2482,Electronics,On-Time,Standard
3536,68,69565,41,9631,12435,6,315.44,7,0.17,77,0.7,3066,Electronics,Late,Platinum
3537,55,86726,27,33166,15172,3,295.36,9,0.19,9,0.32,2705,Travel,On-Time,Gold
3538,32,129138,93,22586,21911,5,201.46,15,0.79,53,0.97,1563,Food,On-Time,Standard
3539,44,74577,92,27485,21197,3,155.45,11,0.86,60,0.06,671,Electronics,On-Time,Gold
3540,42,112446,97,24676,4659,5,246.51,10,0.5,85,0.84,3002,Electronics,Late,Standard
3541,49,103023,50,11753,0,1,201.05,9,0.99,135,0.94,3676,Fashion,Delayed,Standard
3542,66,79938,21,14509,1257,4,200.15,11,0.3,94,0.28,4225,Fashion,On-Time,Standard
3543,58,31419,88,15800,11680,5,473.94,10,0.73,45,0.44,3046,Home,On-Time,Standard
3544,28,20000,77,29191,17887,1,315.74,8,0.67,9,0.56,-397,Home,Late,Standard
3545,65,79260,73,12299,8293,8,347.14,5,0.75,29,0.4,2908,Electronics,On-Time,Gold
3546,49,53292,73,9976,3288,4,137.15,16,0.42,13,0.23,1481,Electronics,On-Time,Standard
3547,55,111770,7,23433,0,6,230.12,7,0.24,123,0.36,4133,Travel,On-Time,Standard
3548,66,104834,13,34022,21099,8,166.29,18,0.4,60,0.68,2579,Fashion,On-Time,Standard
3549,28,67615,44,13266,6604,3,466.7,5,0.19,9,0.38,1721,Fashion,On-Time,Platinum
3550,44,28691,37,31468,0,1,256.41,17,0.11,4,0.35,5630,Travel,Late,Standard
3551,37,95429,31,25970,9817,4,461.69,15,0.68,165,0.26,2060,Electronics,On-Time,Gold
3552,21,34282,61,16627,10024,7,276.04,3,0.99,93,0.98,4937,Home,Delayed,Platinum
3553,50,44661,95,9418,16193,6,488.74,7,0.67,10,0.93,6442,Travel,Delayed,Platinum
3554,80,35823,66,17301,1646,6,360.4,6,0.13,59,0.78,-655,Food,On-Time,Gold
3555,18,69459,83,13671,18141,2,311.63,7,0.52,44,0.93,932,Home,Late,Standard
3556,44,121807,60,29602,19217,4,342.54,17,0.6,92,0.47,1678,Electronics,On-Time,Platinum
3557,54,74798,12,19732,10646,3,95.13,15,0.74,176,0.34,4042,Travel,On-Time,Gold
3558,46,57271,86,23850,14243,9,331.53,7,0.78,171,0.75,3366,Electronics,On-Time,Platinum
3559,43,20000,82,23901,15685,8,186.16,13,0.2,87,0.67,1913,Travel,On-Time,Standard
3560,25,97084,79,14880,5798,7,398.73,18,0.33,179,0.91,882,Electronics,On-Time,Gold
3561,48,43783,99,20577,283,6,230.9,6,0.54,36,0.12,3296,Food,On-Time,Standard
3562,33,79700,98,28009,5877,3,442.45,6,0.0,78,0.77,2221,Travel,On-Time,Gold
3563,18,60831,46,19392,0,7,213.82,2,0.2,131,0.43,1740,Travel,On-Time,Gold
3564,62,108527,53,17874,13309,3,177.72,12,0.96,76,0.78,4994,Electronics,On-Time,Standard
3565,59,68710,70,25522,21194,5,277.28,4,0.36,43,0.48,3709,Travel,On-Time,Platinum
3566,45,72642,51,9598,3981,5,256.26,15,0.75,37,0.66,1245,Fashion,On-Time,Gold
3567,48,94429,100,5000,6766,7,75.46,5,0.47,33,0.68,7143,Travel,On-Time,Standard
3568,61,159277,71,22304,8235,7,395.78,10,1.0,132,0.72,-2002,Electronics,On-Time,Gold
3569,48,110537,24,28194,24442,1,225.91,20,0.9,5,0.46,4003,Fashion,On-Time,Gold
3570,58,71455,22,34414,6818,1,256.51,11,0.29,102,0.61,2682,Travel,On-Time,Gold
3571,40,75127,73,21570,17833,5,369.84,3,0.8,48,0.79,2384,Fashion,On-Time,Standard
3572,64,54005,29,26593,10252,5,71.73,10,0.55,115,0.46,-2594,Home,Delayed,Platinum
3573,49,37000,96,30544,0,5,163.23,8,0.31,110,0.09,1493,Fashion,Late,Standard
3574,47,52889,10,20251,6490,5,149.14,5,0.52,65,0.37,951,Food,On-Time,Gold
3575,25,44114,34,14869,16155,7,287.14,20,0.33,36,0.38,2688,Fashion,On-Time,Platinum
3576,49,101134,26,14046,6530,5,434.89,12,0.18,149,0.97,-145,Food,On-Time,Standard
3577,32,32152,66,17642,13585,6,264.79,3,0.47,123,0.65,3328,Travel,On-Time,Gold
3578,35,128328,46,31595,22130,9,188.21,7,0.42,131,0.6,2683,Travel,On-Time,Gold
3579,32,105081,49,27458,13624,8,95.99,8,0.31,104,0.45,5014,Electronics,On-Time,Standard
3580,29,75820,7,18251,5552,8,51.21,9,0.62,142,0.06,4457,Electronics,On-Time,Standard
3581,76,75012,54,29964,14976,1,177.25,2,0.13,173,0.86,5073,Travel,On-Time,Standard
3582,64,52708,76,23622,13413,5,258.96,18,0.97,83,0.78,5502,Home,On-Time,Standard
3583,73,85803,41,18263,16794,3,210.54,20,0.21,95,0.06,-506,Electronics,Late,Standard
3584,26,118523,66,21416,9349,5,256.63,6,0.61,30,0.4,-560,Food,On-Time,Platinum
3585,46,46873,19,23220,4337,6,247.89,1,0.4,98,0.87,667,Food,Delayed,Platinum
3586,25,20000,44,21093,13764,4,252.58,16,0.01,106,0.42,3829,Fashion,Late,Gold
3587,34,103128,34,33928,13984,3,351.89,9,0.21,48,0.29,2561,Travel,On-Time,Standard
3588,31,87974,76,18801,6283,3,217.36,12,0.55,23,0.23,2781,Home,On-Time,Platinum
3589,63,30192,19,8940,0,8,418.98,0,0.35,48,0.24,1031,Electronics,Late,Gold
3590,39,45664,23,22500,6802,3,410.44,19,0.84,57,0.23,1452,Fashion,On-Time,Standard
3591,61,40635,56,17668,1763,6,154.17,3,0.67,91,0.12,697,Home,On-Time,Gold
3592,54,46018,54,9258,8116,3,100.77,4,0.16,28,0.31,3226,Home,On-Time,Standard
3593,79,62052,8,25315,15443,8,457.19,5,0.94,39,0.81,2379,Electronics,On-Time,Standard
3594,22,64338,93,5000,0,5,127.1,13,0.24,89,0.86,3507,Home,On-Time,Platinum
3595,63,48968,88,22307,12172,7,341.81,12,0.06,40,0.05,999,Food,Delayed,Standard
3596,62,44673,15,5000,12882,11,439.63,20,0.49,79,0.55,6579,Electronics,On-Time,Standard
3597,30,65848,54,20041,3530,6,52.32,15,0.44,28,0.83,1830,Food,On-Time,Platinum
3598,60,81707,71,24427,12437,4,169.85,5,0.49,150,0.28,1978,Electronics,On-Time,Gold
3599,50,62348,57,25856,18189,4,179.75,18,0.07,104,0.29,5681,Food,Late,Standard
3600,41,121346,63,26467,13026,6,360.52,12,0.3,74,0.62,3873,Electronics,On-Time,Standard
3601,32,95323,91,11562,24400,6,340.45,15,0.92,95,0.54,3197,Travel,On-Time,Standard
3602,34,20000,75,21518,10582,11,298.88,7,0.8,64,0.64,651,Food,Late,Platinum
3603,75,95949,87,14391,17021,2,460.78,10,0.15,122,0.24,1123,Food,On-Time,Platinum
3604,45,99221,48,13930,24228,6,494.16,14,0.29,70,0.07,6286,Travel,On-Time,Standard
3605,56,57610,28,19118,13556,7,80.56,2,0.75,48,0.18,2566,Fashion,On-Time,Gold
3606,33,20000,78,16632,22271,8,442.22,2,0.86,124,0.11,4426,Home,On-Time,Gold
3607,33,75322,81,11710,13195,7,145.99,3,0.14,77,0.01,-897,Electronics,On-Time,Gold
3608,61,74691,6,22575,20196,5,119.37,11,0.6,89,0.39,1266,Home,On-Time,Standard
3609,24,30134,76,24388,2176,3,401.46,11,0.44,16,0.34,2930,Home,On-Time,Standard
3610,38,20000,82,13110,10429,4,334.87,3,0.49,92,0.95,3088,Travel,On-Time,Gold
3611,45,71497,68,18524,27293,10,76.91,4,0.79,6,0.42,5027,Food,On-Time,Standard
3612,46,65676,89,18662,0,4,146.88,1,0.59,19,0.91,1617,Travel,On-Time,Gold
3613,42,58309,1,18791,4609,9,370.4,15,0.56,142,0.71,59,Travel,On-Time,Standard
3614,50,71663,32,19546,25223,7,54.81,17,0.38,129,0.94,-285,Travel,On-Time,Standard
3615,55,30888,47,22308,9248,7,178.24,10,0.32,175,0.3,2392,Home,On-Time,Standard
3616,56,57607,36,29342,9240,3,253.07,6,0.73,49,0.83,4902,Electronics,Delayed,Standard
3617,30,96333,88,21041,16411,5,460.67,10,0.91,67,0.3,4505,Home,On-Time,Standard
3618,40,61001,88,15919,18775,6,432.67,19,0.03,154,0.19,4719,Travel,Delayed,Platinum
3619,62,20000,29,19903,7414,3,147.61,3,0.48,48,0.42,3726,Home,On-Time,Standard
3620,58,56092,40,11495,0,4,187.74,19,0.57,2,0.11,3389,Travel,On-Time,Standard
3621,24,32193,3,12822,3511,3,283.27,3,0.28,0,0.97,2711,Home,Delayed,Standard
3622,50,85685,82,23459,6073,8,246.3,19,0.09,180,0.48,4445,Home,Delayed,Gold
3623,18,87753,90,5000,1774,4,396.18,20,0.17,134,0.13,6165,Travel,On-Time,Standard
3624,45,20000,38,18265,3974,4,478.06,19,0.71,39,0.07,2700,Travel,Late,Gold
3625,73,105360,23,27424,10063,5,329.7,5,0.22,161,1.0,2157,Home,On-Time,Gold
3626,30,30512,49,23231,4059,5,100.46,2,0.4,130,0.63,1816,Travel,On-Time,Standard
3627,32,137367,36,26884,22360,5,248.73,11,0.02,59,0.41,354,Fashion,On-Time,Standard
3628,56,73048,52,22687,7171,4,296.22,13,0.17,57,0.19,3303,Fashion,On-Time,Standard
3629,21,25144,24,35936,0,3,479.83,0,0.82,146,0.33,5442,Travel,Late,Standard
3630,35,29320,92,10152,18219,3,205.3,8,0.53,47,0.9,3471,Electronics,Delayed,Gold
3631,53,88923,30,20924,32558,2,351.29,20,0.1,57,0.52,2805,Food,On-Time,Standard
3632,35,59348,98,25819,7689,4,55.07,9,0.08,5,0.28,4096,Fashion,On-Time,Gold
3633,41,71133,91,16624,11796,5,246.51,5,0.92,120,0.91,2791,Home,On-Time,Gold
3634,56,139511,37,29429,19125,1,68.22,19,0.37,96,0.85,4957,Fashion,On-Time,Platinum
3635,51,47030,57,24836,7359,8,156.66,5,0.77,75,0.21,2006,Electronics,On-Time,Gold
3636,49,77398,52,8065,23122,4,261.18,6,0.44,178,0.47,4147,Travel,On-Time,Standard
3637,39,131793,49,22897,0,5,311.61,0,0.12,77,0.75,5556,Home,Delayed,Gold
3638,50,85820,3,24865,9171,6,444.5,12,0.53,121,0.12,2939,Home,Late,Standard
3639,43,20000,91,33061,4293,5,133.16,16,0.1,35,0.51,7564,Home,On-Time,Gold
3640,51,95215,51,18564,2081,3,188.88,8,0.86,19,0.36,5897,Fashion,Late,Platinum
3641,37,28479,30,24471,4475,5,300.75,15,0.05,71,0.54,2071,Electronics,Late,Standard
3642,42,131272,86,22061,13591,2,145.7,6,0.7,105,0.5,3290,Travel,On-Time,Gold
3643,30,42085,77,15502,16446,6,458.38,7,0.98,165,0.21,6122,Home,On-Time,Gold
3644,44,193780,91,17206,14961,7,443.27,8,0.89,152,0.66,1573,Home,Delayed,Standard
3645,32,133695,13,5000,0,11,449.09,4,0.91,156,0.08,3589,Travel,Delayed,Standard
3646,28,43135,0,16218,13857,5,374.13,19,0.26,46,0.29,1228,Electronics,On-Time,Standard
3647,48,75800,42,32569,9164,6,498.31,11,0.47,57,0.28,1333,Fashion,On-Time,Standard
3648,48,105145,95,18620,5928,1,421.79,17,0.23,2,0.87,1424,Travel,Delayed,Standard
3649,56,106346,58,26756,8470,3,273.19,13,0.69,158,0.99,5331,Travel,On-Time,Platinum
3650,38,92693,60,21822,21659,7,382.44,11,0.66,73,0.2,3571,Home,Delayed,Platinum
3651,51,125086,40,23395,8071,3,93.14,16,0.3,11,0.58,2646,Food,On-Time,Standard
3652,53,70081,17,35954,15348,6,463.12,9,0.41,66,0.84,6506,Home,On-Time,Gold
3653,51,60331,59,16731,17227,3,492.88,5,0.38,47,0.22,2007,Fashion,On-Time,Gold
3654,32,61125,68,16676,16162,5,435.65,19,0.7,136,0.93,4130,Fashion,Late,Gold
3655,47,109334,78,28698,6799,8,66.02,14,0.02,77,0.52,1276,Electronics,On-Time,Standard
3656,50,89607,58,19355,7179,7,124.34,16,0.93,13,0.99,996,Travel,On-Time,Standard
3657,45,86651,41,17819,11919,3,97.48,18,0.14,18,0.79,6968,Travel,On-Time,Standard
3658,18,106809,79,27630,6121,4,241.54,4,0.32,16,0.54,3107,Travel,On-Time,Standard
3659,47,20000,99,22068,4039,6,67.16,11,0.05,164,0.38,3412,Fashion,On-Time,Gold
3660,78,87402,35,18789,10694,8,474.51,18,0.44,111,0.8,4283,Fashion,On-Time,Gold
3661,39,83742,39,17266,4361,5,313.27,19,0.74,148,0.61,1024,Travel,Late,Standard
3662,34,141752,29,13255,6978,2,305.39,8,0.78,158,0.51,1844,Food,On-Time,Standard
3663,50,20000,86,7615,8080,3,250.7,6,0.36,102,0.14,3651,Home,On-Time,Gold
3664,49,137287,10,28891,6114,3,202.04,7,0.38,11,0.62,5686,Food,Late,Standard
3665,62,78016,24,16606,8208,4,267.93,11,0.34,41,0.61,2908,Electronics,On-Time,Gold
3666,26,94559,44,6370,6983,7,282.89,17,0.22,9,0.48,-1698,Travel,On-Time,Platinum
3667,55,142036,50,34266,24302,3,363.1,9,0.71,95,0.22,5274,Food,Delayed,Standard
3668,53,97430,42,20693,22380,5,124.36,6,0.89,115,0.29,2047,Home,Delayed,Standard
3669,42,91014,65,20178,7021,4,308.85,0,0.41,150,0.26,1111,Electronics,On-Time,Gold
3670,50,84691,98,7301,6799,8,310.61,8,0.72,37,0.37,3889,Travel,On-Time,Standard
3671,60,55660,46,24648,8430,9,215.15,10,0.49,137,0.41,3158,Electronics,On-Time,Standard
3672,58,73860,23,15751,11672,9,483.93,8,0.13,17,0.18,5786,Electronics,On-Time,Gold
3673,27,46379,76,15769,9285,5,385.3,16,0.51,131,0.54,895,Food,On-Time,Standard
3674,57,73217,36,23310,10110,8,369.85,4,0.27,28,0.75,3327,Electronics,Late,Standard
3675,44,20000,55,20965,15534,7,442.91,16,0.67,23,0.21,-2328,Home,On-Time,Standard
3676,46,92161,93,12222,3926,5,202.51,9,0.45,119,0.97,2218,Home,On-Time,Standard
3677,46,70130,74,8605,5840,4,145.7,7,0.68,164,0.18,5022,Home,On-Time,Gold
3678,42,61551,86,21322,0,6,247.23,1,0.48,51,0.73,6468,Fashion,On-Time,Standard
3679,62,83790,45,20628,7193,6,318.9,19,0.76,95,0.68,3636,Electronics,On-Time,Standard
3680,43,20000,27,40848,10257,4,300.92,6,1.0,18,0.11,1332,Electronics,On-Time,Gold
3681,28,152170,92,5000,10313,4,149.18,1,0.86,40,0.89,6202,Fashion,On-Time,Standard
3682,39,70889,51,21177,18771,5,170.91,20,0.71,68,0.5,518,Fashion,On-Time,Gold
3683,47,69166,14,7015,3880,5,466.58,10,0.25,131,0.12,1497,Fashion,On-Time,Gold
3684,63,36384,44,16681,0,10,86.5,9,0.57,29,0.27,1921,Home,On-Time,Gold
3685,54,75957,57,16578,10631,3,276.82,15,0.63,154,0.31,2831,Travel,On-Time,Gold
3686,32,130478,66,24336,8712,3,263.6,10,0.73,161,0.22,3707,Fashion,On-Time,Gold
3687,80,116436,72,24559,15981,3,222.52,16,0.19,69,0.57,3270,Electronics,Late,Gold
3688,48,109177,71,30918,10570,3,402.62,19,0.52,174,0.46,258,Electronics,On-Time,Gold
3689,64,96855,96,21972,18959,8,465.16,10,0.46,142,0.22,-981,Travel,On-Time,Gold
3690,42,60658,97,27881,9022,4,498.77,4,0.26,148,0.6,4254,Electronics,On-Time,Platinum
3691,53,20000,72,31005,6388,3,105.23,7,0.54,97,0.81,1353,Home,On-Time,Standard
3692,57,66958,80,22064,14965,7,69.29,2,0.91,29,0.86,740,Travel,On-Time,Gold
3693,63,65565,40,29396,13375,3,173.89,16,0.77,132,0.45,3402,Food,On-Time,Standard
3694,60,116951,64,21704,5003,9,357.13,15,0.56,13,0.95,5630,Travel,On-Time,Gold
3695,58,87375,39,19944,13811,6,232.04,7,0.73,151,0.18,4600,Fashion,Delayed,Gold
3696,40,139492,4,14845,13087,6,259.66,18,0.79,35,0.42,2381,Home,On-Time,Standard
3697,36,122899,93,23056,9637,2,499.74,6,0.72,14,0.49,5110,Home,Delayed,Gold
3698,49,56740,74,22743,17836,7,271.1,0,0.86,176,0.43,593,Fashion,On-Time,Standard
3699,58,20000,27,22850,20209,8,461.91,5,0.78,120,0.24,3265,Travel,Delayed,Standard
3700,41,130423,37,29121,5940,4,235.25,16,0.83,23,0.71,6855,Electronics,On-Time,Standard
3701,60,129375,80,27256,13418,2,248.07,13,0.52,122,0.09,3360,Electronics,On-Time,Standard
3702,66,20351,86,8203,10509,7,397.16,19,0.5,134,0.59,4607,Travel,Delayed,Standard
3703,31,135369,17,8356,6858,2,455.65,9,0.36,73,0.59,7251,Food,Delayed,Standard
3704,32,90284,36,20987,9146,6,415.82,15,0.49,58,0.2,4654,Food,On-Time,Platinum
3705,42,81427,26,12190,0,5,262.15,16,0.7,44,0.21,2769,Travel,On-Time,Platinum
3706,49,139591,24,19233,17534,6,364.12,14,0.31,111,0.82,2597,Travel,Delayed,Platinum
3707,37,128787,68,12709,15516,3,168.7,17,0.22,32,0.73,3611,Travel,Late,Standard
3708,65,101053,82,20772,0,5,84.73,15,0.88,72,0.47,3159,Travel,On-Time,Standard
3709,51,93928,26,11850,8699,6,121.11,0,0.03,84,0.41,2935,Electronics,On-Time,Standard
3710,45,99655,76,23214,12354,6,60.83,6,0.93,48,0.79,4393,Food,On-Time,Standard
3711,23,58997,53,11441,15984,3,250.03,0,0.85,57,0.85,8832,Fashion,On-Time,Standard
3712,25,72795,6,21086,8158,3,345.05,16,0.66,156,0.7,865,Food,On-Time,Standard
3713,49,38907,89,6505,8271,5,65.04,1,0.76,106,0.14,1836,Home,Late,Standard
3714,18,61678,77,10956,12573,2,73.32,16,0.6,3,0.35,6642,Home,On-Time,Standard
3715,60,60334,26,25646,5234,10,284.37,20,0.57,82,0.1,4635,Home,On-Time,Gold
3716,42,49587,58,30256,21644,4,472.81,3,0.65,48,0.75,2213,Home,On-Time,Gold
3717,80,80469,71,27291,10723,2,113.62,13,0.01,170,0.39,897,Electronics,Delayed,Platinum
3718,79,62040,30,26062,11357,5,355.33,2,0.83,18,0.11,2423,Electronics,On-Time,Standard
3719,42,95089,98,31852,19434,4,344.5,10,0.82,53,0.76,4743,Electronics,Late,Standard
3720,43,20000,90,27724,9832,2,187.68,0,0.49,111,0.49,2576,Food,On-Time,Standard
3721,59,70465,67,7753,19504,8,84.15,3,0.24,70,0.58,5877,Fashion,On-Time,Gold
3722,70,80262,3,27626,0,3,324.13,3,0.33,170,0.06,1525,Home,On-Time,Platinum
3723,20,62574,17,27500,18077,1,249.47,18,0.43,83,0.43,-634,Travel,Delayed,Platinum
3724,18,68104,62,5015,17233,6,190.38,10,0.16,6,0.2,1463,Travel,On-Time,Platinum
3725,35,20000,86,14613,0,3,401.05,5,0.61,11,0.55,1574,Fashion,Delayed,Standard
3726,53,89259,95,32632,7735,10,232.22,13,0.15,142,0.6,2863,Electronics,On-Time,Platinum
3727,52,100904,75,18963,12842,3,327.69,3,0.68,172,0.48,2924,Home,Late,Platinum
3728,61,94741,51,10873,15674,3,165.31,9,0.56,79,0.17,984,Travel,On-Time,Gold
3729,27,116549,83,26908,19174,4,85.24,0,0.84,119,0.91,2594,Fashion,On-Time,Standard
3730,18,83061,62,17795,0,5,119.81,15,0.4,170,0.63,2378,Home,On-Time,Standard
3731,57,94147,44,16909,10559,6,215.43,14,0.91,79,0.28,2428,Electronics,Delayed,Gold
3732,32,81243,11,26989,3420,8,380.21,1,0.65,88,0.67,1073,Fashion,On-Time,Gold
3733,18,102502,7,23230,5035,5,313.54,12,0.0,72,0.77,5958,Home,On-Time,Standard
3734,47,20000,21,19055,15607,6,219.29,15,0.44,128,0.59,3104,Home,On-Time,Standard
3735,56,39256,90,22647,4427,5,263.43,8,0.97,59,0.29,2431,Home,On-Time,Gold
3736,43,138475,40,18601,10020,6,311.75,20,0.96,12,0.83,6698,Home,Late,Standard
3737,38,20000,40,27311,6893,10,126.15,1,0.57,84,0.14,5195,Home,Delayed,Gold
3738,42,69392,80,8661,17020,4,172.31,9,0.66,89,0.85,2133,Travel,On-Time,Standard
3739,39,121890,56,18459,0,2,174.43,9,0.24,15,0.04,1780,Home,On-Time,Standard
3740,24,71269,31,16691,18690,5,96.37,6,0.32,128,0.66,263,Fashion,Late,Standard
3741,34,58799,96,22444,20420,6,139.9,0,0.4,176,0.89,-659,Electronics,On-Time,Gold
3742,52,80176,94,10986,14164,6,301.68,3,0.41,142,0.51,2003,Food,Delayed,Standard
3743,49,60875,54,31998,11588,3,151.84,17,0.71,130,0.76,4571,Travel,Delayed,Gold
3744,47,76233,5,14065,0,2,311.9,7,0.08,13,0.67,495,Travel,On-Time,Standard
3745,30,47664,38,28470,14499,4,60.81,17,0.05,147,0.24,5821,Food,On-Time,Gold
3746,42,119346,8,24841,17062,1,128.21,7,0.52,97,0.58,4731,Travel,On-Time,Standard
3747,18,131930,31,21717,10709,6,325.2,17,0.58,90,0.28,5183,Fashion,On-Time,Gold
3748,47,69664,35,21971,5426,7,312.99,7,0.39,163,0.98,2752,Fashion,On-Time,Standard
3749,66,20000,15,5146,20241,4,174.06,17,0.75,57,0.83,1476,Travel,Delayed,Standard
3750,22,54046,11,15966,3933,6,330.47,2,0.17,95,0.87,2563,Home,Late,Gold
3751,36,67640,40,46007,17909,5,124.66,3,0.99,30,0.98,3080,Home,On-Time,Standard
3752,49,95221,66,21704,13695,2,417.89,15,0.35,69,0.09,4282,Electronics,On-Time,Standard
3753,63,34679,57,23286,8785,0,162.65,2,0.33,32,0.25,-896,Food,On-Time,Standard
3754,38,44233,90,5000,27073,5,260.29,9,0.39,101,0.6,4992,Food,Delayed,Gold
3755,34,95427,90,18053,13378,9,476.3,9,0.84,156,0.0,-53,Food,Late,Standard
3756,18,112556,8,17146,14083,5,310.01,8,0.22,20,0.15,1911,Home,On-Time,Gold
3757,46,50136,16,14075,13576,6,388.52,4,0.46,167,0.42,-41,Electronics,On-Time,Standard
3758,75,21671,4,24595,12118,6,385.48,8,0.27,46,0.74,1520,Electronics,Late,Standard
3759,49,200000,25,16584,9323,8,221.62,8,0.04,24,0.85,2144,Fashion,On-Time,Standard
3760,44,106332,84,14202,15300,7,95.07,20,0.37,179,0.62,2709,Home,Late,Standard
3761,49,64319,0,8237,10692,5,203.25,7,0.08,142,0.12,-1019,Travel,On-Time,Gold
3762,44,109761,0,11153,0,8,65.2,1,0.97,135,0.11,1901,Electronics,On-Time,Gold
3763,32,70021,34,12133,4226,7,168.89,5,0.14,19,0.49,3054,Travel,On-Time,Gold
3764,57,109686,8,17260,18060,5,66.33,17,0.98,32,0.76,5862,Fashion,On-Time,Gold
3765,48,81375,86,16041,16188,2,238.8,0,0.46,163,0.09,5740,Travel,On-Time,Platinum
3766,45,78650,37,14985,2733,4,54.06,19,0.17,121,0.23,3827,Electronics,On-Time,Platinum
3767,30,70456,3,6529,6197,6,392.31,15,0.27,165,0.39,4350,Home,On-Time,Gold
3768,64,20000,51,11955,5699,4,483.37,1,0.39,49,0.61,5249,Home,Delayed,Standard
3769,54,152523,18,21022,20192,5,64.25,9,0.68,105,0.74,2219,Electronics,On-Time,Standard
3770,36,37338,100,31672,0,3,310.03,19,0.71,6,0.53,4665,Food,Delayed,Gold
3771,60,20599,4,32805,5704,2,171.7,3,0.22,23,0.41,1284,Fashion,On-Time,Standard
3772,37,66485,91,35997,10555,5,285.67,11,0.2,79,0.04,4125,Food,Late,Standard
3773,33,36541,47,22106,0,7,474.4,14,0.91,168,0.3,3652,Electronics,On-Time,Standard
3774,33,72931,86,19556,10575,5,394.38,11,0.45,162,0.38,3167,Travel,Delayed,Standard
3775,18,102510,62,25073,2691,8,385.84,15,0.36,150,0.09,1318,Food,On-Time,Standard
3776,52,114812,37,17134,4134,3,182.03,2,0.63,149,0.46,2312,Travel,On-Time,Gold
3777,18,107589,51,26422,6363,2,408.41,6,0.55,78,0.62,-312,Travel,On-Time,Standard
3778,26,62774,86,18713,8732,5,96.12,4,0.89,120,0.7,-688,Fashion,Delayed,Gold
3779,18,76983,45,22214,6050,7,368.37,9,0.16,152,0.47,430,Electronics,On-Time,Gold
3780,43,91315,81,14166,10668,6,231.87,20,0.45,147,0.12,3955,Electronics,On-Time,Gold
3781,42,20000,92,27716,18719,4,246.76,16,0.2,132,0.56,2918,Electronics,On-Time,Standard
3782,40,97823,91,12119,16066,4,270.43,20,0.11,92,0.16,4546,Travel,Delayed,Gold
3783,29,20000,8,14910,20594,8,395.71,4,0.29,3,0.27,2061,Food,Late,Gold
3784,27,156613,49,17311,9475,7,190.18,16,0.07,152,0.13,3664,Electronics,On-Time,Gold
3785,51,58819,73,13308,9501,2,195.57,11,0.6,36,0.09,732,Electronics,On-Time,Gold
3786,36,67604,65,24531,11455,3,284.15,14,0.85,152,0.17,1520,Electronics,Delayed,Standard
3787,49,44211,76,21039,0,9,170.51,3,0.3,97,0.41,2265,Food,On-Time,Gold
3788,31,49801,37,12191,17239,6,250.75,1,0.63,85,0.44,2831,Fashion,On-Time,Gold
3789,47,165963,26,15829,7376,6,347.15,16,0.13,146,0.63,2682,Fashion,On-Time,Gold
3790,64,112614,19,21120,9690,6,495.44,17,0.23,174,0.11,494,Electronics,On-Time,Gold
3791,53,20000,61,21665,12990,4,167.9,18,0.68,115,0.32,5698,Electronics,Late,Platinum
3792,38,135168,73,12360,4592,5,167.97,2,0.92,67,0.76,2121,Travel,On-Time,Standard
3793,48,122729,15,20130,4814,5,227.35,4,0.02,174,0.88,1897,Travel,On-Time,Standard
3794,41,63751,78,24985,12731,6,346.58,13,0.64,95,0.6,2893,Home,Delayed,Standard
3795,45,87267,12,17573,13055,1,466.81,18,0.7,163,0.86,2360,Travel,On-Time,Standard
3796,40,74402,19,11794,26014,3,477.06,13,0.6,162,0.39,-1298,Food,On-Time,Standard
3797,42,153903,23,30657,11704,9,202.11,18,0.43,31,0.1,4993,Fashion,On-Time,Standard
3798,48,43148,49,25029,13742,0,237.77,0,0.99,88,0.68,-456,Travel,Late,Standard
3799,30,80840,6,16677,26277,7,246.35,4,0.27,69,0.74,4296,Fashion,Late,Standard
3800,29,57874,86,20763,12421,4,207.01,16,0.47,49,0.11,3149,Food,Delayed,Standard
3801,24,20000,87,17155,13032,7,191.94,16,0.67,55,0.13,223,Electronics,On-Time,Standard
3802,20,162665,28,12082,0,3,82.13,18,0.0,24,0.0,1432,Fashion,Late,Standard
3803,26,27737,4,25463,7293,5,295.29,12,0.36,21,0.63,887,Home,On-Time,Standard
3804,47,83805,34,33327,11426,4,348.05,11,0.39,57,0.35,6817,Fashion,On-Time,Standard
3805,31,20000,64,27246,4669,5,496.21,15,0.01,15,0.43,890,Fashion,On-Time,Platinum
3806,52,59037,99,21967,11493,2,328.63,0,0.03,122,0.06,3684,Food,On-Time,Standard
3807,45,91878,81,17466,15030,6,324.7,4,0.99,134,0.01,4909,Electronics,On-Time,Standard
3808,18,42010,69,5000,16465,8,216.67,13,0.11,48,0.37,2126,Travel,On-Time,Gold
3809,54,98472,86,32557,9236,1,75.88,12,0.24,104,0.68,6489,Electronics,Late,Standard
3810,57,64238,73,14668,0,7,326.37,2,0.14,33,0.02,3873,Food,On-Time,Standard
3811,30,121403,6,26668,10604,5,106.49,1,0.51,27,0.02,4647,Electronics,Late,Gold
3812,51,129470,43,27531,7058,8,384.76,11,0.74,141,0.11,4845,Home,On-Time,Gold
3813,32,51530,71,27304,4628,3,389.37,8,0.08,66,0.94,6293,Home,On-Time,Gold
3814,46,78069,12,8808,8024,5,97.29,5,0.59,143,0.78,4640,Food,On-Time,Gold
3815,26,82338,93,27863,7572,5,174.93,9,0.35,138,0.27,2591,Electronics,On-Time,Gold
3816,18,99773,81,16200,8473,6,418.95,17,0.49,6,0.1,4741,Home,Delayed,Gold
3817,39,75575,77,19284,6799,7,482.98,15,0.27,1,0.1,4104,Travel,On-Time,Standard
3818,43,82608,74,19042,20065,3,378.76,12,0.86,171,0.35,3446,Electronics,On-Time,Standard
3819,39,65263,37,15071,11863,4,230.6,17,0.45,72,0.14,1063,Food,On-Time,Standard
3820,27,79609,12,17611,11892,5,422.24,13,0.16,34,0.23,669,Food,On-Time,Standard
3821,39,126917,53,21126,12909,2,181.8,16,0.79,110,0.36,2690,Home,On-Time,Standard
3822,49,100843,43,12477,379,6,439.82,12,0.75,96,0.45,815,Travel,Late,Standard
3823,44,103050,96,6934,17101,7,69.28,19,0.48,8,0.06,3333,Travel,On-Time,Standard
3824,47,103922,12,27149,32761,5,496.82,20,0.72,162,0.88,1209,Travel,Delayed,Standard
3825,34,68847,24,22311,3263,2,99.74,8,0.6,175,0.05,3383,Travel,On-Time,Standard
3826,62,87753,23,5094,5277,2,461.82,8,0.16,140,0.93,6048,Electronics,Delayed,Platinum
3827,27,31593,28,23250,6157,6,433.64,13,1.0,99,0.25,6154,Travel,On-Time,Platinum
3828,52,125752,99,18545,12092,7,181.94,1,0.77,130,0.25,556,Travel,On-Time,Standard
3829,62,20000,69,9582,9049,6,258.06,6,0.67,46,0.9,3833,Fashion,On-Time,Standard
3830,52,71514,17,15636,6395,4,146.51,5,0.83,145,0.52,1976,Travel,On-Time,Gold
3831,41,120635,91,22954,14101,5,266.48,4,0.93,72,0.28,2137,Food,On-Time,Gold
3832,37,20445,4,12059,12714,7,131.36,13,0.58,128,0.52,2234,Travel,On-Time,Platinum
3833,60,90991,17,11860,18558,0,181.68,3,0.59,0,0.98,2990,Food,On-Time,Platinum
3834,23,47769,62,15466,11010,7,67.62,11,0.02,33,0.86,2392,Travel,On-Time,Gold
3835,30,60247,36,12443,9714,5,298.34,14,0.41,42,0.23,2566,Home,On-Time,Platinum
3836,39,112837,70,11181,6961,4,375.59,9,0.51,45,0.05,5071,Travel,On-Time,Gold
3837,63,82922,54,11045,11646,7,141.03,17,0.23,127,0.77,3764,Electronics,On-Time,Standard
3838,50,20000,72,23463,2703,7,325.46,3,0.36,66,0.12,3353,Home,Delayed,Standard
3839,30,35942,98,12744,17613,7,71.64,0,0.37,30,0.59,5412,Fashion,On-Time,Standard
3840,40,114013,11,28656,14380,2,87.56,15,0.37,91,0.64,2402,Fashion,Delayed,Platinum
3841,35,92957,51,37252,11565,5,295.01,15,0.96,39,0.25,2074,Travel,On-Time,Platinum
3842,34,144925,56,18697,7180,5,76.68,5,0.59,180,0.57,4117,Food,On-Time,Gold
3843,59,142305,45,36136,21469,4,255.74,8,0.31,124,0.54,5615,Food,On-Time,Standard
3844,24,61310,43,24338,6163,7,78.83,20,0.3,135,0.7,491,Home,On-Time,Standard
3845,69,175129,23,21297,4048,5,207.17,7,0.85,16,0.9,4035,Fashion,On-Time,Platinum
3846,57,75979,8,19503,7835,3,446.3,12,0.64,23,0.13,2037,Fashion,On-Time,Standard
3847,61,36493,11,5000,15788,3,385.88,10,0.85,159,0.57,5067,Fashion,On-Time,Platinum
3848,38,49654,99,16397,20031,6,236.1,3,0.64,99,0.55,2797,Food,On-Time,Standard
3849,42,20000,100,11002,17422,4,207.63,17,0.91,92,0.5,1394,Home,On-Time,Standard
3850,23,139280,8,27001,833,4,214.12,6,0.4,70,0.39,7747,Electronics,Delayed,Gold
3851,37,138790,21,33705,9590,9,109.3,3,0.84,22,0.99,2751,Home,On-Time,Gold
3852,52,34379,16,21716,6631,3,225.79,9,0.18,155,0.74,2355,Food,Late,Standard
3853,64,65884,32,22014,12780,5,314.37,10,0.67,121,0.73,920,Home,On-Time,Gold
3854,28,78824,46,27700,7956,7,431.57,9,0.36,142,0.73,-473,Home,Late,Standard
3855,39,36585,87,20948,15426,5,357.14,5,0.52,3,0.1,4848,Travel,On-Time,Standard
3856,42,20000,14,29624,6812,3,337.08,16,0.74,14,0.14,1916,Home,Delayed,Standard
3857,24,66585,92,38919,4091,3,80.24,12,0.56,154,0.17,4602,Electronics,On-Time,Standard
3858,53,62156,95,31553,19155,6,114.23,3,0.73,167,0.34,4185,Travel,Delayed,Standard
3859,34,59463,32,15018,9778,4,92.5,11,0.04,47,0.37,3083,Electronics,On-Time,Gold
3860,42,83908,92,26715,16192,10,135.89,19,0.4,24,0.26,-1386,Food,On-Time,Platinum
3861,38,132180,14,14657,1937,7,398.29,1,0.95,169,0.48,3573,Food,Delayed,Standard
3862,33,62876,26,18232,3328,2,329.16,3,0.76,128,0.74,5849,Food,On-Time,Standard
3863,44,81817,97,33149,1126,9,249.06,11,0.48,155,0.23,4332,Fashion,Delayed,Platinum
3864,41,104074,60,12023,4581,4,55.22,14,0.71,11,0.17,3880,Travel,On-Time,Gold
3865,39,97165,67,16829,5260,5,350.65,19,0.03,2,0.94,5340,Travel,Late,Gold
3866,34,50423,81,29139,4650,3,292.73,5,0.29,20,0.15,857,Travel,On-Time,Standard
3867,49,78855,84,13143,9725,4,87.27,10,0.9,154,0.95,3524,Home,Delayed,Standard
3868,69,96901,47,5000,3002,5,365.34,3,0.5,152,0.69,2640,Electronics,On-Time,Platinum
3869,47,29865,7,8067,4698,5,171.42,16,0.95,118,0.63,4938,Travel,On-Time,Gold
3870,59,125541,5,15130,11521,5,267.8,13,0.26,156,0.81,1028,Fashion,On-Time,Gold
3871,24,132263,62,19688,23727,6,193.45,2,0.83,173,0.07,4312,Electronics,On-Time,Standard
3872,47,46088,83,17572,13337,7,195.16,7,0.02,94,0.16,6565,Fashion,Delayed,Platinum
3873,28,82746,1,15904,12684,3,76.56,1,0.0,42,0.08,3115,Home,Delayed,Gold
3874,22,100691,21,20615,8127,4,71.49,15,0.14,77,0.71,873,Home,On-Time,Gold
3875,33,53175,20,16025,0,5,400.01,14,0.26,69,0.07,2158,Food,On-Time,Standard
3876,62,94264,5,14429,8602,7,51.48,5,0.04,78,0.0,5523,Electronics,On-Time,Standard
3877,59,81530,95,21838,2842,4,179.43,1,0.21,128,0.1,196,Fashion,Late,Gold
3878,48,20000,69,20920,17160,3,478.07,16,0.87,113,0.1,3803,Home,Late,Gold
3879,22,93366,12,28127,21003,4,409.45,17,0.92,14,0.04,2375,Travel,On-Time,Standard
3880,42,30994,0,36152,3632,5,283.28,20,0.12,174,0.4,1752,Electronics,On-Time,Standard
3881,49,112568,21,5000,9852,6,383.98,6,0.32,54,0.86,5138,Food,On-Time,Gold
3882,47,48151,23,24153,476,3,474.7,6,0.61,180,0.74,6883,Electronics,On-Time,Gold
3883,18,68548,63,21272,15797,6,472.94,8,0.66,91,0.76,-175,Home,On-Time,Platinum
3884,31,129891,40,30225,18738,9,250.62,20,0.03,61,0.05,5849,Fashion,On-Time,Standard
3885,44,94855,93,15941,13987,5,195.09,8,0.91,171,0.63,3383,Electronics,On-Time,Gold
3886,53,31821,21,16983,12237,3,386.66,15,0.43,77,0.37,5128,Home,On-Time,Platinum
3887,18,34403,60,9668,9692,6,234.58,20,0.44,86,0.98,678,Home,Delayed,Standard
3888,42,51027,11,28201,13460,2,119.66,4,0.09,61,0.21,1381,Fashion,On-Time,Standard
3889,47,90785,89,21088,8084,6,137.19,17,0.53,166,0.22,3986,Travel,On-Time,Standard
3890,57,89331,3,29010,7391,6,294.4,19,0.59,99,0.12,2990,Food,On-Time,Platinum
3891,55,41275,82,16553,18781,6,279.13,11,0.46,36,0.6,3477,Electronics,Delayed,Standard
3892,53,28311,79,14625,15473,8,258.5,4,0.89,155,0.51,3639,Fashion,On-Time,Standard
3893,33,86263,11,25817,6007,2,216.52,19,0.11,169,0.28,729,Home,On-Time,Standard
3894,18,67725,32,17291,22634,6,196.3,10,0.18,100,0.61,4397,Home,Delayed,Gold
3895,39,161288,20,25050,5127,5,134.71,10,0.38,180,0.48,67,Electronics,On-Time,Platinum
3896,60,76464,99,24087,23534,6,356.83,10,0.61,164,0.53,5640,Electronics,On-Time,Standard
3897,65,147570,72,20855,902,2,276.4,10,0.42,63,0.29,4845,Electronics,On-Time,Gold
3898,55,28184,71,15139,8984,8,216.21,7,0.85,85,0.62,6733,Food,On-Time,Standard
3899,51,20000,83,22861,13186,7,399.83,15,0.21,10,0.91,4288,Travel,On-Time,Standard
3900,50,30196,73,13929,12435,9,334.59,15,0.24,66,0.15,2438,Travel,On-Time,Gold
3901,36,122565,95,20781,11282,3,390.03,17,0.89,62,0.02,1007,Travel,On-Time,Standard
3902,43,145244,91,33462,18911,4,340.0,17,0.47,20,0.85,1757,Food,On-Time,Standard
3903,70,43712,73,29920,13097,4,331.25,18,0.65,170,0.8,4597,Electronics,On-Time,Platinum
3904,30,56577,71,15933,13604,1,235.32,18,0.38,156,0.24,6787,Food,On-Time,Standard
3905,69,28240,51,22181,5756,4,176.47,18,0.38,172,0.83,5506,Travel,On-Time,Platinum
3906,40,20000,46,15708,15737,6,153.99,11,0.14,6,0.68,4177,Home,On-Time,Standard
3907,64,103736,96,22253,6907,7,454.4,6,0.89,74,0.8,2340,Fashion,On-Time,Standard
3908,23,83920,58,12666,17978,4,140.38,15,0.83,47,0.91,2358,Food,Late,Standard
3909,53,75419,46,14754,20094,5,352.77,0,0.54,78,0.38,2155,Electronics,On-Time,Standard
3910,33,20000,55,34990,10551,8,135.23,9,0.04,170,0.8,2931,Fashion,On-Time,Platinum
3911,23,140598,12,21061,13666,5,472.52,12,0.22,40,0.71,1022,Travel,On-Time,Standard
3912,48,54865,43,16406,11988,4,138.22,14,0.19,44,0.58,4971,Fashion,On-Time,Platinum
3913,60,96345,34,5000,9506,6,434.69,17,0.54,25,0.94,2672,Electronics,On-Time,Platinum
3914,32,20000,28,21340,8458,4,470.81,4,0.16,137,0.66,1673,Fashion,Late,Standard
3915,22,67378,55,37486,2068,4,143.1,18,0.43,150,0.59,5199,Food,On-Time,Standard
3916,43,86654,4,15437,5371,5,449.17,6,0.19,39,0.58,-906,Food,On-Time,Platinum
3917,43,88083,66,16925,10676,6,99.26,17,0.29,149,0.6,4487,Home,On-Time,Standard
3918,53,81185,52,20382,20028,6,364.99,1,0.3,45,0.9,1967,Travel,On-Time,Gold
3919,59,94780,100,14935,12400,3,278.1,13,0.23,89,0.28,3165,Fashion,Late,Standard
3920,44,29779,59,37668,17966,4,482.5,19,0.26,44,0.71,126,Travel,Delayed,Standard
3921,72,82894,5,27843,0,7,266.43,7,0.15,132,0.21,3568,Fashion,On-Time,Platinum
3922,48,79550,47,25568,19540,3,80.79,12,0.77,157,0.27,195,Electronics,On-Time,Standard
3923,39,84266,79,36914,14599,2,106.81,7,0.97,129,0.65,4296,Food,On-Time,Gold
3924,20,77893,34,33644,17275,5,194.65,20,0.78,36,0.52,5677,Electronics,On-Time,Gold
3925,41,24071,17,20628,0,6,261.04,2,0.37,150,0.91,-755,Electronics,Late,Gold
3926,39,22288,10,17766,7240,3,481.07,11,0.76,66,0.66,2992,Travel,Delayed,Platinum
3927,59,20000,50,17686,2660,8,267.94,3,0.06,18,0.4,3496,Electronics,On-Time,Gold
3928,51,107701,22,15663,14972,10,468.51,12,0.35,133,0.13,4167,Electronics,On-Time,Gold
3929,27,108106,46,18247,13568,2,461.01,11,0.4,31,0.08,1811,Home,On-Time,Standard
3930,47,108742,74,15906,16541,4,125.93,16,0.01,124,0.5,3276,Travel,Delayed,Standard
3931,55,87271,58,10990,7346,7,463.68,18,0.95,1,0.58,4231,Electronics,On-Time,Standard
3932,67,20000,56,5000,15743,4,164.83,15,0.46,122,0.48,3737,Travel,Late,Gold
3933,58,33931,92,28365,10021,5,426.56,15,0.99,117,0.43,2193,Fashion,On-Time,Standard
3934,56,81816,55,5000,18212,6,488.88,11,0.28,10,0.54,1941,Fashion,On-Time,Standard
3935,45,80420,26,22839,14821,3,82.39,11,0.98,89,0.41,3484,Electronics,On-Time,Gold
3936,50,66090,72,27750,4919,2,356.64,11,0.61,148,0.06,1390,Travel,On-Time,Standard
3937,63,89756,34,23520,12021,8,241.81,14,0.42,29,0.15,3387,Electronics,Late,Standard
3938,25,75466,54,18815,308,7,254.81,10,0.83,115,0.12,2706,Travel,On-Time,Gold
3939,39,79830,8,21732,18357,8,301.45,14,0.54,57,0.35,3201,Travel,Delayed,Standard
3940,33,49437,17,16520,14654,6,475.45,17,0.83,171,0.07,4177,Electronics,On-Time,Standard
3941,50,114280,43,19258,14929,7,334.46,1,0.51,139,0.31,1805,Home,On-Time,Gold
3942,63,57769,20,17481,16430,3,496.32,14,0.42,49,0.09,4907,Home,On-Time,Standard
3943,36,21774,55,14503,11547,7,484.36,2,0.61,23,0.53,1404,Fashion,On-Time,Gold
3944,18,44160,47,29514,0,4,435.34,19,0.76,62,0.92,752,Home,On-Time,Gold
3945,38,61061,99,26970,16754,2,364.61,9,0.05,18,0.67,2247,Food,On-Time,Gold
3946,58,114760,0,18801,4847,5,154.32,19,0.4,94,0.08,3911,Fashion,Delayed,Standard
3947,53,73309,26,20380,4262,4,307.84,11,0.17,136,0.05,3209,Electronics,On-Time,Standard
3948,51,67554,44,14027,15265,6,155.21,15,0.95,21,0.78,781,Travel,On-Time,Platinum
3949,40,25053,62,22883,6336,5,479.41,3,0.97,89,0.07,1914,Electronics,On-Time,Standard
3950,25,106419,57,19168,11172,5,481.46,10,0.91,130,0.92,1565,Home,Late,Standard
3951,52,48921,39,17359,15087,4,199.66,1,0.51,139,0.22,4650,Travel,Late,Gold
3952,32,70998,62,22052,14875,10,71.65,13,0.76,33,0.49,5371,Fashion,Late,Gold
3953,77,134207,37,20678,17708,6,422.5,9,0.92,118,0.45,4444,Fashion,On-Time,Standard
3954,53,95350,28,13228,6149,1,208.44,19,0.87,5,0.8,3225,Electronics,Delayed,Standard
3955,36,20000,39,27196,7873,4,193.78,2,0.54,40,0.35,2873,Fashion,On-Time,Platinum
3956,35,20000,18,27881,12458,3,310.98,19,0.15,106,0.3,5892,Home,Delayed,Standard
3957,43,72427,87,14553,1001,6,50.21,7,0.91,87,0.52,4275,Home,On-Time,Gold
3958,41,26490,55,45542,4384,5,218.74,2,0.82,104,0.47,2820,Electronics,On-Time,Standard
3959,61,100941,43,12441,3788,9,237.36,1,0.4,48,0.8,721,Food,On-Time,Gold
3960,47,76690,64,24926,0,4,486.85,13,0.46,71,0.8,4604,Travel,On-Time,Standard
3961,34,81615,99,24501,6229,2,121.27,0,0.99,83,0.58,4171,Electronics,On-Time,Platinum
3962,73,46730,86,25762,10080,1,117.78,16,0.6,149,0.98,2662,Travel,On-Time,Standard
3963,45,144655,12,33673,11124,2,328.71,12,0.17,70,0.84,2601,Fashion,On-Time,Gold
3964,56,188703,29,17808,6777,4,85.18,15,0.16,46,0.26,-377,Fashion,Delayed,Gold
3965,35,63856,48,20339,3985,7,329.48,20,0.06,28,0.06,1165,Food,Delayed,Standard
3966,50,89121,100,23397,9160,3,233.35,5,0.59,144,0.62,5847,Food,On-Time,Gold
3967,49,78896,74,6529,6440,4,51.18,15,0.03,87,0.21,685,Home,On-Time,Gold
3968,18,64612,62,21084,0,2,248.29,0,0.82,118,0.65,-364,Fashion,On-Time,Gold
3969,75,41717,70,23206,3945,8,382.44,17,0.32,15,0.16,3018,Fashion,Delayed,Gold
3970,64,31601,34,14331,12150,6,109.67,15,0.34,125,0.84,120,Electronics,Delayed,Standard
3971,39,29576,10,37465,9931,6,132.6,12,0.76,32,0.31,319,Travel,On-Time,Gold
3972,28,91209,48,22094,11336,3,155.51,0,0.11,16,0.24,3942,Fashion,Delayed,Platinum
3973,50,54213,39,14103,14307,2,225.45,14,0.53,127,0.34,4149,Electronics,Late,Standard
3974,46,20000,20,15425,11907,6,477.12,1,0.37,122,0.74,4742,Home,On-Time,Standard
3975,50,92794,46,13674,10613,8,81.75,0,0.1,170,0.6,720,Fashion,On-Time,Standard
3976,47,73469,2,13944,7167,11,419.75,20,0.3,24,0.06,2349,Home,On-Time,Gold
3977,52,128866,29,22702,5214,3,410.33,15,0.63,115,0.11,2758,Home,On-Time,Standard
3978,66,89924,87,23427,10436,4,259.56,17,0.66,26,0.83,2247,Home,On-Time,Standard
3979,53,20000,66,23606,2833,5,111.22,19,0.13,172,0.58,3582,Travel,On-Time,Standard
3980,29,20000,61,25416,14954,6,325.47,10,0.94,62,0.29,1640,Travel,On-Time,Gold
3981,65,46221,36,23381,3332,5,375.5,12,0.18,59,0.34,5196,Food,On-Time,Gold
3982,69,49995,96,37415,19798,3,119.86,11,0.66,117,0.38,2460,Electronics,On-Time,Standard
3983,80,112726,21,27245,9614,5,364.53,14,0.33,80,0.08,3592,Home,Late,Gold
3984,28,74645,30,11725,17983,4,464.24,15,0.7,55,0.28,2928,Electronics,On-Time,Standard
3985,48,120347,45,20274,2484,8,135.27,0,0.81,122,0.3,5676,Fashion,Delayed,Standard
3986,18,22006,75,10973,21520,8,106.55,18,0.08,107,0.96,4891,Electronics,Late,Gold
3987,53,113610,44,20175,2410,5,350.09,14,0.8,96,0.16,5358,Fashion,Delayed,Gold
3988,36,103839,13,8743,9622,7,266.5,7,0.12,158,0.18,3383,Travel,On-Time,Gold
3989,73,20000,11,18130,874,1,434.27,5,0.52,57,0.87,3223,Electronics,Delayed,Standard
3990,33,127904,62,19137,10147,4,282.16,16,0.34,92,0.92,3663,Fashion,On-Time,Standard
3991,19,78738,90,9244,9018,3,419.41,18,0.31,67,0.74,5387,Food,On-Time,Platinum
3992,37,90681,76,20125,0,8,227.8,4,0.15,97,0.13,4519,Home,Late,Standard
3993,18,40404,87,17013,11014,4,138.26,10,0.68,151,0.45,3668,Travel,On-Time,Standard
3994,56,126009,37,11248,13642,3,218.96,17,0.3,45,0.56,-466,Electronics,On-Time,Gold
3995,18,27565,46,27381,3991,5,211.79,14,0.51,117,0.55,2845,Travel,On-Time,Standard
3996,45,108283,53,17219,8010,5,184.77,1,0.02,149,0.73,2704,Home,On-Time,Gold
3997,18,107824,54,29006,8448,2,155.39,15,0.6,88,0.51,4828,Food,On-Time,Standard
3998,40,36033,47,21641,21572,4,223.96,7,0.68,106,0.66,-242,Food,On-Time,Gold
3999,69,154334,72,16873,11390,5,487.23,16,0.06,102,0.98,2402,Electronics,On-Time,Platinum
4000,50,84261,71,12262,6173,2,271.25,11,0.53,99,0.24,3201,Electronics,On-Time,Gold
4001,32,101155,100,10611,2321,6,112.47,17,0.71,49,0.32,1705,Travel,Delayed,Standard
4002,44,20000,14,21497,0,4,155.83,14,0.14,137,0.21,2334,Food,Delayed,Standard
4003,45,159709,70,22915,9124,4,208.83,12,0.04,81,0.26,-842,Home,On-Time,Standard
4004,52,26017,87,13280,10817,5,134.79,7,0.19,72,0.18,952,Fashion,On-Time,Standard
4005,24,115995,15,10332,1529,5,383.79,16,0.35,150,0.23,2370,Fashion,Delayed,Standard
4006,53,35209,87,25594,82,6,405.8,14,0.43,71,0.84,-391,Fashion,On-Time,Standard
4007,18,50240,42,25949,13304,7,411.16,17,0.07,48,0.3,4352,Home,On-Time,Gold
4008,35,106550,6,13385,16846,7,462.09,19,0.98,5,0.93,2409,Fashion,On-Time,Standard
4009,37,116102,42,18522,7975,5,436.44,4,0.69,20,0.86,-1358,Travel,On-Time,Gold
4010,54,24148,27,24134,13556,0,311.34,9,0.13,6,0.11,3395,Fashion,On-Time,Gold
4011,45,118618,65,11183,9279,5,274.7,6,0.8,25,0.7,2776,Home,On-Time,Standard
4012,23,116799,97,12986,28195,6,410.29,3,0.32,123,0.31,5052,Food,On-Time,Standard
4013,30,37481,59,26545,9419,1,484.48,12,0.38,164,0.34,468,Fashion,On-Time,Gold
4014,47,138945,2,12871,19630,5,63.74,1,0.07,106,0.49,5332,Fashion,On-Time,Gold
4015,43,20000,0,20551,13959,4,212.15,20,0.42,59,0.14,3118,Fashion,On-Time,Standard
4016,36,50009,30,20786,6204,8,350.61,2,0.08,131,0.93,2126,Fashion,Delayed,Standard
4017,37,94160,55,10421,14127,6,210.86,7,0.68,81,0.96,3340,Food,On-Time,Standard
4018,55,40857,86,27857,9596,2,393.28,5,0.34,96,0.14,-775,Travel,On-Time,Platinum
4019,37,85552,83,7531,2864,7,406.31,5,0.3,114,0.2,4501,Food,On-Time,Standard
4020,43,84643,79,22226,10641,5,357.29,8,0.65,22,0.02,4618,Fashion,On-Time,Standard
4021,77,67517,45,16325,6991,3,121.29,20,0.69,5,0.25,2891,Fashion,On-Time,Gold
4022,23,108296,31,20826,9653,6,469.62,15,0.64,167,0.68,2546,Home,On-Time,Gold
4023,18,65865,80,18122,9508,6,197.67,11,0.79,67,0.59,2885,Food,On-Time,Standard
4024,56,84261,17,10946,8446,12,489.89,15,0.64,131,0.61,2637,Electronics,On-Time,Gold
4025,34,120858,67,17605,3323,4,208.39,9,0.95,164,0.2,5050,Home,On-Time,Gold
4026,40,106627,34,23821,18545,5,122.35,3,0.57,112,0.41,675,Fashion,Late,Standard
4027,33,106440,99,18058,9492,4,179.75,18,0.88,53,0.81,3973,Travel,Late,Standard
4028,41,29032,22,16188,11549,3,416.53,11,0.96,163,0.26,-2200,Home,Delayed,Gold
4029,68,95991,78,5000,8612,8,188.67,17,0.16,119,0.59,5325,Home,On-Time,Standard
4030,57,39860,12,12889,7160,7,319.08,14,0.68,132,0.26,6359,Food,On-Time,Gold
4031,57,23743,77,14069,11391,2,363.14,7,0.66,53,0.48,898,Home,On-Time,Standard
4032,23,72131,13,26705,19843,10,186.97,3,0.87,92,0.77,1186,Home,On-Time,Standard
4033,27,38828,36,16896,0,6,348.71,9,0.34,10,0.42,2714,Electronics,On-Time,Standard
4034,18,106624,4,24057,2364,4,119.51,19,0.39,89,0.77,2025,Electronics,On-Time,Platinum
4035,32,107581,21,13783,7699,3,333.64,3,0.05,12,0.28,5109,Travel,On-Time,Platinum
4036,59,20000,27,5000,4486,4,344.68,13,0.77,28,0.43,3850,Travel,On-Time,Platinum
4037,52,41867,3,27866,24108,4,64.72,3,0.27,14,0.3,2657,Food,On-Time,Standard
4038,41,20000,49,13834,7564,4,182.34,12,0.93,173,0.99,2476,Fashion,On-Time,Standard
4039,44,56494,28,27464,13323,6,52.73,8,0.66,125,0.84,2353,Food,Delayed,Gold
4040,34,93207,36,18255,8010,3,406.6,5,0.33,71,0.25,4927,Food,Late,Standard
4041,48,65308,34,31040,0,7,250.97,10,0.82,113,0.19,5621,Home,Late,Platinum
4042,56,51409,19,45466,7154,7,242.06,0,0.82,26,0.62,413,Travel,Delayed,Gold
4043,20,127007,34,23546,1806,5,255.6,15,0.16,166,0.2,5591,Home,Late,Standard
4044,49,20000,98,9078,12316,4,231.93,1,0.54,127,0.15,2511,Fashion,On-Time,Standard
4045,58,124474,83,24398,7908,6,124.09,19,0.01,178,0.06,3008,Travel,On-Time,Gold
4046,38,53228,1,23004,4639,3,347.89,2,0.34,174,0.34,2180,Food,On-Time,Standard
4047,55,71875,57,10125,9202,6,462.8,7,0.69,146,0.28,3561,Electronics,On-Time,Gold
4048,80,53905,17,14722,7004,3,494.01,18,0.33,4,0.16,2723,Travel,On-Time,Gold
4049,43,136715,93,16476,17147,2,408.59,10,0.13,150,0.78,5038,Home,Delayed,Gold
4050,50,25760,55,22829,13926,3,224.93,12,0.58,37,0.04,5150,Home,Late,Standard
4051,33,75469,63,12674,22125,3,303.23,15,0.96,90,0.91,3377,Electronics,On-Time,Standard
4052,47,96097,92,11690,15054,0,55.72,13,0.41,25,0.7,4993,Electronics,Delayed,Standard
4053,51,20000,51,10618,13426,4,210.2,1,0.92,84,0.36,4383,Food,On-Time,Gold
4054,47,38204,21,5021,14179,5,352.1,4,0.91,7,0.76,-1431,Travel,On-Time,Platinum
4055,29,69072,92,25026,15138,3,452.52,14,0.67,39,0.39,1870,Home,On-Time,Gold
4056,48,39533,59,20661,0,4,99.73,13,0.07,24,0.86,2452,Food,On-Time,Standard
4057,66,42376,9,26315,13627,11,91.27,12,0.65,148,0.26,744,Home,On-Time,Gold
4058,51,61005,83,14284,0,5,119.44,3,0.59,157,0.35,3463,Home,On-Time,Standard
4059,59,100983,79,14034,0,9,115.08,2,0.58,145,0.55,5647,Food,On-Time,Standard
4060,41,61291,5,22740,2214,1,403.03,15,0.34,61,0.89,632,Fashion,Delayed,Gold
4061,56,118137,80,27115,11776,3,370.24,9,0.75,8,0.72,1640,Electronics,On-Time,Standard
4062,49,35089,5,27878,897,4,457.02,9,0.88,73,0.76,407,Fashion,Late,Platinum
4063,30,24923,85,11074,13558,3,182.29,7,0.67,40,0.19,6713,Electronics,On-Time,Platinum
4064,49,152053,81,27570,21449,0,355.82,8,0.15,116,0.38,4776,Travel,Late,Standard
4065,30,48681,95,32032,7844,6,214.05,18,0.78,39,0.74,1203,Travel,Late,Standard
4066,35,22563,27,23374,11421,4,111.88,4,0.16,61,0.98,2505,Fashion,Delayed,Gold
4067,47,20000,41,29261,5082,5,403.72,6,0.8,172,0.38,2063,Electronics,On-Time,Gold
4068,49,118004,73,24187,1423,6,331.32,2,0.61,13,0.94,798,Food,On-Time,Gold
4069,27,61347,40,11028,8637,7,366.44,20,0.34,145,0.54,2139,Fashion,Late,Standard
4070,60,64851,62,27473,4544,6,123.32,12,0.57,129,0.75,3169,Food,On-Time,Platinum
4071,53,68631,21,23104,6769,2,340.29,2,0.82,63,0.05,4190,Electronics,On-Time,Gold
4072,34,115517,91,11838,4885,5,189.19,0,0.51,74,0.01,1627,Electronics,Late,Standard
4073,21,67818,78,15456,620,4,163.2,17,0.48,168,0.95,2007,Electronics,Late,Gold
4074,42,168762,28,23299,9175,12,342.37,15,0.21,156,0.11,7437,Travel,On-Time,Gold
4075,38,80350,70,39178,0,4,60.94,10,0.37,57,0.83,802,Food,Delayed,Standard
4076,46,117471,33,34397,13537,7,456.92,14,0.52,18,0.17,1570,Home,On-Time,Standard
4077,39,107209,95,5000,0,5,123.15,7,0.11,47,0.63,1792,Food,Delayed,Platinum
4078,18,73542,1,20006,5846,8,238.67,0,0.71,60,0.51,1728,Electronics,On-Time,Gold
4079,39,51521,25,31909,18176,6,294.73,16,0.89,77,0.12,5090,Electronics,On-Time,Platinum
4080,40,88278,74,16770,15005,7,425.69,18,0.79,36,0.22,765,Fashion,On-Time,Standard
4081,54,95403,88,15958,9989,4,150.44,15,0.49,23,0.63,3229,Travel,On-Time,Standard
4082,34,52096,18,15690,25342,5,465.3,18,0.01,156,0.88,3714,Electronics,On-Time,Standard
4083,70,81653,19,26758,10655,3,183.43,16,0.46,63,0.17,3464,Food,On-Time,Gold
4084,18,124448,32,23075,17404,2,292.05,11,0.12,72,0.53,4140,Travel,On-Time,Standard
4085,64,157797,80,24264,5615,3,126.11,9,0.74,145,0.99,876,Electronics,On-Time,Gold
4086,41,109174,93,18427,0,4,330.07,16,0.13,104,0.46,7486,Electronics,Delayed,Gold
4087,57,149510,81,33993,11591,6,120.52,9,0.12,151,0.15,3898,Electronics,On-Time,Gold
4088,46,49825,95,17492,13106,6,87.87,12,0.51,19,0.91,6673,Home,On-Time,Standard
4089,62,103075,3,27039,12885,9,271.24,18,0.24,67,0.89,5803,Travel,On-Time,Gold
4090,39,128540,31,5000,0,8,363.92,0,0.24,13,0.03,2045,Fashion,On-Time,Gold
4091,28,39146,18,19695,30847,5,134.0,11,0.96,51,0.39,2406,Travel,On-Time,Standard
4092,66,55576,2,16240,2265,3,74.63,3,0.29,141,0.96,579,Food,On-Time,Standard
4093,43,144516,91,20826,10714,4,69.12,15,0.92,63,0.47,4961,Home,On-Time,Platinum
4094,48,35996,60,7009,11754,5,50.66,13,0.23,25,0.61,4150,Electronics,On-Time,Standard
4095,63,21354,37,33081,15734,6,155.18,4,0.9,43,0.23,4452,Electronics,Late,Standard
4096,29,136119,5,21334,5173,4,439.93,11,0.2,122,0.7,4756,Travel,Delayed,Gold
4097,53,122870,55,37994,13660,5,253.45,17,0.17,52,0.56,-858,Travel,On-Time,Standard
4098,36,92284,39,26274,21329,0,465.43,19,0.28,101,0.57,6778,Travel,Late,Standard
4099,43,73171,80,22119,6791,7,162.23,3,0.42,4,0.6,3050,Fashion,On-Time,Standard
4100,46,57459,68,20128,6458,8,492.52,7,0.21,68,0.01,4764,Electronics,On-Time,Gold
4101,22,86277,82,25316,2931,5,421.19,8,0.62,4,0.07,2341,Fashion,On-Time,Platinum
4102,33,138192,41,26064,11702,5,402.73,19,0.47,17,0.85,3856,Home,On-Time,Gold
4103,65,84542,98,24036,3786,3,318.01,14,0.54,105,0.62,4510,Fashion,On-Time,Gold
4104,58,161678,85,38105,14841,4,138.16,20,0.66,84,0.8,-122,Home,On-Time,Standard
4105,44,39082,87,29259,6617,5,478.25,4,0.46,178,0.61,2020,Food,Delayed,Platinum
4106,48,74212,73,14937,8324,0,414.66,7,0.09,24,0.12,7389,Home,On-Time,Gold
4107,40,60077,1,13650,3029,4,424.58,5,0.35,124,0.61,3734,Food,On-Time,Standard
4108,65,31594,27,23543,25054,6,448.76,14,0.52,57,0.21,-337,Travel,Delayed,Gold
4109,41,68876,100,21492,10713,6,166.03,2,0.18,101,0.62,-166,Food,On-Time,Standard
4110,48,91693,16,22227,1928,3,441.28,13,0.49,125,0.65,4071,Food,On-Time,Platinum
4111,62,95969,69,7022,11940,5,270.65,5,0.12,48,0.53,-2153,Home,On-Time,Standard
4112,33,161818,68,27130,0,10,344.0,2,0.35,104,0.03,2190,Fashion,On-Time,Standard
4113,68,93578,38,17011,5391,3,482.35,11,0.84,106,0.11,876,Food,Late,Gold
4114,22,121005,6,37809,12978,7,454.4,9,0.05,103,0.56,5124,Travel,Late,Standard
4115,69,77643,31,21880,13641,1,162.36,17,0.04,169,0.16,1120,Travel,On-Time,Platinum
4116,39,142122,3,19117,16265,5,380.2,7,0.4,47,0.11,1752,Food,On-Time,Standard
4117,41,170937,20,23937,19121,6,423.23,20,0.91,56,0.14,5590,Fashion,Delayed,Standard
4118,18,96243,31,14746,8766,7,248.61,5,0.61,157,0.77,2571,Food,On-Time,Platinum
4119,38,35293,81,33408,16253,4,98.13,4,0.69,85,0.46,2452,Fashion,On-Time,Standard
4120,29,53047,96,38998,15622,3,191.37,5,0.56,17,0.21,6954,Food,On-Time,Gold
4121,35,86277,13,25854,15905,6,380.38,16,0.78,114,0.48,5677,Electronics,On-Time,Platinum
4122,42,93259,69,25337,0,6,314.23,3,0.41,91,0.77,3556,Home,On-Time,Gold
4123,59,102937,74,15298,11816,3,397.22,4,0.75,111,0.96,2665,Travel,On-Time,Platinum
4124,48,93407,45,19930,7968,4,453.45,8,0.93,72,0.85,4751,Electronics,On-Time,Gold
4125,49,75279,19,24353,19125,7,196.7,17,0.34,143,0.29,4827,Home,On-Time,Standard
4126,28,49552,92,10812,10751,10,359.58,7,0.41,10,0.36,1191,Fashion,On-Time,Standard
4127,31,91045,57,32623,7214,8,93.61,1,0.18,176,0.72,2665,Electronics,Late,Gold
4128,71,149199,98,7724,7823,6,349.03,12,0.12,8,0.75,3451,Home,Delayed,Gold
4129,33,115797,79,5000,7421,4,66.08,12,0.75,59,0.07,3052,Food,On-Time,Gold
4130,69,96388,47,33945,11103,3,163.4,2,0.59,72,0.19,3101,Home,On-Time,Standard
4131,41,116182,6,26229,12254,7,251.67,13,0.72,47,0.14,2666,Fashion,On-Time,Standard
4132,45,60157,39,12453,8588,6,430.34,12,0.17,49,0.77,4235,Travel,On-Time,Standard
4133,61,54669,58,21246,7734,3,116.87,15,0.76,32,0.59,2714,Fashion,On-Time,Platinum
4134,64,45088,35,21888,3314,5,400.95,0,0.31,112,0.8,5828,Fashion,On-Time,Standard
4135,43,69988,43,20825,20097,5,304.06,18,0.62,2,0.89,2770,Food,On-Time,Gold
4136,39,58119,30,11733,8072,7,255.7,16,0.85,35,0.78,4131,Electronics,On-Time,Standard
4137,44,123330,41,22527,11678,5,339.0,14,0.62,111,0.06,3925,Electronics,On-Time,Gold
4138,50,55987,43,29314,12913,6,205.07,11,0.17,121,0.57,5191,Electronics,On-Time,Platinum
4139,58,42891,42,6186,11914,4,497.56,2,0.5,19,0.39,3478,Food,On-Time,Gold
4140,45,152703,42,16125,6777,8,99.73,16,0.25,23,0.3,3236,Food,On-Time,Standard
4141,54,56944,46,10715,14162,5,112.36,11,0.55,92,0.61,4935,Food,On-Time,Standard
4142,69,81141,5,13892,20016,5,447.81,17,0.08,117,0.29,3050,Home,Delayed,Standard
4143,50,93052,92,23028,14722,2,148.61,13,0.98,127,0.46,3996,Home,On-Time,Platinum
4144,49,29532,90,9631,13037,2,77.49,10,0.62,33,0.24,4988,Food,On-Time,Standard
4145,22,124419,65,33890,14538,2,450.97,4,0.38,132,0.95,6642,Travel,Delayed,Standard
4146,18,100484,85,20555,10461,3,78.09,18,0.34,104,0.31,1471,Home,On-Time,Platinum
4147,50,137335,8,16905,8067,2,436.89,19,0.58,170,0.78,5590,Electronics,On-Time,Platinum
4148,43,47831,10,5000,23400,3,288.75,18,0.67,139,0.84,850,Electronics,On-Time,Gold
4149,37,78965,79,21135,20732,8,290.45,15,0.23,111,0.08,1161,Electronics,Delayed,Standard
4150,48,76574,76,20441,6632,3,108.89,3,0.55,124,0.14,4379,Electronics,Delayed,Gold
4151,44,85555,17,9402,17942,6,333.66,4,0.86,39,0.38,925,Home,On-Time,Gold
4152,61,20000,24,12063,13264,0,216.64,19,0.81,144,0.29,-958,Home,On-Time,Gold
4153,46,79433,96,33768,10909,1,213.16,13,0.18,162,0.98,3959,Food,On-Time,Standard
4154,33,20000,73,16881,20554,4,363.68,7,0.38,121,0.07,3721,Fashion,On-Time,Gold
4155,59,89333,57,20350,10817,2,440.51,3,0.79,115,0.96,1396,Food,Delayed,Gold
4156,41,20000,29,24422,11783,3,379.12,16,0.31,167,0.36,1335,Travel,On-Time,Standard
4157,52,20000,0,18766,13422,7,356.86,2,0.77,73,0.48,3799,Home,Delayed,Gold
4158,37,107741,62,30825,1358,7,448.76,7,0.71,26,0.63,4947,Travel,On-Time,Gold
4159,35,53126,96,14145,11912,4,455.11,2,0.18,10,0.62,3055,Electronics,On-Time,Standard
4160,46,35485,78,16595,309,1,381.36,20,0.7,113,0.34,4962,Food,On-Time,Gold
4161,45,125833,28,16707,14098,9,419.14,7,0.84,63,0.46,3883,Electronics,Delayed,Standard
4162,52,88105,65,13649,13802,4,158.59,17,0.91,115,0.28,2366,Fashion,On-Time,Standard
4163,40,109883,74,12976,18228,6,356.56,12,0.24,71,0.26,-375,Travel,On-Time,Gold
4164,18,68350,52,20235,14380,2,270.14,11,1.0,142,0.08,1903,Home,Delayed,Gold
4165,38,182185,97,30797,28035,6,432.08,19,0.49,80,0.42,3962,Travel,Late,Standard
4166,56,50819,18,10575,114,2,482.44,3,0.25,64,0.35,2237,Electronics,On-Time,Standard
4167,40,144779,65,18493,9866,5,170.29,18,0.72,127,0.23,5624,Fashion,On-Time,Standard
4168,41,72545,83,26107,17344,4,352.11,0,0.71,27,0.13,4786,Home,On-Time,Gold
4169,59,20000,51,35834,17997,1,434.68,6,0.61,169,0.1,3724,Food,On-Time,Platinum
4170,34,94313,30,27513,5985,6,356.73,9,0.14,72,0.36,3132,Electronics,Delayed,Standard
4171,21,87590,59,18351,18303,8,359.65,11,0.03,145,0.49,3232,Home,On-Time,Platinum
4172,42,32947,67,15514,0,3,417.88,14,0.74,11,0.71,1836,Food,On-Time,Standard
4173,37,38111,92,29034,4363,8,366.15,6,0.35,162,0.69,1192,Electronics,On-Time,Standard
4174,30,74012,29,27063,12880,2,422.17,17,0.1,93,0.08,4330,Electronics,Late,Standard
4175,42,88989,12,20128,11961,4,496.03,15,0.93,11,0.06,3189,Home,Delayed,Gold
4176,52,20000,14,18338,18781,7,294.81,17,0.93,125,0.76,4041,Travel,Delayed,Gold
4177,44,117124,19,36136,16244,4,349.67,5,0.64,123,0.8,1350,Home,Late,Standard
4178,49,55220,33,34910,6935,5,326.85,20,0.24,120,0.43,2690,Fashion,On-Time,Gold
4179,72,21730,91,23135,18809,11,176.87,13,0.98,54,0.3,2285,Fashion,On-Time,Gold
4180,39,112642,19,21650,13855,8,424.95,16,0.24,111,0.15,4560,Food,Delayed,Gold
4181,49,74055,49,10808,15794,4,223.83,19,0.01,152,0.21,6375,Food,On-Time,Standard
4182,37,123646,88,20358,15612,3,479.64,20,0.9,154,0.39,4779,Food,On-Time,Gold
4183,32,92518,26,29665,8301,3,422.15,9,0.2,140,0.97,582,Travel,Delayed,Platinum
4184,36,74939,29,5000,16923,5,119.76,2,0.63,103,0.59,3816,Electronics,On-Time,Standard
4185,37,68890,55,24817,12402,5,76.92,4,0.24,20,0.52,2430,Home,Delayed,Gold
4186,50,94308,83,25505,16349,6,113.07,14,0.45,6,0.45,1717,Electronics,On-Time,Standard
4187,80,58458,64,25527,20427,4,400.39,7,0.4,132,0.0,3699,Food,On-Time,Gold
4188,34,40897,98,14773,9324,2,378.12,17,0.37,136,0.18,1538,Electronics,On-Time,Standard
4189,38,99396,54,17422,17284,4,321.02,14,0.32,1,0.63,4365,Electronics,On-Time,Gold
4190,44,69220,23,15036,7603,4,131.6,12,0.02,16,0.6,1165,Fashion,On-Time,Standard
4191,50,76342,24,35912,6751,2,252.4,8,0.21,168,0.58,-641,Home,On-Time,Standard
4192,48,118575,52,32462,9945,5,290.84,1,0.99,2,0.23,3237,Electronics,On-Time,Standard
4193,64,70444,75,22981,9928,4,486.73,0,0.01,153,0.3,4949,Electronics,Delayed,Gold
4194,18,75601,10,20266,13248,3,148.38,11,0.07,72,0.56,2894,Travel,On-Time,Standard
4195,18,51014,93,19936,2106,7,208.16,17,0.03,37,0.16,-127,Fashion,Delayed,Gold
4196,37,92229,59,17493,13941,5,339.21,6,0.51,17,0.25,164,Food,On-Time,Gold
4197,61,88993,76,5000,8973,3,144.73,8,0.04,37,0.8,2086,Travel,Late,Gold
4198,21,111031,46,20321,0,6,130.59,10,0.54,147,0.25,5112,Fashion,On-Time,Platinum
4199,18,51834,24,36221,12802,4,249.02,6,0.33,155,0.62,745,Home,On-Time,Standard
4200,53,56687,24,22346,19899,8,284.38,7,0.88,125,0.6,1447,Travel,Delayed,Gold
4201,48,106685,16,15054,17453,4,359.73,4,0.36,49,0.95,4480,Travel,On-Time,Gold
4202,28,85088,11,22072,9993,5,392.13,15,0.82,152,0.54,3738,Travel,On-Time,Gold
4203,30,38751,51,18235,7004,3,440.99,0,0.7,89,0.46,4288,Home,On-Time,Standard
4204,30,127262,10,12033,16095,5,202.51,15,0.97,83,0.34,5511,Electronics,Delayed,Standard
4205,46,20000,9,11043,7008,3,276.85,15,0.44,150,0.2,774,Food,Delayed,Standard
4206,35,106371,80,20288,9695,7,438.51,4,0.95,77,0.28,1369,Electronics,On-Time,Standard
4207,52,24391,59,8309,27994,3,258.51,16,0.65,32,0.96,1121,Food,On-Time,Gold
4208,18,150431,53,20134,20409,3,112.2,9,0.38,178,0.96,3050,Fashion,On-Time,Standard
4209,32,20000,79,19318,8740,7,245.94,10,0.49,151,0.19,6974,Travel,On-Time,Standard
4210,28,121090,62,25761,14795,2,396.44,8,0.73,167,0.06,649,Home,Late,Gold
4211,41,71734,19,18716,21159,4,261.23,10,0.89,3,0.3,2210,Travel,On-Time,Platinum
4212,36,60335,4,11584,13275,6,160.29,17,0.41,120,0.77,5086,Food,On-Time,Standard
4213,56,82415,40,21232,2365,6,473.64,17,0.94,108,0.38,3339,Travel,On-Time,Gold
4214,18,100276,62,28355,12409,3,187.12,0,0.48,78,0.3,51,Travel,Late,Gold
4215,45,38823,55,15772,8409,2,283.69,3,0.77,173,0.37,-1227,Home,Delayed,Standard
4216,53,42368,31,32851,8556,4,208.92,5,0.91,106,0.22,2233,Travel,Delayed,Gold
4217,72,100984,26,20920,5317,6,237.63,13,0.22,175,0.63,3918,Home,On-Time,Gold
4218,37,20000,67,17139,2300,1,339.5,1,0.2,5,0.59,1725,Travel,On-Time,Platinum
4219,49,51630,47,14992,6037,0,266.54,8,0.68,53,0.35,3393,Electronics,Late,Standard
4220,18,196627,6,21565,15345,4,95.96,3,0.63,142,0.48,-566,Fashion,On-Time,Platinum
4221,18,36279,45,19254,16951,3,278.88,5,0.83,80,0.0,4200,Travel,Delayed,Standard
4222,57,120912,77,9712,24941,8,184.14,12,0.54,142,0.53,4560,Fashion,On-Time,Standard
4223,44,51561,87,32733,6656,7,333.95,11,0.73,26,0.84,4833,Home,Delayed,Standard
4224,62,95361,17,17308,4561,5,131.75,4,0.17,71,0.14,2733,Travel,On-Time,Platinum
4225,24,101174,37,32666,16244,3,311.89,2,0.55,109,0.94,3023,Food,On-Time,Standard
4226,52,120158,64,11267,0,6,252.51,18,0.01,127,0.52,2893,Food,On-Time,Standard
4227,73,66989,16,27692,0,5,413.68,7,0.68,166,0.84,2137,Food,On-Time,Standard
4228,51,154555,89,30845,15965,8,202.57,20,0.97,169,0.29,2789,Fashion,On-Time,Gold
4229,49,51426,85,30180,3606,4,95.03,6,0.18,16,0.63,1829,Electronics,On-Time,Standard
4230,45,84368,81,23201,5266,4,88.36,0,0.14,111,0.28,2104,Electronics,Delayed,Standard
4231,21,84811,37,27971,14523,2,252.68,12,0.47,22,0.82,5457,Travel,On-Time,Standard
4232,65,30121,91,23747,10578,7,283.03,12,0.45,4,0.92,2636,Electronics,On-Time,Gold
4233,35,63565,84,11755,8185,4,218.81,6,0.44,99,0.92,4495,Travel,On-Time,Gold
4234,52,81460,62,23304,965,6,404.38,14,0.29,44,0.79,362,Travel,Delayed,Gold
4235,21,57715,96,11273,6278,7,349.38,11,0.14,118,0.96,1655,Home,Delayed,Standard
4236,27,172636,93,10197,6601,0,304.44,12,0.92,177,0.81,1695,Fashion,On-Time,Standard
4237,66,41455,41,22238,7208,9,325.01,5,0.35,91,0.89,2960,Travel,On-Time,Gold
4238,39,122176,7,15272,14301,1,393.53,3,0.41,144,0.32,568,Food,On-Time,Standard
4239,66,109258,29,32717,12341,5,323.57,15,0.42,101,0.65,747,Home,On-Time,Standard
4240,43,74445,63,33476,8559,6,150.24,12,0.13,100,0.19,2269,Home,On-Time,Platinum
4241,18,40391,8,41906,10967,6,232.76,5,0.2,156,0.31,980,Home,Late,Gold
4242,58,44269,96,9087,22583,7,111.27,1,0.01,91,0.57,2194,Electronics,On-Time,Standard
4243,36,54281,56,10958,12623,4,442.08,4,0.5,32,0.46,6122,Electronics,On-Time,Gold
4244,55,20000,58,26949,20230,2,148.37,4,0.55,24,0.89,863,Travel,Delayed,Standard
4245,45,34861,92,17471,6089,3,320.12,15,0.21,143,0.2,2414,Fashion,On-Time,Gold
4246,21,20000,94,14214,8658,6,74.1,14,0.42,66,0.64,4381,Fashion,On-Time,Platinum
4247,47,128835,66,16935,7776,7,193.0,6,0.69,60,0.39,1559,Travel,On-Time,Gold
4248,77,99738,74,19420,12777,8,452.75,6,0.26,29,0.3,523,Travel,Late,Standard
4249,52,106438,4,25298,13421,3,407.39,1,0.37,127,0.11,1642,Travel,On-Time,Standard
4250,44,98553,94,5495,13875,2,91.86,7,0.7,44,0.71,-1664,Fashion,Delayed,Standard
4251,61,81678,83,23264,0,3,301.13,5,0.6,155,0.42,4391,Electronics,Late,Standard
4252,48,133427,3,18464,3804,5,222.82,20,0.51,164,0.84,2634,Food,On-Time,Gold
4253,48,50569,7,13658,11837,4,110.8,9,0.87,64,0.77,2082,Home,On-Time,Standard
4254,28,79266,41,31108,23081,5,418.23,7,0.07,142,0.44,2731,Food,On-Time,Platinum
4255,48,104882,34,16563,6475,7,441.46,14,0.53,174,0.26,2071,Food,On-Time,Platinum
4256,60,22151,12,17254,25614,1,277.06,14,0.7,2,0.79,5861,Travel,On-Time,Gold
4257,32,198863,4,17764,674,5,135.48,6,0.28,53,0.09,5205,Fashion,On-Time,Gold
4258,66,76142,39,32490,11714,4,238.78,14,0.29,30,0.42,6308,Food,On-Time,Gold
4259,43,80679,18,20869,8878,3,64.63,8,0.5,176,0.78,3946,Fashion,On-Time,Gold
4260,31,125275,81,19444,6539,5,366.18,15,0.34,8,0.17,4366,Travel,On-Time,Gold
4261,59,111598,96,27070,16311,5,456.47,6,0.42,154,0.51,4150,Food,Delayed,Gold
4262,40,76523,3,5000,9469,7,57.06,17,0.69,175,0.78,1969,Food,On-Time,Standard
4263,56,80205,58,21623,0,8,344.66,11,0.37,30,0.02,-1105,Home,On-Time,Gold
4264,40,20000,17,21742,0,6,90.02,6,0.03,63,0.74,2756,Travel,On-Time,Standard
4265,44,52741,23,26618,2571,2,154.14,6,0.09,113,0.26,4080,Fashion,On-Time,Gold
4266,52,95688,92,22349,14429,4,290.89,9,0.51,99,0.76,2797,Travel,On-Time,Standard
4267,49,92755,30,10962,8589,8,193.96,12,0.94,173,0.42,5594,Travel,On-Time,Gold
4268,18,123846,57,6730,17246,4,52.65,15,0.29,169,0.02,2055,Food,On-Time,Platinum
4269,28,70179,27,25102,8965,5,492.24,2,0.02,69,0.56,3322,Electronics,On-Time,Standard
4270,58,20000,8,16069,11947,4,127.03,14,0.81,160,0.64,2111,Travel,Delayed,Platinum
4271,43,117269,44,17371,20570,4,287.3,2,0.77,26,0.17,6423,Home,On-Time,Platinum
4272,37,132443,89,13141,8692,4,282.04,3,0.87,68,0.51,-924,Food,On-Time,Gold
4273,24,110929,48,20111,23713,6,477.28,20,0.47,78,0.77,5543,Fashion,On-Time,Gold
4274,28,68454,1,19420,14756,6,396.77,18,0.08,49,0.07,2753,Food,On-Time,Gold
4275,18,116775,5,10227,3400,5,300.09,18,0.15,35,0.86,3688,Travel,On-Time,Gold
4276,43,200000,28,26165,1562,6,381.38,11,0.96,178,0.35,-1805,Food,Delayed,Standard
4277,36,79606,25,14290,0,7,430.94,1,0.86,112,0.97,115,Food,Delayed,Standard
4278,30,22530,27,31410,10257,6,195.54,19,0.61,18,0.82,3008,Electronics,On-Time,Gold
4279,43,51548,6,21692,0,6,104.53,1,0.05,96,0.76,4362,Electronics,Delayed,Gold
4280,50,100019,33,19301,22384,2,415.02,6,0.07,71,0.16,2593,Electronics,On-Time,Gold
4281,76,20000,55,7929,25672,7,136.11,2,0.18,48,0.5,961,Food,On-Time,Standard
4282,22,81776,9,24322,0,7,203.53,9,0.66,62,0.34,2849,Electronics,On-Time,Gold
4283,62,90213,56,19681,11758,4,446.61,3,0.97,12,0.8,1416,Travel,On-Time,Standard
4284,59,136404,46,21369,0,6,349.3,2,0.58,86,0.33,7763,Home,On-Time,Gold
4285,33,127407,85,30535,14975,5,89.12,7,0.84,65,0.68,4249,Food,On-Time,Gold
4286,48,109583,26,26957,16604,5,159.49,15,0.77,173,0.45,3216,Electronics,On-Time,Standard
4287,38,20000,38,28918,9981,5,119.89,10,0.26,131,0.77,5790,Home,Delayed,Standard
4288,47,111842,21,5000,12093,4,64.31,13,0.58,0,0.16,3525,Travel,Late,Standard
4289,67,103220,18,18327,5383,4,147.6,18,0.71,117,0.31,5624,Food,Delayed,Standard
4290,54,85237,99,7264,10306,7,341.42,7,0.32,114,0.14,9383,Home,On-Time,Gold
4291,52,20000,8,23776,14996,4,56.28,8,0.61,44,0.57,1832,Travel,Late,Standard
4292,38,43929,18,5000,8690,4,483.09,4,0.13,18,0.36,5348,Home,On-Time,Gold
4293,22,28327,1,28427,18574,8,155.12,14,0.8,124,0.78,6876,Food,Delayed,Standard
4294,41,20000,91,32558,5182,5,181.32,8,0.31,62,0.28,2860,Home,On-Time,Standard
4295,63,74883,60,18528,7769,2,65.67,5,0.3,8,0.6,3352,Home,Late,Gold
4296,22,43087,58,22738,0,4,81.33,7,0.73,88,0.54,4326,Home,Delayed,Standard
4297,29,180012,85,32416,26252,6,499.43,13,0.78,54,0.71,152,Food,Delayed,Gold
4298,46,68249,69,36707,0,7,200.4,13,0.73,67,0.73,3673,Home,On-Time,Standard
4299,30,126750,70,33490,17793,3,355.87,13,0.33,36,0.91,1013,Home,On-Time,Gold
4300,33,20000,69,24310,12987,6,387.93,13,0.92,141,0.59,780,Home,On-Time,Standard
4301,38,53796,32,32911,9960,8,272.11,20,0.6,21,0.71,4911,Electronics,On-Time,Standard
4302,24,78875,77,12275,3770,5,258.2,3,0.36,75,0.96,5009,Home,Late,Gold
4303,30,38673,64,14525,6766,3,201.17,5,0.35,175,0.71,3500,Electronics,Delayed,Standard
4304,55,58111,24,27485,7259,6,365.86,6,0.08,9,0.99,1714,Home,On-Time,Standard
4305,25,66281,69,20218,6333,8,286.45,19,0.17,155,0.59,4908,Travel,On-Time,Standard
4306,21,65643,27,25398,0,6,242.11,1,0.65,9,0.99,3753,Electronics,Delayed,Standard
4307,35,149204,17,27324,14080,8,118.26,16,0.31,58,0.18,3931,Home,Late,Standard
4308,55,90129,62,27447,14578,5,350.44,19,0.26,60,0.62,4219,Home,On-Time,Standard
4309,42,94180,90,5186,7564,4,246.62,12,0.01,111,0.36,2828,Food,On-Time,Gold
4310,38,96586,48,25450,9690,3,96.93,13,0.84,39,0.6,3525,Electronics,On-Time,Standard
4311,45,99505,65,14946,14040,4,204.32,19,0.27,97,0.05,2060,Electronics,Late,Platinum
4312,18,71684,39,22044,329,2,70.55,3,0.31,134,0.32,4859,Travel,Late,Standard
4313,52,62170,84,16441,0,4,105.46,16,0.99,68,0.02,4420,Food,On-Time,Platinum
4314,50,81672,86,16618,10065,4,497.11,0,0.48,148,0.49,5354,Food,On-Time,Gold
4315,38,121272,65,15038,7702,5,406.12,16,0.54,134,0.52,-110,Food,On-Time,Standard
4316,60,120049,79,26074,7019,6,494.49,20,0.06,59,0.5,4665,Home,On-Time,Gold
4317,28,65384,3,18656,14230,8,473.22,18,0.51,128,0.91,4084,Travel,On-Time,Gold
4318,61,105713,33,18007,7232,11,480.98,3,0.43,160,0.43,370,Home,Delayed,Standard
4319,47,67216,4,17342,13092,5,265.44,17,0.87,24,0.21,5029,Fashion,Late,Gold
4320,39,76354,97,24698,22423,2,354.7,13,0.52,115,0.84,1641,Travel,On-Time,Platinum
4321,44,56059,21,13163,24698,6,55.56,4,0.87,43,0.93,2669,Food,On-Time,Platinum
4322,43,67734,19,32717,16055,5,220.93,4,0.75,151,0.21,4807,Home,Delayed,Standard
4323,63,128653,46,14759,0,3,353.92,4,0.01,105,0.23,244,Electronics,Delayed,Gold
4324,28,78696,76,16497,14419,3,119.25,15,0.97,135,0.14,4024,Electronics,On-Time,Platinum
4325,33,80411,33,20169,20884,4,452.81,20,0.07,29,0.77,80,Travel,On-Time,Standard
4326,60,20000,43,23790,11868,4,98.23,10,0.03,77,0.89,5226,Food,Delayed,Standard
4327,36,62630,5,18530,5338,2,427.06,0,0.31,8,0.81,5914,Electronics,Late,Standard
4328,58,65347,55,18120,7129,5,326.86,19,0.42,0,0.4,2993,Food,Delayed,Gold
4329,70,41834,28,28658,18607,6,436.9,15,0.22,147,0.17,-783,Travel,Delayed,Standard
4330,38,75866,96,5000,6276,7,150.78,5,0.5,36,0.95,3307,Travel,Delayed,Platinum
4331,55,57832,52,15389,3335,8,336.8,11,0.97,29,0.3,5678,Food,Delayed,Standard
4332,27,78199,0,13399,5428,8,150.3,9,0.56,59,0.92,5017,Electronics,On-Time,Gold
4333,56,79860,58,16758,10404,8,167.64,15,0.11,127,0.72,4214,Electronics,Delayed,Platinum
4334,47,36769,47,31143,8442,3,101.12,0,0.91,110,0.92,5109,Home,On-Time,Platinum
4335,52,59051,6,14539,0,3,434.42,6,0.11,120,0.68,1589,Travel,On-Time,Standard
4336,35,78094,85,19246,7000,7,410.96,19,0.46,109,0.17,3499,Home,On-Time,Platinum
4337,20,122371,31,24381,23278,5,176.71,0,0.46,89,0.46,1624,Home,On-Time,Standard
4338,52,85268,77,13729,11307,5,130.87,7,0.73,87,0.15,1858,Electronics,On-Time,Standard
4339,18,48522,60,5000,14282,7,409.26,15,0.68,102,0.22,1482,Fashion,On-Time,Gold
4340,40,90960,56,5000,57,8,258.56,12,0.62,130,0.35,1471,Fashion,On-Time,Gold
4341,59,143301,50,30656,14654,4,197.56,9,0.64,78,0.15,8733,Home,On-Time,Platinum
4342,47,111668,87,23627,20537,6,356.65,13,0.76,42,0.31,5611,Food,Late,Standard
4343,74,96901,18,17378,12226,1,223.22,6,0.17,88,0.1,2073,Travel,On-Time,Platinum
4344,60,104023,26,17262,1556,3,377.62,9,0.98,167,0.05,4543,Food,On-Time,Gold
4345,35,132598,62,13198,14483,8,144.21,11,0.55,55,0.15,1437,Fashion,On-Time,Standard
4346,45,118025,59,21290,15681,2,305.59,7,0.72,69,0.21,787,Travel,On-Time,Gold
4347,44,97670,60,25784,5096,6,443.7,12,0.58,26,0.28,5157,Travel,Late,Platinum
4348,21,117745,60,12837,17481,5,415.13,0,0.88,97,0.61,1306,Food,On-Time,Standard
4349,30,31733,86,22067,13158,7,474.59,13,0.59,92,0.21,118,Home,On-Time,Standard
4350,36,20000,44,13091,0,5,59.49,10,0.1,145,0.88,3745,Travel,Late,Standard
4351,18,81283,20,19268,5884,5,467.83,9,0.87,32,0.08,2074,Food,Delayed,Standard
4352,45,77747,43,15510,7645,5,158.2,0,0.1,48,0.78,5892,Travel,On-Time,Gold
4353,41,53243,92,27273,9600,7,474.99,14,0.52,28,0.8,1207,Travel,On-Time,Gold
4354,19,108034,0,20060,9968,6,164.85,9,0.2,70,0.37,3988,Home,On-Time,Gold
4355,51,20000,94,10790,15525,2,134.24,8,0.12,73,0.63,4038,Travel,On-Time,Standard
4356,55,53609,90,19337,15770,4,332.48,12,0.12,39,0.59,3446,Home,Delayed,Standard
4357,48,55601,43,27897,21309,2,377.01,12,0.87,19,0.9,5730,Electronics,On-Time,Platinum
4358,40,20000,99,10336,12371,8,482.95,7,0.35,117,0.98,4088,Electronics,Delayed,Standard
4359,53,134789,61,17799,20334,4,185.52,9,0.35,53,0.32,3408,Travel,On-Time,Gold
4360,55,20631,60,16818,16517,8,253.43,13,0.69,32,0.51,4733,Food,On-Time,Standard
4361,49,51466,90,21679,18587,7,322.14,4,0.83,137,0.13,1711,Food,On-Time,Standard
4362,32,111319,78,18300,21172,2,420.71,5,0.82,125,0.75,1456,Fashion,Delayed,Standard
4363,49,100841,88,22929,7635,9,401.7,3,0.65,10,0.93,3349,Fashion,On-Time,Platinum
4364,62,30673,78,14269,9435,6,474.71,11,0.72,162,0.11,4219,Fashion,On-Time,Platinum
4365,36,102299,82,18615,0,5,293.89,8,0.62,34,0.75,2795,Food,On-Time,Standard
4366,76,86591,49,18355,17735,3,419.76,12,0.83,118,0.5,2866,Travel,On-Time,Gold
4367,37,168321,74,34323,17174,9,411.53,10,0.34,26,0.97,2826,Food,On-Time,Gold
4368,45,91157,40,22502,11012,8,143.12,1,0.24,13,0.09,3771,Travel,On-Time,Standard
4369,34,69350,32,26756,15575,9,204.94,12,0.2,148,0.88,5023,Home,On-Time,Standard
4370,48,40739,86,34730,17481,8,139.93,2,0.6,55,0.58,3359,Food,On-Time,Gold
4371,18,45230,11,22013,10134,4,68.99,17,0.24,168,0.59,2638,Food,On-Time,Standard
4372,36,41969,1,18165,13010,5,432.59,0,0.13,81,0.1,1067,Fashion,Delayed,Standard
4373,28,129843,20,12102,9900,10,455.86,7,0.96,122,0.29,7047,Food,On-Time,Standard
4374,47,75718,13,10135,9306,8,239.42,0,0.38,109,0.3,6237,Electronics,On-Time,Gold
4375,59,97609,33,5000,5245,7,214.2,1,0.89,88,0.18,1203,Fashion,On-Time,Standard
4376,54,135569,78,27077,176,7,261.82,14,0.7,118,0.3,1850,Home,On-Time,Gold
4377,18,20000,84,23660,1012,6,332.79,5,0.35,154,0.21,3797,Home,On-Time,Standard
4378,75,126154,63,18136,9499,5,494.26,11,0.14,1,0.54,3852,Home,On-Time,Platinum
4379,49,77215,22,17933,2153,5,442.22,13,0.84,169,0.34,3957,Food,On-Time,Platinum
4380,33,92401,84,11996,3388,4,123.14,9,0.89,90,0.45,3502,Electronics,On-Time,Standard
4381,47,41863,49,23964,4267,3,444.71,1,0.18,52,0.4,5672,Fashion,On-Time,Standard
4382,47,44795,13,15184,8029,8,268.16,12,0.63,147,0.37,5857,Fashion,On-Time,Standard
4383,34,94553,84,17895,17914,5,412.3,2,0.56,74,0.02,4354,Fashion,On-Time,Gold
4384,47,170383,75,11119,0,4,430.3,1,0.93,176,0.63,-149,Electronics,Delayed,Standard
4385,35,115132,45,12515,10333,3,220.19,13,0.65,171,0.67,3076,Fashion,On-Time,Gold
4386,38,125620,4,27451,3528,4,62.65,1,0.27,151,0.7,2073,Food,On-Time,Gold
4387,34,67319,65,28900,9677,6,214.17,0,0.72,141,0.75,305,Home,On-Time,Gold
4388,23,50991,21,10101,5648,6,63.49,10,0.53,74,0.69,2224,Electronics,Delayed,Gold
4389,47,43767,69,24754,8703,1,281.31,0,0.35,112,0.44,3998,Travel,On-Time,Standard
4390,53,55469,1,14080,0,7,477.12,11,0.61,104,0.25,207,Electronics,On-Time,Gold
4391,52,20000,28,16011,12874,2,448.3,8,0.96,99,0.52,4857,Electronics,On-Time,Standard
4392,57,46003,60,29607,10435,3,222.57,13,0.82,112,0.99,5109,Electronics,Delayed,Standard
4393,49,52585,99,17710,11082,2,390.45,14,0.74,114,0.27,525,Travel,On-Time,Gold
4394,37,67985,70,17644,16769,3,378.93,7,0.08,178,0.5,1972,Food,Late,Standard
4395,57,80270,15,6867,132,5,309.96,13,0.12,154,0.31,5013,Electronics,On-Time,Platinum
4396,24,89498,63,17296,2364,4,367.05,11,0.61,171,0.37,4432,Electronics,Delayed,Platinum
4397,31,74402,96,14995,21625,13,456.51,18,0.03,86,0.48,2641,Food,On-Time,Standard
4398,30,51742,96,23672,13814,7,176.56,11,0.64,21,0.72,6302,Fashion,On-Time,Standard
4399,61,20000,13,15662,0,4,129.06,1,0.3,85,0.78,5216,Food,On-Time,Standard
4400,59,51987,42,29789,8737,3,194.77,17,0.16,172,0.16,2882,Electronics,On-Time,Standard
4401,52,36101,75,23169,17466,4,324.95,0,0.05,74,0.75,5138,Fashion,On-Time,Standard
4402,61,93642,42,21576,24582,5,267.14,6,0.21,46,0.68,891,Home,Late,Standard
4403,31,111371,69,25621,20905,6,352.53,2,0.7,139,0.7,494,Home,On-Time,Standard
4404,50,112542,54,21605,6810,4,250.55,19,0.45,103,0.56,2282,Food,Delayed,Standard
4405,43,105278,75,25818,9119,6,343.04,17,0.03,99,0.26,4631,Home,On-Time,Platinum
4406,57,69658,30,18821,0,1,89.91,8,0.07,99,0.36,6216,Food,On-Time,Standard
4407,43,54121,75,19294,10722,3,245.31,20,0.58,131,0.73,3706,Food,On-Time,Gold
4408,39,45115,73,13560,11427,3,340.54,13,0.84,148,0.06,3443,Fashion,Delayed,Platinum
4409,53,20000,39,14288,16351,11,181.08,2,0.6,101,0.07,5016,Fashion,Late,Gold
4410,58,114674,26,30403,0,11,195.36,14,0.39,82,0.76,3048,Fashion,Delayed,Standard
4411,34,68011,51,23732,3532,6,59.12,10,0.44,171,0.57,4242,Electronics,On-Time,Platinum
4412,44,25146,6,7686,8422,3,404.01,16,0.4,85,0.14,4986,Food,On-Time,Gold
4413,29,41940,45,28460,16132,7,268.51,0,0.9,164,0.06,5346,Food,On-Time,Standard
4414,18,40321,99,21003,7191,4,124.95,19,0.15,169,0.52,450,Electronics,On-Time,Standard
4415,48,76720,32,13658,26499,9,333.63,17,0.38,165,0.95,3973,Fashion,On-Time,Standard
4416,54,117698,90,34284,2436,5,103.76,19,0.31,143,0.76,1001,Electronics,Late,Platinum
4417,48,61080,7,30069,6553,7,259.23,12,0.59,126,0.59,2429,Food,On-Time,Standard
4418,18,20000,4,26043,2363,4,110.62,8,0.69,77,0.85,6276,Electronics,On-Time,Standard
4419,39,67432,60,21271,8562,5,354.48,18,0.52,9,0.32,1537,Fashion,On-Time,Platinum
4420,18,68752,71,22721,13321,6,135.11,11,0.99,81,0.57,701,Food,On-Time,Standard
4421,65,66003,59,5000,11272,3,479.22,16,0.25,79,0.93,1716,Home,Delayed,Gold
4422,28,49901,84,25987,3957,3,320.74,16,0.02,161,0.3,1756,Fashion,Late,Standard
4423,63,83697,23,21448,18553,4,59.97,3,0.72,169,0.16,1121,Food,On-Time,Gold
4424,59,77645,6,21937,19668,3,238.91,18,0.24,164,0.67,861,Fashion,On-Time,Gold
4425,31,74006,60,21769,5101,2,122.21,19,0.97,162,0.69,3946,Travel,On-Time,Standard
4426,28,91505,82,16251,31609,3,322.34,3,0.8,96,0.36,-1989,Electronics,On-Time,Standard
4427,50,57806,94,12404,2264,7,394.34,19,0.63,132,0.06,2931,Travel,On-Time,Platinum
4428,32,55536,35,20742,10274,11,188.8,14,0.7,37,0.6,1830,Home,On-Time,Standard
4429,46,130204,26,9332,10280,4,354.0,12,0.8,10,0.05,2960,Electronics,On-Time,Standard
4430,37,97374,28,22253,2129,1,442.06,19,0.68,113,0.26,3448,Food,Delayed,Platinum
4431,18,108077,86,11774,11396,4,457.39,10,0.31,39,0.12,7443,Electronics,On-Time,Gold
4432,18,124044,19,27728,9154,6,105.31,10,0.51,57,0.11,6964,Fashion,On-Time,Standard
4433,48,96037,69,8588,12940,3,209.78,19,0.31,124,0.04,5002,Food,On-Time,Gold
4434,36,112135,75,19650,9993,5,172.85,19,0.7,180,0.74,5479,Food,Delayed,Gold
4435,36,20000,75,20598,15600,4,306.76,20,0.01,82,0.95,3019,Travel,Late,Platinum
4436,55,83166,2,29755,14220,10,417.25,6,0.39,69,0.5,3710,Electronics,On-Time,Gold
4437,62,67691,38,22044,3065,4,339.76,17,0.16,30,0.78,7091,Food,Delayed,Standard
4438,40,142107,98,13492,7894,7,492.36,14,0.95,80,0.45,3975,Home,Late,Gold
4439,39,112105,82,12865,4282,5,67.78,19,0.72,103,0.45,674,Food,On-Time,Gold
4440,52,49782,44,31575,21670,6,139.57,10,0.5,164,0.76,2152,Home,On-Time,Standard
4441,24,89911,67,19702,16687,3,433.11,6,0.24,138,0.71,3197,Travel,Delayed,Standard
4442,48,81707,30,18446,12310,6,226.7,11,0.02,176,0.14,3637,Electronics,Late,Standard
4443,53,93173,37,14441,13744,6,400.45,4,0.76,168,0.92,6119,Travel,Delayed,Gold
4444,55,34246,96,10298,9197,5,487.25,20,0.5,15,0.98,175,Home,On-Time,Standard
4445,18,89400,5,35204,11074,7,315.61,7,0.09,6,0.07,4058,Food,On-Time,Standard
4446,33,65873,7,20507,4765,6,349.69,9,0.58,160,0.14,2797,Home,On-Time,Standard
4447,31,86297,27,11192,5357,7,223.02,2,0.04,44,0.95,4499,Home,On-Time,Gold
4448,46,46024,14,25938,14318,8,454.65,1,0.43,38,0.56,2156,Fashion,On-Time,Standard
4449,52,51597,94,24778,2461,3,351.65,5,0.44,162,0.71,638,Travel,On-Time,Platinum
4450,67,121953,7,10005,5077,6,321.79,10,0.86,81,0.38,2181,Fashion,On-Time,Gold
4451,37,32938,53,15323,8412,0,62.43,20,0.99,45,0.35,3721,Food,Delayed,Standard
4452,37,35889,5,23668,0,4,272.58,15,0.14,41,0.66,4046,Electronics,On-Time,Gold
4453,62,72936,28,25803,17006,7,497.79,8,0.7,159,0.7,1860,Home,Delayed,Gold
4454,49,44124,33,13903,14607,3,252.15,11,0.87,92,0.06,3357,Travel,On-Time,Standard
4455,64,39598,6,5077,12999,3,480.66,7,0.43,124,0.99,2432,Electronics,Late,Standard
4456,49,79203,39,21968,7274,7,491.65,2,0.33,158,0.68,1821,Fashion,On-Time,Standard
4457,27,20000,73,26852,18217,4,340.87,11,0.02,120,0.06,3324,Fashion,On-Time,Gold
4458,25,34681,12,19533,12862,3,185.04,12,0.56,98,0.06,4820,Food,On-Time,Gold
4459,21,157163,61,17551,16913,3,137.96,6,0.18,76,0.95,2375,Food,Delayed,Standard
4460,54,93379,85,32692,17321,3,295.76,9,0.07,40,0.29,2994,Fashion,Delayed,Gold
4461,62,45137,84,5000,6659,7,97.23,10,0.0,67,0.31,4601,Electronics,Delayed,Platinum
4462,72,91728,64,25789,3801,5,277.72,12,0.96,169,0.48,2449,Electronics,On-Time,Standard
4463,57,97693,40,26266,2967,5,345.97,17,0.86,147,0.2,7431,Travel,On-Time,Gold
4464,62,114776,41,13826,10421,8,247.55,13,0.96,157,0.04,349,Home,On-Time,Platinum
4465,36,69913,65,5000,0,6,117.7,13,0.94,92,0.32,3228,Food,On-Time,Platinum
4466,27,114059,92,26063,2501,4,412.49,16,0.63,172,0.15,1669,Food,On-Time,Standard
4467,57,20000,10,22574,5136,6,293.51,14,0.61,97,0.61,-911,Home,On-Time,Standard
4468,51,32747,100,31370,5658,6,171.67,8,0.85,62,0.12,3822,Travel,On-Time,Standard
4469,46,81554,49,15481,14175,7,57.06,1,0.95,88,0.96,1296,Electronics,On-Time,Platinum
4470,50,88185,70,21396,0,7,294.89,14,0.59,160,0.77,5268,Electronics,On-Time,Standard
4471,49,38528,34,6575,0,7,395.25,3,0.12,8,0.86,5016,Electronics,Delayed,Standard
4472,64,85376,93,25784,0,8,213.77,20,0.13,79,0.67,6363,Food,On-Time,Standard
4473,64,50046,79,7747,13677,4,347.46,14,0.66,136,0.92,4426,Electronics,On-Time,Platinum
4474,53,63921,78,19704,5927,4,408.06,2,0.08,14,0.41,2490,Food,On-Time,Gold
4475,57,115990,19,11673,5679,7,261.37,17,0.61,63,0.12,552,Home,Delayed,Gold
4476,52,111357,27,22703,22206,4,171.57,15,0.96,8,0.61,3479,Fashion,On-Time,Gold
4477,38,35117,36,18491,13063,5,236.21,10,0.0,177,0.82,3700,Food,On-Time,Gold
4478,56,32709,2,18174,4894,0,392.55,0,0.19,149,0.9,4294,Home,On-Time,Standard
4479,24,58553,92,19503,289,5,148.28,11,0.94,179,0.3,3036,Travel,On-Time,Standard
4480,60,73930,58,20256,23170,6,164.83,15,0.49,90,0.09,2068,Travel,On-Time,Gold
4481,27,48684,100,31245,11668,7,211.88,9,0.29,0,0.37,2031,Electronics,On-Time,Platinum
4482,49,116625,72,23776,6952,6,332.39,10,0.25,39,0.42,4571,Home,On-Time,Standard
4483,32,88895,26,14528,11375,6,158.35,9,0.86,87,0.1,4691,Travel,Delayed,Standard
4484,53,91243,31,15160,7082,4,272.75,11,0.43,34,0.42,2154,Fashion,On-Time,Standard
4485,44,24338,47,28110,13560,2,335.77,9,0.64,166,0.47,273,Home,On-Time,Standard
4486,21,121691,45,11433,0,5,284.79,0,0.31,89,0.67,2662,Home,On-Time,Standard
4487,51,20000,94,20097,7187,5,53.03,9,0.55,8,0.14,4800,Food,On-Time,Standard
4488,36,108362,46,6493,2603,4,275.1,19,0.8,49,0.43,4743,Home,On-Time,Standard
4489,58,112372,89,19063,9447,4,210.08,5,0.34,34,1.0,1098,Travel,Late,Platinum
4490,45,57703,39,11175,3308,5,70.63,9,0.4,35,0.31,-2241,Fashion,Delayed,Gold
4491,50,125916,2,14805,5807,6,461.83,15,0.44,168,0.22,2241,Home,On-Time,Standard
4492,30,72476,74,21513,6147,2,342.24,16,0.6,72,0.06,2900,Food,Delayed,Gold
4493,36,77497,28,24841,11807,4,461.02,20,0.3,120,0.09,2544,Fashion,On-Time,Standard
4494,38,88581,90,14280,7325,5,187.47,7,0.45,149,0.52,-3054,Fashion,Delayed,Standard
4495,57,200000,57,28978,2895,6,465.85,10,0.55,110,0.33,-1803,Fashion,Delayed,Standard
4496,70,128777,49,10523,12888,5,248.65,2,0.35,21,0.81,2163,Travel,On-Time,Platinum
4497,32,103045,9,26261,24599,2,195.5,12,0.01,7,0.02,-1035,Home,On-Time,Gold
4498,61,38487,60,16659,7498,7,428.73,19,0.27,116,0.78,2541,Fashion,Delayed,Gold
4499,18,80743,98,27644,19117,7,69.69,12,0.82,96,0.81,584,Food,On-Time,Standard
4500,27,42475,60,16649,0,7,379.24,12,0.28,96,0.17,5228,Travel,On-Time,Platinum
4501,30,107884,22,14437,4659,4,439.0,5,0.82,153,0.85,2468,Fashion,Delayed,Standard
4502,24,80618,5,24874,19065,5,442.1,10,0.41,121,0.11,4019,Electronics,On-Time,Gold
4503,21,30019,74,23530,11530,2,64.29,6,0.87,88,0.55,4645,Travel,On-Time,Gold
4504,51,78244,59,15669,4976,7,446.73,7,0.38,180,0.6,2001,Travel,On-Time,Gold
4505,41,41023,26,24334,15848,3,371.87,9,0.29,81,0.61,1990,Food,Delayed,Standard
4506,50,81048,54,18941,2750,2,430.47,7,0.24,57,0.51,3545,Electronics,On-Time,Standard
4507,55,40636,30,21178,10456,5,350.33,13,0.3,159,0.65,3425,Travel,Delayed,Standard
4508,48,76099,29,22697,16555,5,387.06,18,0.2,141,0.41,747,Travel,Delayed,Standard
4509,54,105018,66,8752,12552,2,327.88,16,0.75,173,1.0,3195,Home,On-Time,Standard
4510,43,72877,12,20021,27566,5,261.84,19,0.98,136,0.57,5420,Home,Delayed,Platinum
4511,27,59364,58,8299,6045,7,467.89,1,0.4,36,0.15,3611,Electronics,On-Time,Platinum
4512,60,83131,53,11608,14860,4,99.71,2,0.33,70,0.48,-217,Fashion,On-Time,Standard
4513,36,102887,20,19126,16158,6,78.69,6,0.64,178,0.88,4539,Electronics,On-Time,Standard
4514,30,30712,42,27820,8465,7,349.44,0,0.43,18,0.16,2505,Home,Delayed,Standard
4515,42,85426,10,18131,3462,4,353.12,12,0.05,16,0.57,2022,Electronics,On-Time,Standard
4516,31,127701,66,17164,18126,4,428.86,4,0.34,172,0.85,1019,Food,On-Time,Standard
4517,38,97946,37,16386,6462,4,341.84,9,0.8,85,0.66,3002,Travel,On-Time,Gold
4518,50,77310,94,23137,14505,4,89.41,13,0.07,180,0.21,1671,Fashion,Delayed,Gold
4519,50,100589,23,11046,12993,6,445.72,9,0.26,168,0.53,1761,Food,On-Time,Standard
4520,31,93099,50,8757,10879,8,94.61,1,0.97,175,0.66,-1996,Home,On-Time,Gold
4521,37,105144,75,30819,19434,6,252.25,11,0.28,98,0.03,4180,Home,On-Time,Standard
4522,61,20000,60,23313,12353,8,333.21,14,0.85,73,0.62,3841,Home,Delayed,Standard
4523,52,20000,45,14385,14394,5,334.57,3,0.9,104,0.75,3870,Fashion,On-Time,Gold
4524,76,115193,42,14863,12829,4,251.65,13,0.68,49,0.55,3672,Food,On-Time,Platinum
4525,62,20000,26,15553,10533,5,198.73,20,0.47,1,0.44,6773,Home,Delayed,Platinum
4526,62,91061,84,9555,7332,3,185.51,20,0.96,52,0.55,3418,Travel,On-Time,Gold
4527,24,60918,88,17493,9863,6,488.06,7,0.96,69,0.04,4227,Electronics,On-Time,Standard
4528,56,35152,29,20180,14323,7,203.02,17,0.64,155,0.43,3386,Fashion,Late,Standard
4529,44,88985,93,30843,13295,2,311.57,13,0.75,76,0.15,1178,Fashion,On-Time,Standard
4530,36,83041,62,20846,14180,3,310.44,20,0.88,101,0.73,3820,Electronics,On-Time,Standard
4531,47,159413,9,25936,36433,4,306.88,3,0.11,117,0.87,1814,Home,On-Time,Gold
4532,59,50007,2,17669,6492,2,329.55,0,0.57,5,0.69,1389,Fashion,On-Time,Platinum
4533,52,132604,76,16330,0,5,168.1,13,0.86,104,0.47,5054,Travel,Late,Standard
4534,31,89096,59,19950,7136,1,202.36,16,0.91,122,0.07,1095,Electronics,On-Time,Platinum
4535,56,48559,26,26848,7507,3,81.71,15,1.0,96,0.44,2906,Food,Delayed,Standard
4536,35,106969,81,15209,13078,2,306.96,1,0.73,21,0.9,4893,Home,On-Time,Standard
4537,48,97629,44,21778,8233,6,157.5,12,0.21,7,0.21,2503,Fashion,On-Time,Standard
4538,40,76433,61,21560,15123,3,127.15,5,0.63,1,0.79,3454,Food,On-Time,Gold
4539,41,85651,23,19803,4628,3,425.02,13,0.99,62,0.32,2926,Electronics,On-Time,Standard
4540,56,51120,45,26903,14043,7,311.85,4,0.59,19,0.93,2757,Electronics,On-Time,Standard
4541,29,41968,77,20336,0,9,301.23,11,0.39,137,0.71,1144,Fashion,On-Time,Gold
4542,74,105377,43,18873,9963,2,120.2,12,0.27,29,0.42,2180,Travel,Delayed,Platinum
4543,18,66042,62,19572,4322,4,250.16,15,0.35,159,0.04,1511,Travel,On-Time,Standard
4544,36,71796,3,5000,7475,5,299.83,6,0.74,158,0.11,-1500,Fashion,On-Time,Standard
4545,50,86192,15,18729,0,7,247.1,11,0.21,74,0.75,2584,Travel,On-Time,Standard
4546,53,85611,50,11478,15993,5,290.24,14,0.64,76,0.87,1631,Home,On-Time,Standard
4547,43,20000,73,18346,7328,5,56.7,16,0.63,54,0.89,1884,Home,On-Time,Standard
4548,44,126450,100,19809,9221,4,139.79,4,0.26,149,0.93,6368,Food,Delayed,Standard
4549,51,79847,90,23668,12917,3,147.58,11,0.5,39,0.63,5499,Fashion,On-Time,Standard
4550,41,66893,47,36111,4883,8,220.16,7,0.87,72,0.13,911,Fashion,Delayed,Platinum
4551,65,92233,64,30759,6550,6,473.34,8,0.8,174,0.06,4047,Electronics,On-Time,Standard
4552,57,84461,68,19915,0,10,293.54,11,0.59,85,0.22,1625,Travel,On-Time,Standard
4553,58,105682,76,24469,7733,8,165.36,13,0.67,152,0.26,172,Travel,Delayed,Standard
4554,30,96519,44,16796,20793,4,372.51,7,0.04,18,0.92,2234,Home,On-Time,Gold
4555,43,103713,2,21533,11911,4,148.47,19,0.09,103,0.78,906,Food,Late,Gold
4556,40,129039,16,21710,0,6,120.93,8,0.37,98,0.41,5361,Food,On-Time,Gold
4557,29,110344,82,12156,12965,7,184.06,14,0.38,18,0.41,1762,Electronics,On-Time,Platinum
4558,50,68580,36,16313,18964,5,181.75,2,0.3,165,0.03,4900,Travel,On-Time,Standard
4559,36,30083,4,6420,2923,4,239.6,20,0.65,162,0.94,379,Home,On-Time,Standard
4560,54,141711,46,18596,8491,8,371.45,0,0.61,82,0.31,-407,Fashion,On-Time,Standard
4561,28,65491,43,19712,8709,8,310.52,5,0.68,130,0.04,2873,Travel,On-Time,Platinum
4562,70,56075,87,19416,10850,8,271.63,15,0.23,151,0.21,-3182,Travel,Delayed,Standard
4563,31,20000,32,11988,10797,9,476.82,9,0.0,88,0.23,2474,Electronics,On-Time,Standard
4564,48,88538,20,19361,14422,5,64.52,13,0.97,76,0.97,5680,Food,On-Time,Standard
4565,56,80955,66,21297,9113,2,231.8,7,0.77,116,0.32,1691,Electronics,On-Time,Standard
4566,36,20000,67,23692,18634,5,358.19,1,0.46,130,0.88,2886,Travel,On-Time,Standard
4567,57,93130,31,22147,0,2,194.19,0,0.04,124,0.65,2317,Fashion,Late,Standard
4568,26,55072,23,17497,1953,8,263.95,6,0.2,5,0.4,734,Home,Delayed,Gold
4569,66,182612,34,18865,20406,2,63.54,15,0.05,63,0.33,1998,Food,On-Time,Gold
4570,45,52225,17,22046,6659,6,141.46,17,0.48,32,0.36,4108,Travel,On-Time,Standard
4571,36,57592,66,16604,13894,1,86.7,19,0.22,110,0.36,6378,Fashion,On-Time,Standard
4572,40,40008,53,13175,9084,11,486.78,2,0.54,169,0.67,4078,Travel,Delayed,Standard
4573,57,126115,25,16973,16615,4,384.97,12,0.06,67,0.47,3282,Food,On-Time,Standard
4574,36,60088,59,23094,12892,6,344.01,2,0.71,26,0.81,3127,Fashion,On-Time,Standard
4575,33,46003,87,25772,28464,4,50.95,0,0.1,30,0.83,3688,Food,On-Time,Platinum
4576,41,103278,64,27456,9831,10,259.93,12,0.31,138,0.95,1877,Fashion,On-Time,Gold
4577,27,20000,50,13215,7076,5,368.64,14,0.65,46,0.09,3325,Fashion,Delayed,Standard
4578,72,100004,97,35400,18946,2,323.73,2,0.11,95,0.71,4154,Travel,Delayed,Gold
4579,36,146255,59,14344,14758,1,281.49,4,0.98,137,0.35,-1336,Home,On-Time,Standard
4580,57,97664,58,18183,4334,7,423.2,12,0.19,52,0.36,-43,Travel,On-Time,Standard
4581,48,100515,75,29518,16117,3,200.85,1,0.04,109,0.51,3750,Home,Late,Gold
4582,30,109802,16,6667,11418,6,427.5,1,0.67,112,0.98,2109,Home,On-Time,Standard
4583,44,143388,84,21044,10609,6,224.73,9,0.38,70,0.53,-1609,Fashion,On-Time,Standard
4584,56,123395,20,17695,13054,6,311.28,19,0.97,78,0.3,3791,Home,On-Time,Standard
4585,42,92586,66,8839,15678,5,283.93,6,0.09,131,0.1,2395,Electronics,Delayed,Gold
4586,62,111155,27,8958,11330,8,234.73,3,0.36,149,0.55,3390,Home,On-Time,Standard
4587,60,39562,88,28977,8154,4,169.9,10,0.59,145,0.51,-638,Travel,On-Time,Gold
4588,58,106051,43,24128,24620,4,251.73,1,0.54,34,0.45,3420,Travel,On-Time,Standard
4589,38,34777,69,27586,9718,4,104.59,18,0.49,30,0.48,1194,Fashion,On-Time,Standard
4590,28,60319,61,11681,19358,6,204.86,20,0.38,91,0.22,6507,Electronics,On-Time,Gold
4591,35,20000,41,22302,6064,6,310.89,14,0.83,52,0.36,275,Food,On-Time,Gold
4592,47,91057,93,38060,4078,11,77.77,16,0.14,100,0.48,2373,Food,On-Time,Gold
4593,53,49245,95,18103,16790,7,384.6,4,0.5,2,0.05,209,Food,On-Time,Standard
4594,18,119445,21,20403,8224,2,305.35,7,0.57,99,0.22,3406,Fashion,On-Time,Standard
4595,44,90607,37,20088,0,4,484.25,10,0.88,42,0.59,4220,Fashion,On-Time,Standard
4596,47,119963,13,19125,8564,9,90.91,8,0.28,33,0.8,3550,Food,On-Time,Standard
4597,40,31656,97,13764,13549,2,152.02,5,0.27,74,0.94,3149,Travel,Delayed,Gold
4598,64,116535,25,20350,5125,5,292.16,11,0.81,76,0.9,4810,Home,On-Time,Standard
4599,51,159234,39,33021,4265,6,268.26,8,0.28,24,0.35,415,Fashion,On-Time,Gold
4600,64,105566,53,19596,11353,8,274.28,13,0.05,6,0.13,1631,Travel,On-Time,Standard
4601,41,106613,12,29768,2012,6,203.82,14,0.52,90,0.23,4480,Fashion,On-Time,Standard
4602,59,81783,93,42849,12149,4,439.74,20,0.76,76,0.77,1921,Home,On-Time,Gold
4603,69,54013,18,13491,17248,4,73.1,14,0.15,62,0.18,-443,Food,On-Time,Gold
4604,64,105447,41,24322,19104,2,442.54,1,0.76,160,0.92,630,Home,On-Time,Standard
4605,28,20000,40,10685,5442,5,399.32,18,0.35,21,0.67,3329,Home,Late,Standard
4606,41,58289,49,18874,22457,5,404.81,4,0.95,34,0.43,834,Fashion,Delayed,Standard
4607,39,20000,2,39960,14111,11,459.64,5,0.09,116,0.56,2456,Travel,On-Time,Gold
4608,52,46853,30,25175,5298,5,305.0,11,0.32,122,0.42,371,Home,On-Time,Gold
4609,55,100681,75,22451,7048,3,439.63,13,0.21,128,0.71,2293,Travel,Delayed,Gold
4610,32,95215,14,10538,5110,6,232.3,0,0.9,59,0.04,1000,Electronics,On-Time,Standard
4611,46,77036,53,15159,0,6,357.92,17,0.28,63,0.01,1832,Home,On-Time,Standard
4612,18,81816,52,13316,19946,2,187.16,5,0.27,175,0.15,2455,Food,On-Time,Standard
4613,66,20000,44,11761,11517,2,412.88,6,0.7,176,0.19,2721,Food,On-Time,Standard
4614,37,60097,37,26630,14549,4,65.61,8,0.95,6,0.78,4306,Electronics,On-Time,Gold
4615,45,47745,77,25518,10696,8,430.39,18,0.59,168,0.47,1120,Electronics,Delayed,Gold
4616,40,48637,98,18681,0,3,102.89,14,0.94,50,0.87,1483,Electronics,Late,Platinum
4617,62,98983,79,15628,12420,5,120.16,14,0.66,69,0.31,-675,Electronics,Late,Gold
4618,18,40579,49,25809,16692,6,390.47,0,0.2,174,0.39,3957,Fashion,On-Time,Standard
4619,44,50812,23,33476,16644,7,156.55,13,0.74,93,0.91,2532,Home,On-Time,Standard
4620,43,20000,16,27930,17646,4,271.1,16,0.3,170,0.32,-176,Travel,Late,Standard
4621,38,63235,17,20874,10352,6,274.38,9,0.31,34,0.52,3499,Travel,On-Time,Gold
4622,70,31486,41,27376,0,8,218.86,16,0.81,34,0.9,6313,Electronics,On-Time,Standard
4623,31,78168,16,27745,14752,3,469.64,19,0.26,74,0.92,5928,Food,On-Time,Platinum
4624,56,36955,15,21221,10500,1,303.74,18,0.33,130,0.98,4403,Home,On-Time,Gold
4625,50,79181,84,21214,23962,4,372.67,20,0.99,174,0.25,2162,Fashion,On-Time,Gold
4626,63,69212,87,15777,23265,5,450.63,19,0.17,37,0.31,1871,Food,On-Time,Standard
4627,34,141881,97,26628,17702,4,326.63,0,0.63,81,0.26,4164,Travel,Delayed,Standard
4628,34,94888,51,18651,363,6,362.68,3,0.39,153,0.95,3848,Travel,On-Time,Gold
4629,61,20000,35,12166,2239,5,249.07,11,0.32,88,0.24,2720,Home,Delayed,Gold
4630,51,24404,90,12443,13656,5,497.95,0,0.13,23,0.26,1528,Home,On-Time,Standard
4631,21,77208,38,19677,1842,10,399.16,18,0.53,168,0.41,5384,Fashion,On-Time,Standard
4632,36,37806,80,12437,16189,9,484.3,10,0.57,82,0.67,879,Electronics,On-Time,Standard
4633,50,20000,24,41757,16479,5,107.26,9,0.69,112,0.85,8410,Fashion,On-Time,Standard
4634,57,128981,41,23900,20926,8,60.3,7,0.79,52,0.7,5556,Travel,Delayed,Standard
4635,34,103808,20,16050,17652,7,285.57,17,0.41,70,0.98,-682,Travel,On-Time,Gold
4636,18,95839,67,21472,7289,2,379.18,16,0.54,138,0.94,3501,Fashion,On-Time,Standard
4637,52,50707,88,25886,9548,8,424.84,9,0.07,97,0.66,3124,Food,On-Time,Gold
4638,26,92107,58,21742,4069,5,431.97,15,0.42,163,0.74,1676,Electronics,Late,Gold
4639,18,46825,29,12317,11870,5,179.14,0,0.13,72,0.4,-583,Electronics,On-Time,Platinum
4640,18,83194,56,19120,0,8,391.61,6,0.0,133,0.81,2945,Home,On-Time,Gold
4641,57,38176,32,18082,7949,4,120.81,9,0.06,134,0.31,2016,Electronics,Delayed,Gold
4642,46,135651,89,16363,14893,3,283.68,16,0.02,92,0.56,5921,Home,On-Time,Standard
4643,41,20000,88,13370,14315,5,155.93,4,0.39,39,0.68,4509,Electronics,Delayed,Standard
4644,65,124291,52,27004,16073,1,154.26,8,0.38,11,0.76,3188,Electronics,On-Time,Gold
4645,54,76556,15,23768,2584,6,184.87,15,0.2,157,0.08,2404,Travel,On-Time,Platinum
4646,69,55421,48,23705,1012,6,188.33,9,0.47,75,0.85,2959,Electronics,Delayed,Gold
4647,24,81680,87,5180,14172,7,200.67,4,0.08,81,0.12,4399,Travel,Delayed,Standard
4648,44,104333,4,16809,3317,3,461.02,2,0.29,142,0.18,3078,Home,On-Time,Gold
4649,20,129669,76,29998,1800,2,359.09,10,0.05,128,0.76,6123,Fashion,On-Time,Standard
4650,41,87525,93,23144,11499,7,51.98,1,0.01,180,0.71,5067,Food,On-Time,Gold
4651,41,39372,59,10690,9811,3,230.64,20,0.59,54,0.96,4914,Fashion,On-Time,Standard
4652,54,77225,70,33335,26719,9,124.27,6,0.72,114,0.77,4854,Travel,On-Time,Gold
4653,45,147671,80,5000,12603,5,374.55,13,0.26,149,0.63,-1388,Travel,On-Time,Standard
4654,54,128907,54,21020,11212,4,492.14,16,0.69,111,0.39,2585,Electronics,On-Time,Standard
4655,55,111350,90,33725,6092,7,274.46,1,0.63,88,0.34,2551,Travel,On-Time,Gold
4656,77,106827,34,7455,15788,6,491.45,2,0.78,55,0.95,3417,Home,On-Time,Standard
4657,40,102978,68,16188,9788,8,174.15,4,0.21,5,0.66,5046,Travel,Late,Gold
4658,30,121350,41,8752,6367,4,311.47,18,0.48,2,0.79,5620,Fashion,Delayed,Standard
4659,48,56734,68,31292,8541,2,295.32,15,0.21,173,0.28,-1420,Electronics,Delayed,Standard
4660,32,20796,23,13446,7662,3,408.17,16,0.87,173,0.04,3980,Home,Delayed,Standard
4661,67,77760,70,27953,9439,3,167.63,16,0.65,133,0.04,7076,Home,On-Time,Standard
4662,40,42296,70,31111,25777,6,166.62,8,0.09,8,0.95,2216,Food,Late,Standard
4663,36,32799,54,9719,14491,6,209.67,13,0.37,47,0.86,2935,Home,On-Time,Standard
4664,37,46188,13,8035,8712,8,312.85,20,0.04,139,0.22,3036,Electronics,Late,Standard
4665,55,174412,54,23833,9601,5,110.93,8,0.98,67,0.15,990,Food,On-Time,Standard
4666,42,80444,14,26204,239,5,479.71,1,0.82,0,0.05,2455,Electronics,On-Time,Platinum
4667,35,89476,4,19435,0,7,257.28,19,0.35,40,0.86,5497,Food,Delayed,Standard
4668,69,26105,100,20204,15216,5,276.51,0,0.38,26,0.46,4531,Food,On-Time,Standard
4669,32,20000,3,31838,15076,6,234.83,5,0.37,167,0.34,1888,Food,On-Time,Standard
4670,45,42237,29,18080,12837,9,224.27,16,0.66,171,0.61,3513,Electronics,On-Time,Gold
4671,54,132527,83,31011,20404,7,255.36,15,0.35,111,0.76,-186,Electronics,On-Time,Standard
4672,20,88371,52,15389,11533,4,159.08,1,0.21,20,0.92,-1357,Food,On-Time,Gold
4673,52,98943,89,39180,15712,6,116.55,15,0.27,167,0.7,5623,Electronics,On-Time,Platinum
4674,29,104542,72,12921,9484,3,246.35,17,0.8,31,0.06,4357,Travel,On-Time,Gold
4675,57,51346,29,29473,0,7,354.41,16,0.1,76,0.3,4618,Travel,Delayed,Standard
4676,30,130518,85,12268,18162,2,210.4,6,0.43,50,0.93,2725,Fashion,On-Time,Gold
4677,55,49687,93,26292,3210,3,98.6,8,0.4,0,0.55,2378,Travel,On-Time,Gold
4678,61,131249,83,19938,11810,6,285.78,11,0.56,121,0.97,555,Food,On-Time,Platinum
4679,57,92692,91,22223,5077,3,285.83,14,0.06,53,0.98,3496,Fashion,On-Time,Gold
4680,48,20000,60,25325,11863,3,126.01,7,0.03,1,0.55,3539,Electronics,On-Time,Standard
4681,41,45079,70,21967,21688,7,204.39,17,0.69,151,0.64,4403,Fashion,Late,Gold
4682,36,20000,67,21262,14186,2,405.19,19,0.52,76,0.29,4511,Food,On-Time,Standard
4683,67,121531,91,5135,15702,2,64.47,19,0.12,175,0.68,2999,Food,On-Time,Standard
4684,34,74010,54,31028,8771,4,92.77,3,0.39,64,0.83,3378,Home,On-Time,Standard
4685,29,20000,98,32232,8002,5,365.3,0,0.52,100,0.29,3736,Travel,On-Time,Standard
4686,54,90029,96,19147,7888,5,307.62,12,0.35,3,0.9,1719,Travel,On-Time,Standard
4687,33,53513,70,24456,15349,3,310.47,8,0.11,122,0.26,1675,Fashion,On-Time,Gold
4688,30,20000,72,30927,10209,5,255.96,1,0.15,8,0.65,2636,Fashion,Delayed,Platinum
4689,23,142118,97,24810,14840,3,88.65,0,0.25,101,0.94,1569,Travel,On-Time,Standard
4690,37,79291,41,15747,8759,6,73.81,5,0.0,97,0.38,4699,Food,On-Time,Standard
4691,43,63262,97,10391,17106,5,195.87,14,0.73,177,0.62,4693,Electronics,Delayed,Standard
4692,48,59023,76,25075,14866,6,75.5,17,0.69,161,0.03,3571,Food,Delayed,Gold
4693,59,20000,28,21112,10787,1,304.37,11,0.88,74,0.81,7783,Electronics,Late,Standard
4694,52,22818,34,19956,14769,5,355.56,1,0.11,45,0.44,6527,Home,On-Time,Standard
4695,42,126396,44,13905,17234,4,328.22,2,0.62,103,0.75,-323,Fashion,Late,Standard
4696,42,56044,73,17272,22974,3,378.2,3,0.72,109,0.83,5545,Home,On-Time,Gold
4697,52,75882,93,22693,5089,1,478.43,12,0.61,130,0.45,2535,Food,On-Time,Platinum
4698,64,20000,89,17644,16173,6,485.35,4,0.36,29,0.71,4325,Fashion,On-Time,Standard
4699,46,22276,98,20262,14807,6,178.47,12,0.33,79,0.47,1710,Home,Delayed,Standard
4700,37,99392,91,19751,16484,13,181.23,0,0.14,59,0.94,3544,Electronics,Delayed,Standard
4701,30,90108,28,25258,6740,6,384.52,20,0.97,20,0.93,888,Home,On-Time,Standard
4702,23,145135,69,8508,10721,10,495.5,17,0.11,66,0.63,1600,Home,Late,Standard
4703,54,128718,2,17151,6710,5,235.79,5,0.68,167,0.86,3408,Food,Late,Standard
4704,53,65771,92,11185,12457,3,133.39,3,0.89,43,0.61,5982,Fashion,On-Time,Gold
4705,53,93918,56,21244,3954,5,377.95,3,0.9,149,0.83,427,Fashion,On-Time,Standard
4706,43,62335,65,13519,19541,3,223.38,4,0.92,13,0.21,1754,Home,On-Time,Gold
4707,66,157192,21,27515,10971,2,86.01,0,0.66,124,0.49,3703,Home,Late,Gold
4708,37,120960,26,16710,22076,5,386.89,9,0.13,129,0.24,409,Food,Delayed,Standard
4709,59,81787,21,15390,5379,9,233.66,7,0.52,126,0.92,6577,Electronics,On-Time,Gold
4710,44,83015,73,13333,11409,3,316.11,20,0.44,68,0.68,2700,Food,On-Time,Standard
4711,35,132794,48,22008,10720,1,361.36,16,0.67,110,0.86,6730,Electronics,On-Time,Gold
4712,53,98183,82,9845,14658,4,419.39,16,0.46,170,0.0,-1175,Home,On-Time,Platinum
4713,51,137345,23,19255,15306,7,329.65,7,0.82,166,0.52,1388,Home,Delayed,Standard
4714,50,20000,26,19069,686,2,471.16,13,0.41,68,0.28,3279,Fashion,On-Time,Platinum
4715,46,93449,35,15823,18315,6,268.16,20,0.75,93,0.82,1946,Home,On-Time,Gold
4716,44,54382,16,21751,16242,6,288.63,15,0.95,17,0.7,-627,Travel,On-Time,Standard
4717,80,145255,55,16296,0,2,186.84,11,0.73,72,0.44,830,Food,On-Time,Gold
4718,62,136855,9,22276,20085,8,109.35,8,0.76,1,0.68,1148,Food,Late,Standard
4719,55,76313,53,15640,1161,2,332.84,3,0.71,109,0.59,3531,Home,Late,Gold
4720,46,136425,80,14049,11941,4,181.67,3,0.84,31,0.13,2394,Electronics,Late,Standard
4721,60,146324,73,22046,7930,4,371.38,20,0.29,91,0.8,3489,Food,On-Time,Standard
4722,52,77976,73,26456,8737,7,329.3,17,0.99,57,0.43,5179,Travel,On-Time,Standard
4723,45,173877,37,42853,7599,5,176.59,20,0.8,159,0.0,4732,Travel,Late,Platinum
4724,40,73746,80,17277,13665,9,300.83,16,0.76,64,0.24,5309,Food,Late,Gold
4725,43,66419,89,26178,3796,8,494.76,15,0.09,74,0.2,3703,Travel,On-Time,Gold
4726,18,109634,89,16443,16585,8,447.05,8,0.33,44,0.65,2612,Food,On-Time,Gold
4727,48,60848,97,26050,13747,4,237.56,15,0.25,143,0.51,641,Food,On-Time,Standard
4728,37,78413,3,30416,8869,5,359.33,1,0.11,87,0.74,2277,Food,Late,Standard
4729,68,131377,49,21029,16146,7,132.49,5,0.91,159,0.5,2686,Fashion,On-Time,Gold
4730,45,75768,90,25691,6445,4,54.57,17,0.61,56,0.38,3499,Home,On-Time,Standard
4731,27,20000,60,23559,9712,8,427.79,4,0.9,162,0.28,3206,Travel,On-Time,Standard
4732,44,89692,20,20088,0,5,236.37,17,0.53,144,0.78,5637,Travel,Late,Gold
4733,29,47148,35,16584,6093,5,131.68,4,0.91,149,0.18,5704,Travel,On-Time,Gold
4734,52,109610,45,17195,3872,6,191.88,0,0.93,104,0.45,1184,Food,On-Time,Gold
4735,49,102847,94,9418,0,6,465.18,0,0.65,64,1.0,3033,Food,On-Time,Standard
4736,59,133856,70,28301,8908,1,451.57,0,0.5,47,0.59,4566,Home,On-Time,Platinum
4737,33,111301,43,34970,9203,13,342.92,11,0.22,124,0.18,746,Fashion,On-Time,Standard
4738,45,118609,63,8721,12078,1,91.43,11,0.91,166,0.22,2906,Food,On-Time,Gold
4739,24,48236,97,28304,14041,5,373.1,4,0.78,131,0.71,6392,Food,On-Time,Gold
4740,55,107159,17,19644,8417,3,450.56,11,0.34,19,0.27,4365,Electronics,Delayed,Gold
4741,52,153738,87,14880,13484,6,463.54,20,0.67,27,0.04,613,Travel,On-Time,Standard
4742,52,47454,12,21145,16266,2,223.87,12,0.61,128,0.85,4914,Food,On-Time,Gold
4743,45,146989,12,13575,17685,3,126.22,9,0.11,70,0.21,2574,Travel,Late,Standard
4744,51,53025,24,21873,14046,4,482.41,13,0.93,37,0.56,1810,Home,Delayed,Platinum
4745,69,40921,4,17650,13419,4,414.7,16,0.01,93,0.21,4936,Home,On-Time,Platinum
4746,40,86848,38,17250,3106,4,244.71,9,0.83,50,0.09,4819,Fashion,On-Time,Standard
4747,47,103636,28,29413,15663,5,334.43,15,0.51,49,0.97,736,Home,On-Time,Gold
4748,28,111470,56,6000,3056,12,228.89,7,0.83,19,0.03,3527,Fashion,On-Time,Standard
4749,31,36529,45,15458,12256,7,255.76,11,0.56,86,0.84,4495,Fashion,On-Time,Gold
4750,46,92381,32,5000,14642,3,197.51,12,0.15,15,0.94,-380,Fashion,On-Time,Standard
4751,61,47577,87,21047,13018,4,75.03,5,0.47,20,0.5,3853,Food,On-Time,Standard
4752,41,20000,9,16040,0,3,498.7,15,0.88,52,0.17,314,Fashion,On-Time,Gold
4753,41,37850,57,14227,15635,6,157.79,17,0.23,113,0.16,2750,Electronics,Delayed,Standard
4754,38,44963,24,22262,20562,3,180.54,20,0.12,144,0.18,2314,Food,On-Time,Standard
4755,36,95863,73,24893,0,4,196.23,2,0.41,35,0.16,-165,Electronics,On-Time,Platinum
4756,49,121088,38,29461,11241,5,159.93,8,0.81,48,0.88,930,Electronics,Late,Standard
4757,22,20000,15,43446,8683,7,196.61,8,0.71,65,0.71,1442,Food,Late,Gold
4758,64,89078,59,15444,10319,4,304.99,16,1.0,86,0.31,3758,Home,On-Time,Standard
4759,35,27932,27,14602,18989,4,85.61,6,0.88,4,0.07,3058,Electronics,Delayed,Gold
4760,55,100163,75,20036,11683,7,82.19,20,0.17,114,0.83,4736,Electronics,Delayed,Gold
4761,25,50090,43,20696,3148,6,257.92,11,0.79,168,0.38,3519,Fashion,On-Time,Standard
4762,55,32946,57,33867,5345,3,363.48,0,0.72,57,0.87,1213,Fashion,Late,Standard
4763,55,106986,31,24173,4577,5,147.81,6,0.2,161,0.31,496,Electronics,On-Time,Standard
4764,50,51523,62,12445,0,8,284.08,4,0.78,80,0.48,1618,Fashion,On-Time,Gold
4765,30,62361,92,11994,6156,8,248.21,19,0.24,20,0.19,3422,Fashion,On-Time,Standard
4766,48,20000,44,25450,14731,6,253.51,0,0.46,67,0.33,5067,Travel,On-Time,Platinum
4767,27,112862,52,18338,12331,6,365.72,20,0.28,116,0.69,5948,Fashion,On-Time,Standard
4768,41,107836,60,31326,11199,6,318.71,8,0.45,58,0.58,4127,Home,On-Time,Standard
4769,60,75218,49,24123,7978,4,261.32,15,0.3,153,0.79,3035,Home,Late,Standard
4770,56,20000,26,11643,9486,8,171.66,7,0.66,59,0.09,1300,Fashion,On-Time,Gold
4771,45,123374,25,10593,13778,2,313.37,1,0.8,88,0.99,1453,Home,Delayed,Standard
4772,30,48349,2,22760,15939,7,111.82,5,0.02,25,0.72,1551,Fashion,On-Time,Standard
4773,54,56865,89,17267,12099,5,237.16,15,0.4,40,0.03,1012,Food,On-Time,Gold
4774,45,167481,38,29115,2398,8,110.63,0,0.15,58,0.3,-128,Travel,On-Time,Platinum
4775,18,46854,64,22715,6996,5,193.16,20,0.02,154,0.2,3813,Electronics,On-Time,Standard
4776,56,104688,34,22556,13058,4,336.54,4,0.98,47,0.37,3318,Travel,On-Time,Standard
4777,44,97483,52,10166,5349,7,404.05,12,0.67,178,0.99,4754,Fashion,On-Time,Gold
4778,63,90606,90,16182,5679,7,156.02,2,0.45,84,0.14,2720,Fashion,On-Time,Standard
4779,28,86280,45,19622,14897,7,338.82,13,0.43,36,0.85,3832,Fashion,Delayed,Gold
4780,18,90055,67,5004,15538,7,173.01,7,0.84,144,0.92,5240,Food,Delayed,Standard
4781,49,85877,82,24984,3279,4,236.97,20,0.57,39,0.44,2685,Home,On-Time,Gold
4782,49,72923,21,26828,525,4,461.45,16,0.75,177,0.51,3338,Food,On-Time,Standard
4783,19,135451,59,15764,1538,8,95.51,18,0.92,137,0.43,1540,Fashion,On-Time,Standard
4784,30,22493,5,30148,14682,2,492.77,13,0.88,159,0.43,980,Travel,On-Time,Gold
4785,80,115858,51,29797,4092,11,339.08,8,0.09,142,0.96,3435,Home,On-Time,Platinum
4786,40,107893,72,24190,6245,2,324.03,6,0.49,108,0.2,2833,Electronics,On-Time,Gold
4787,55,102935,74,19513,1367,4,146.52,20,0.63,28,0.98,2440,Travel,On-Time,Standard
4788,35,119679,85,27966,10100,5,137.56,13,0.46,6,0.84,2625,Fashion,Delayed,Standard
4789,18,71296,72,8078,8352,4,465.31,0,0.29,98,0.7,1316,Food,On-Time,Standard
4790,42,20000,28,20598,13102,4,122.12,11,0.92,81,0.01,524,Travel,On-Time,Platinum
4791,41,72108,42,13245,12397,5,127.27,3,0.9,25,0.69,3459,Food,On-Time,Gold
4792,39,35352,73,14697,0,5,365.14,14,0.84,97,0.2,2544,Food,On-Time,Standard
4793,43,45725,33,23599,12468,3,366.99,0,0.93,48,0.02,3138,Electronics,On-Time,Standard
4794,48,25303,30,13565,9395,5,229.27,7,0.74,155,0.99,4740,Home,On-Time,Gold
4795,42,55906,85,7757,18623,4,458.39,14,0.39,89,0.91,1642,Electronics,On-Time,Gold
4796,26,51135,45,37763,4235,6,463.65,5,0.5,54,0.43,2309,Home,On-Time,Standard
4797,52,20000,3,15164,13848,3,428.62,1,0.82,33,0.73,1812,Travel,On-Time,Gold
4798,18,103008,1,13248,10635,1,57.23,12,0.91,55,0.92,4175,Home,On-Time,Gold
4799,18,163812,4,29554,4012,2,185.96,6,0.67,149,0.24,543,Travel,Delayed,Standard
4800,56,99249,45,15183,17455,7,180.66,1,0.58,23,0.93,5421,Fashion,On-Time,Platinum
4801,52,66883,78,9842,12807,7,79.52,0,0.89,131,0.35,6093,Food,On-Time,Standard
4802,44,72810,18,12676,7601,3,451.89,7,0.75,96,0.73,2392,Fashion,On-Time,Standard
4803,24,58160,37,16550,3932,4,496.67,15,0.91,95,0.06,1052,Electronics,On-Time,Standard
4804,34,78601,58,11433,18082,6,114.51,10,0.88,143,0.39,1633,Home,On-Time,Platinum
4805,41,73519,78,13336,16013,4,178.37,6,0.33,25,0.47,3641,Home,Late,Gold
4806,21,41358,71,16420,10077,7,62.02,6,0.13,159,0.02,5247,Electronics,Delayed,Standard
4807,33,142315,19,27772,9890,7,101.95,19,0.7,139,0.81,2698,Food,On-Time,Standard
4808,54,20000,75,36577,2151,5,274.79,1,0.93,13,0.22,1813,Fashion,On-Time,Standard
4809,66,103733,67,28871,19597,4,215.56,12,0.91,146,0.89,3294,Fashion,On-Time,Gold
4810,38,70952,52,18177,2186,8,240.68,3,0.92,47,0.81,-1756,Food,On-Time,Gold
4811,56,151033,54,8715,16334,4,349.77,13,0.87,145,0.77,1695,Food,On-Time,Gold
4812,18,88634,38,25611,24140,7,93.96,8,0.44,119,0.69,2475,Fashion,On-Time,Standard
4813,54,60603,35,11814,4622,5,431.49,17,0.94,161,0.43,1587,Fashion,On-Time,Gold
4814,32,65091,57,17044,6519,8,439.52,3,0.64,108,0.05,2874,Food,Late,Standard
4815,49,76596,14,32927,4478,6,123.34,13,0.83,159,0.95,5187,Home,Delayed,Standard
4816,41,29288,0,33635,18689,4,335.67,20,0.3,71,0.53,2001,Home,On-Time,Standard
4817,64,44325,94,21425,10906,5,360.66,6,0.5,125,0.77,2636,Home,On-Time,Platinum
4818,31,20000,8,29815,0,6,128.2,3,0.12,100,0.64,4491,Home,On-Time,Standard
4819,54,38080,22,29532,2442,5,218.65,2,0.15,152,0.85,3052,Electronics,On-Time,Standard
4820,40,78756,51,25259,14643,8,361.52,16,0.81,173,0.72,-843,Fashion,On-Time,Standard
4821,42,87007,25,17828,4857,3,352.87,7,0.94,160,0.36,1669,Home,On-Time,Standard
4822,42,20000,59,15554,0,8,427.41,19,0.53,45,0.88,2244,Electronics,Delayed,Gold
4823,32,69511,17,20355,13937,5,109.63,8,0.49,74,0.2,74,Electronics,On-Time,Standard
4824,44,97536,96,9734,12584,8,195.29,0,0.94,62,0.4,787,Electronics,Delayed,Standard
4825,44,68483,77,16182,4689,3,388.78,16,0.83,138,0.47,4595,Food,On-Time,Standard
4826,48,49648,57,24786,7548,10,161.93,2,0.18,176,0.96,2996,Fashion,On-Time,Standard
4827,46,58513,64,14960,7685,7,291.69,13,0.04,148,0.36,658,Food,On-Time,Standard
4828,56,53369,76,32356,8642,4,111.78,13,0.95,148,0.5,6020,Fashion,On-Time,Gold
4829,58,49530,78,21969,19555,3,120.67,11,0.54,50,0.42,1617,Fashion,On-Time,Platinum
4830,29,81952,100,26261,15174,6,165.19,14,0.65,57,0.79,2466,Food,On-Time,Platinum
4831,58,167307,68,18295,14082,3,182.29,3,0.53,141,0.05,4316,Home,On-Time,Standard
4832,27,45252,13,25054,9362,1,68.8,2,0.74,140,0.54,2729,Electronics,On-Time,Gold
4833,53,62274,77,10965,4666,5,435.13,7,0.9,33,0.47,6633,Travel,On-Time,Standard
4834,54,72932,45,23385,20084,7,69.77,5,0.99,96,0.45,2339,Food,On-Time,Gold
4835,18,47505,68,24135,9894,4,393.25,16,0.36,144,0.54,-2847,Electronics,Late,Standard
4836,46,118929,74,30265,3307,7,179.14,5,0.52,43,0.83,1000,Electronics,On-Time,Platinum
4837,37,20000,31,5000,31116,4,229.29,15,0.88,71,0.34,4737,Home,Late,Standard
4838,33,53757,50,14627,11601,6,310.08,1,0.44,88,0.47,1603,Fashion,On-Time,Gold
4839,65,107732,68,5759,2036,5,151.13,8,0.36,16,0.89,1679,Travel,Delayed,Standard
4840,35,63236,99,13283,16166,5,84.53,13,0.97,89,0.92,3743,Electronics,Delayed,Standard
4841,32,42166,14,19142,16754,4,480.7,12,0.73,68,0.84,4353,Home,On-Time,Standard
4842,46,92630,52,24720,7190,8,422.72,12,0.51,20,0.71,3113,Electronics,On-Time,Gold
4843,55,111253,70,37974,3744,3,391.72,16,0.8,17,0.96,2220,Travel,On-Time,Standard
4844,42,83425,68,30803,8180,4,290.52,6,0.32,168,0.85,1145,Electronics,On-Time,Standard
4845,62,42951,93,16098,14775,2,336.94,2,0.59,138,0.88,1256,Home,On-Time,Gold
4846,52,93248,14,25766,15573,3,438.96,20,0.71,75,0.09,1674,Home,On-Time,Gold
4847,18,58918,29,29801,5736,12,224.99,12,0.72,88,0.09,1912,Food,On-Time,Platinum
4848,37,104807,77,19201,19878,2,97.06,10,0.2,60,0.64,-1312,Fashion,Delayed,Gold
4849,36,134330,23,19492,0,4,428.43,2,0.99,101,0.88,5021,Fashion,On-Time,Gold
4850,52,20000,87,18163,5802,10,78.23,17,0.75,32,0.16,5812,Home,On-Time,Standard
4851,18,79442,34,23865,9158,6,463.36,3,0.74,95,0.34,6167,Home,Delayed,Gold
4852,80,20000,68,23308,7831,5,374.87,11,0.59,113,0.96,932,Home,On-Time,Standard
4853,52,172671,11,21136,6395,6,250.44,15,0.34,89,0.65,1153,Electronics,Late,Gold
4854,47,56275,83,33898,18881,6,326.91,7,0.49,126,0.64,-1688,Home,On-Time,Standard
4855,62,104854,45,28028,9018,4,290.77,14,0.43,10,0.61,5245,Travel,On-Time,Standard
4856,80,73587,68,7044,12631,6,230.7,14,0.11,64,0.68,2734,Home,On-Time,Gold
4857,58,42876,35,5611,12300,5,107.85,15,0.92,150,0.15,4750,Food,On-Time,Standard
4858,59,38117,84,23338,12553,7,413.75,15,0.51,1,0.72,4021,Food,On-Time,Standard
4859,46,138427,47,19188,8826,6,314.49,6,0.04,155,0.07,5103,Home,On-Time,Platinum
4860,42,113237,66,6000,0,6,366.14,13,0.42,89,0.24,1252,Home,On-Time,Standard
4861,37,152743,92,5000,16315,6,143.79,7,0.42,62,0.76,288,Home,On-Time,Platinum
4862,32,77218,53,18006,9420,8,140.59,17,0.09,122,0.53,-71,Food,Delayed,Gold
4863,34,86516,88,22055,6727,3,427.55,8,0.2,21,0.39,2441,Food,On-Time,Standard
4864,24,64312,90,22351,6742,7,296.31,3,0.08,92,0.66,2876,Fashion,Delayed,Standard
4865,43,63516,35,15153,12133,7,253.79,19,0.16,121,0.97,-926,Electronics,On-Time,Platinum
4866,19,33324,51,15543,6496,4,91.97,7,0.11,51,0.12,3582,Travel,Delayed,Standard
4867,47,78360,21,15978,8471,10,241.79,17,0.9,132,0.13,1941,Fashion,Delayed,Gold
4868,44,43430,37,23944,14856,4,366.61,3,0.78,38,0.34,-564,Home,On-Time,Gold
4869,47,92676,98,7765,11426,8,96.64,14,0.87,162,0.85,2832,Food,On-Time,Standard
4870,37,81800,61,20155,3857,4,63.13,0,0.14,51,0.66,2239,Fashion,On-Time,Gold
4871,80,86507,64,28154,13850,2,298.93,4,0.67,141,0.73,3287,Travel,On-Time,Gold
4872,65,142005,2,17187,7890,6,192.27,3,0.9,81,0.77,2134,Electronics,On-Time,Gold
4873,26,73491,87,21282,15896,7,457.69,0,0.95,97,0.44,3486,Travel,On-Time,Standard
4874,48,105269,7,23325,7314,2,316.65,8,0.06,109,0.3,975,Travel,On-Time,Standard
4875,35,157060,38,14735,11046,1,185.2,0,0.38,96,0.7,3120,Travel,Late,Standard
4876,29,127264,17,19187,14188,6,191.26,12,0.36,13,0.47,3376,Food,On-Time,Standard
4877,24,121126,2,9598,3933,6,108.08,13,0.19,154,0.98,2201,Food,On-Time,Standard
4878,51,62732,17,23888,15006,6,246.94,2,0.15,145,0.28,440,Electronics,On-Time,Standard
4879,34,84185,79,21302,21899,5,80.79,4,0.37,39,0.45,-1984,Fashion,On-Time,Platinum
4880,59,22268,95,29329,13318,9,248.29,10,0.71,2,0.12,817,Food,On-Time,Standard
4881,59,94956,0,27022,11422,8,104.23,20,0.73,50,0.28,2589,Travel,Delayed,Standard
4882,65,85978,25,29451,16252,4,354.73,1,0.58,13,0.43,2980,Home,On-Time,Standard
4883,32,75935,51,29829,15816,8,342.99,4,0.79,59,0.33,2363,Food,Late,Gold
4884,52,116087,11,14208,10982,3,427.25,8,0.7,134,0.32,7142,Home,On-Time,Platinum
4885,54,26689,37,23836,3412,4,465.08,11,0.8,151,0.97,6280,Food,On-Time,Standard
4886,37,140394,84,25395,5439,10,344.26,7,0.97,117,0.61,3063,Fashion,On-Time,Standard
4887,33,111070,40,15010,7453,4,119.43,11,0.58,115,0.23,1978,Home,On-Time,Standard
4888,69,72174,52,29865,1094,2,278.72,0,0.77,93,0.0,3753,Travel,On-Time,Standard
4889,48,69050,12,19130,19712,4,473.53,15,0.83,3,0.89,-429,Electronics,On-Time,Standard
4890,54,94224,75,25117,3461,2,139.67,16,0.91,27,0.61,4535,Electronics,Delayed,Standard
4891,32,135834,12,28827,9649,5,225.2,14,0.55,126,0.28,1594,Home,Delayed,Standard
4892,26,79064,17,23423,3728,8,386.62,10,0.92,93,0.29,1472,Travel,On-Time,Gold
4893,36,80761,18,34511,14117,3,393.48,3,0.54,177,0.28,7299,Travel,On-Time,Gold
4894,43,75724,18,39346,16929,4,477.23,13,0.69,59,0.24,3442,Fashion,On-Time,Standard
4895,29,146280,69,20143,835,8,161.23,2,0.35,83,0.16,3538,Fashion,Delayed,Gold
4896,44,60244,47,27658,14629,8,436.24,3,0.99,160,0.09,1070,Home,Delayed,Platinum
4897,19,73819,70,38948,1642,5,73.63,5,0.22,149,0.29,3279,Fashion,Delayed,Gold
4898,28,133537,70,15059,7215,3,115.61,1,0.26,111,0.87,2994,Home,On-Time,Standard
4899,55,80880,27,5000,28554,3,474.37,19,0.25,127,0.11,2681,Food,On-Time,Standard
4900,54,120482,91,27709,11967,5,446.34,19,0.42,71,0.26,4614,Travel,Delayed,Gold
4901,39,38548,18,16910,16307,7,77.42,6,0.77,63,0.29,4729,Food,On-Time,Gold
4902,29,66788,79,10379,12200,8,80.43,1,0.98,64,0.31,26,Electronics,Delayed,Standard
4903,29,134377,80,14299,8903,3,208.36,9,0.62,80,0.23,662,Home,On-Time,Standard
4904,39,47946,85,7517,5698,2,229.99,15,0.62,156,0.16,5929,Electronics,On-Time,Platinum
4905,54,68948,82,33590,20365,4,260.52,17,0.53,6,0.24,7979,Travel,On-Time,Gold
4906,58,85267,47,31630,23447,6,296.82,13,0.9,85,0.9,3826,Fashion,Delayed,Gold
4907,37,35433,28,18161,10377,8,108.78,7,0.33,12,0.5,-1947,Home,Late,Standard
4908,27,58447,47,18843,18483,3,493.89,20,0.19,77,0.92,5735,Home,On-Time,Gold
4909,49,79505,18,21563,16118,4,481.03,19,0.23,124,0.68,2080,Travel,On-Time,Gold
4910,32,76867,98,33379,8678,4,233.98,4,0.86,138,0.51,3897,Fashion,Late,Gold
4911,37,126214,46,11517,10405,1,269.48,17,0.17,142,0.4,4478,Fashion,Late,Standard
4912,64,136658,88,18674,6945,3,213.42,5,0.5,89,0.87,3856,Home,Late,Gold
4913,57,40756,59,29982,24298,5,342.81,20,0.32,42,0.53,4429,Travel,Late,Standard
4914,47,79450,47,17322,15664,6,364.69,4,0.18,173,0.33,5175,Fashion,Delayed,Platinum
4915,25,101969,19,13316,10220,4,290.92,20,0.57,17,0.02,1998,Electronics,On-Time,Platinum
4916,48,135653,100,21330,6607,5,465.94,4,0.86,64,0.54,2461,Home,On-Time,Standard
4917,60,103739,18,5736,13620,3,206.01,8,0.32,129,0.62,2792,Fashion,On-Time,Standard
4918,39,86636,41,22972,893,1,167.03,4,0.12,122,0.62,7450,Fashion,Delayed,Gold
4919,65,101661,76,17981,4703,6,345.05,14,0.62,130,0.85,1698,Home,Delayed,Standard
4920,64,101950,75,25087,8596,7,123.16,3,0.74,100,0.52,1725,Travel,Late,Gold
4921,69,37891,48,14444,7049,6,309.75,6,0.56,113,0.78,5207,Food,On-Time,Gold
4922,49,82711,14,23620,8529,7,195.48,11,0.12,166,0.76,956,Fashion,On-Time,Standard
4923,53,133366,59,21686,14754,6,111.79,11,0.0,115,0.1,3026,Home,Late,Standard
4924,66,66705,67,10553,23579,4,192.41,17,0.09,161,0.45,5320,Electronics,Delayed,Platinum
4925,51,80177,78,12445,14999,7,141.14,0,0.92,80,0.48,1089,Fashion,Delayed,Platinum
4926,37,65299,80,29835,8920,5,333.27,3,0.58,28,0.73,4689,Travel,Late,Gold
4927,38,20000,26,27662,17042,7,73.27,0,0.37,19,0.33,5861,Electronics,Delayed,Gold
4928,48,75823,74,6159,10340,8,418.25,9,0.18,94,0.81,1960,Fashion,On-Time,Standard
4929,25,87071,54,16516,0,5,312.91,1,0.7,121,0.6,-1779,Travel,On-Time,Standard
4930,42,54500,86,22525,18381,7,435.68,11,0.76,143,0.09,4241,Travel,On-Time,Gold
4931,61,28814,14,24263,1701,5,122.12,19,0.81,88,0.5,4439,Electronics,Late,Gold
4932,18,39775,51,22198,10929,3,262.5,5,0.02,161,0.8,6287,Travel,On-Time,Gold
4933,68,105567,30,23032,4417,8,350.57,11,0.77,22,0.93,4479,Food,On-Time,Standard
4934,61,153900,89,17121,2024,2,115.62,2,0.16,170,0.06,4630,Travel,On-Time,Platinum
4935,38,130297,6,21392,6878,4,56.28,16,0.8,35,0.59,3111,Electronics,On-Time,Gold
4936,53,21226,12,12164,0,2,474.36,13,0.15,10,0.8,4436,Home,On-Time,Gold
4937,45,109185,53,17063,5141,2,401.34,11,0.24,1,0.38,3476,Travel,Delayed,Standard
4938,63,48473,12,5000,12929,4,401.99,15,0.78,85,0.39,6207,Food,Delayed,Platinum
4939,59,51709,19,11544,12565,7,464.23,15,0.63,174,0.79,2758,Fashion,Late,Gold
4940,23,56520,97,12959,0,3,310.15,13,0.03,79,0.03,2084,Electronics,On-Time,Standard
4941,53,103242,9,13358,16790,7,338.7,9,0.17,140,0.21,3816,Electronics,On-Time,Standard
4942,41,113370,51,25832,26605,7,144.04,6,0.23,169,0.97,4333,Home,Delayed,Standard
4943,46,71078,36,7420,22096,5,261.67,14,0.84,173,0.61,7117,Electronics,On-Time,Standard
4944,34,71757,51,14889,6309,5,120.92,1,0.61,1,0.82,2569,Food,Delayed,Gold
4945,71,93570,26,25153,5384,5,94.48,14,0.18,14,0.78,1666,Electronics,On-Time,Standard
4946,60,97719,33,9401,3721,8,164.9,18,0.26,110,0.86,3588,Food,On-Time,Standard
4947,33,122049,99,30150,22778,6,256.78,20,0.45,93,0.61,1159,Fashion,Delayed,Standard
4948,24,23625,61,21428,6371,8,337.21,7,0.08,21,0.17,-1287,Electronics,On-Time,Platinum
4949,39,75801,15,25513,5036,8,276.95,20,0.41,140,0.59,3900,Home,Late,Platinum
4950,51,32279,58,12444,15863,6,452.5,18,0.79,125,0.33,4452,Travel,On-Time,Standard
4951,48,72962,20,13920,17951,6,197.08,16,0.4,164,0.78,637,Fashion,On-Time,Standard
4952,63,65952,15,18859,16817,3,431.07,0,0.79,24,0.66,6037,Food,Delayed,Gold
4953,56,73130,80,26493,2617,5,246.07,3,0.62,168,0.13,8129,Travel,On-Time,Gold
4954,59,43010,78,26253,13454,8,112.11,2,0.4,63,0.83,2624,Fashion,Late,Gold
4955,49,20000,12,23177,20234,6,439.63,6,0.89,14,0.54,577,Fashion,On-Time,Platinum
4956,24,20000,32,18250,10015,7,270.19,12,0.44,151,0.65,8071,Fashion,On-Time,Platinum
4957,42,69752,53,13844,12064,5,113.01,13,0.73,57,0.24,5238,Fashion,On-Time,Standard
4958,60,57759,68,28408,11422,5,134.67,7,0.8,104,0.61,4471,Food,On-Time,Gold
4959,44,47962,26,17169,8111,3,82.48,9,0.92,24,0.26,4552,Home,On-Time,Gold
4960,52,127901,51,7673,13173,7,339.9,10,0.28,128,0.51,6017,Electronics,On-Time,Platinum
4961,40,40622,64,12312,16224,3,213.42,17,0.2,165,0.49,2534,Electronics,On-Time,Standard
4962,29,131673,43,14371,19119,8,484.89,3,0.45,133,0.73,1962,Electronics,Late,Gold
4963,43,139953,29,17260,9613,6,292.3,1,0.88,137,0.09,2898,Travel,On-Time,Gold
4964,49,20000,22,19417,10471,3,160.45,13,0.33,99,0.1,2499,Electronics,On-Time,Gold
4965,35,78695,78,9054,6468,3,315.01,8,0.27,123,0.53,294,Home,Delayed,Standard
4966,41,59012,99,16123,21046,6,489.52,17,0.04,54,0.11,456,Fashion,On-Time,Gold
4967,30,20000,82,17140,6975,5,60.41,11,0.7,45,0.8,3311,Food,Delayed,Gold
4968,61,20000,93,18385,9312,6,126.43,0,0.7,94,0.85,2121,Electronics,Delayed,Platinum
4969,40,105997,15,13774,10556,6,467.67,17,0.83,98,0.29,2534,Food,On-Time,Gold
4970,66,155767,54,39778,11461,5,61.05,11,0.5,1,0.62,3916,Travel,On-Time,Gold
4971,67,111107,17,17151,0,3,483.51,5,0.89,25,0.35,3467,Electronics,On-Time,Gold
4972,43,87945,89,15237,13821,4,332.52,1,0.09,166,0.15,4698,Home,On-Time,Gold
4973,29,74146,16,11216,13111,5,154.25,14,0.56,177,0.98,3770,Food,On-Time,Gold
4974,18,142306,74,26101,11106,6,90.36,7,0.48,122,0.79,-1423,Home,On-Time,Standard
4975,22,160929,51,5159,12519,6,96.86,0,0.9,170,1.0,1392,Fashion,On-Time,Gold
4976,24,51526,44,5769,9617,7,426.99,20,0.91,129,0.05,4699,Travel,On-Time,Standard
4977,65,20000,55,19731,0,9,419.64,9,0.98,25,0.27,1446,Travel,On-Time,Standard
4978,46,20000,92,23721,17660,1,425.24,1,0.35,41,0.1,5061,Travel,On-Time,Standard
4979,50,127875,53,19288,0,8,482.29,15,0.38,18,0.42,-30,Home,On-Time,Standard
4980,18,73117,8,36234,3906,5,225.77,4,0.19,133,0.68,1752,Home,On-Time,Gold
4981,27,82329,16,15841,18397,4,462.13,12,0.74,92,0.69,3835,Fashion,Delayed,Standard
4982,58,20000,26,17575,531,6,122.68,5,0.83,85,0.96,2415,Food,On-Time,Gold
4983,49,44872,36,19676,8893,9,472.64,12,0.85,77,0.69,398,Travel,On-Time,Standard
4984,42,63180,21,20334,22694,5,159.64,9,0.99,42,0.56,1735,Fashion,On-Time,Standard
4985,53,83313,71,19013,10507,8,233.6,14,0.56,40,0.16,3781,Food,On-Time,Standard
4986,69,59056,66,18610,356,6,281.91,5,0.21,102,0.84,3957,Fashion,On-Time,Standard
4987,41,33506,37,9550,15266,2,411.43,10,0.6,170,0.31,4361,Food,On-Time,Gold
4988,46,43617,98,25508,13147,5,225.18,16,0.36,163,0.26,966,Food,On-Time,Standard
4989,47,123332,95,27833,10850,6,203.7,0,0.33,126,0.25,-1163,Food,Delayed,Standard
4990,80,84791,71,16227,0,1,492.25,9,0.7,35,0.46,1789,Fashion,On-Time,Standard
4991,18,99486,43,19646,19146,6,83.56,20,0.2,105,0.01,3440,Home,On-Time,Gold
4992,55,39045,90,32441,22387,5,61.52,13,0.54,141,0.3,3609,Food,On-Time,Standard
4993,43,20000,95,13973,9827,4,75.51,1,0.14,99,0.62,1604,Electronics,Delayed,Standard
4994,53,54075,35,21643,5360,6,461.39,8,0.89,63,0.52,2829,Home,On-Time,Gold
4995,35,40337,97,20794,13734,6,154.75,17,0.09,31,0.18,2323,Fashion,On-Time,Standard
4996,44,88960,24,32834,13817,4,69.66,20,0.93,78,0.69,3504,Electronics,On-Time,Gold
4997,55,200000,94,34860,14426,5,377.94,17,1.0,73,0.86,3248,Electronics,On-Time,Gold
4998,80,102806,41,26369,10069,4,338.19,7,0.24,177,0.82,2576,Food,On-Time,Gold
4999,57,184438,12,48340,13815,3,406.29,16,0.09,40,0.99,6674,Electronics,Delayed,Standard
5000,32,97750,55,20229,15244,7,285.67,3,0.03,57,0.98,148,Electronics,On-Time,Gold
5001,38,49804,78,5000,27950,1,129.72,15,0.15,58,0.86,6108,Food,On-Time,Standard
5002,38,88916,50,15909,13088,4,180.77,0,0.92,7,0.59,2343,Home,Delayed,Standard
5003,18,146225,49,16391,11244,6,77.54,6,0.73,36,0.82,5216,Electronics,On-Time,Standard
5004,40,148182,76,32402,0,2,366.73,1,0.09,167,0.99,2854,Food,On-Time,Standard
5005,55,51986,51,18506,0,2,341.45,6,0.96,58,0.51,2297,Electronics,Delayed,Standard
5006,25,85127,32,30609,10877,3,356.28,7,0.65,54,0.3,1663,Electronics,On-Time,Standard
5007,60,20000,94,26435,9441,1,489.94,2,0.93,158,0.55,1205,Electronics,On-Time,Gold
5008,52,107986,24,22354,3304,3,77.09,7,0.71,26,0.87,3818,Electronics,On-Time,Platinum
5009,33,137134,57,23226,3068,6,79.28,18,0.38,139,0.37,4515,Travel,On-Time,Gold
5010,42,76591,39,22273,14230,2,382.27,12,0.07,20,0.22,-1075,Home,On-Time,Gold
5011,68,48304,86,29101,5953,6,487.74,16,0.02,110,0.51,3659,Electronics,On-Time,Standard
5012,56,89405,37,17998,4620,6,294.22,3,0.61,49,0.91,2403,Home,On-Time,Standard
5013,45,91698,2,16944,2653,3,415.71,1,0.5,91,0.19,3547,Electronics,On-Time,Standard
5014,41,78245,15,23283,4289,5,324.22,4,0.58,7,0.44,4358,Electronics,On-Time,Platinum
5015,46,82148,1,21560,7372,2,469.58,9,0.96,37,0.52,5066,Electronics,On-Time,Gold
5016,37,68047,22,18332,9840,6,139.83,4,0.9,18,0.44,4027,Home,On-Time,Standard
5017,18,114838,97,37482,11634,4,212.95,8,0.36,162,0.13,5394,Fashion,Delayed,Standard
5018,75,104449,29,25714,7060,4,325.74,7,0.32,75,0.09,3447,Travel,Delayed,Gold
5019,47,35675,9,15529,0,9,139.38,2,0.28,31,0.25,3215,Food,On-Time,Platinum
5020,50,34576,64,24795,2162,4,425.37,12,0.94,41,0.35,3455,Fashion,On-Time,Gold
5021,44,64825,21,12468,6408,2,409.07,14,0.91,60,0.1,3854,Fashion,On-Time,Platinum
5022,33,104473,51,10832,17225,1,373.53,0,0.94,63,0.43,1232,Home,On-Time,Standard
5023,42,80922,55,26412,9291,6,329.05,9,0.23,71,0.41,2120,Fashion,Late,Standard
5024,21,49273,32,13129,12984,2,148.64,15,0.47,64,0.69,1592,Fashion,On-Time,Platinum
5025,79,85460,88,20330,19805,7,441.5,9,0.36,38,0.47,2774,Electronics,On-Time,Standard
5026,26,61767,85,11680,8834,6,309.91,10,0.32,27,0.77,1818,Travel,On-Time,Gold
5027,29,110219,79,17681,9928,3,145.36,5,0.1,172,0.51,1582,Travel,On-Time,Standard
5028,38,88322,29,16543,10270,5,381.61,15,0.84,142,0.9,4121,Home,Delayed,Standard
5029,64,62388,81,19243,10442,6,64.25,16,0.3,44,0.68,4086,Travel,Delayed,Standard
5030,45,84260,23,38458,2706,5,148.11,7,0.35,179,0.88,773,Fashion,On-Time,Platinum
5031,26,127601,4,30256,13500,3,152.08,20,0.61,74,0.06,1978,Fashion,On-Time,Standard
5032,63,52214,52,19097,10699,5,181.25,10,0.93,174,0.94,-297,Travel,On-Time,Platinum
5033,55,91106,100,18348,4207,6,65.47,8,0.72,35,0.04,1731,Electronics,On-Time,Platinum
5034,53,72181,54,14357,8781,7,429.16,18,0.64,146,0.95,-306,Home,On-Time,Standard
5035,55,92079,22,11700,0,6,93.81,13,0.1,154,0.74,3982,Electronics,Delayed,Gold
5036,80,48817,90,18809,0,4,423.14,7,0.62,11,0.78,2605,Travel,On-Time,Standard
5037,77,79413,75,30662,16192,7,131.12,0,0.27,10,0.21,4239,Home,On-Time,Platinum
5038,34,119312,9,5000,8484,4,428.44,1,0.64,113,0.68,2806,Fashion,On-Time,Standard
5039,69,37519,97,28172,19313,3,63.09,17,0.33,82,0.62,340,Home,On-Time,Standard
5040,50,21823,32,29180,10439,5,403.02,13,0.08,38,0.31,2469,Food,On-Time,Platinum
5041,52,23341,79,5000,11539,4,289.76,20,0.84,0,0.46,2686,Travel,On-Time,Standard
5042,19,28173,92,20295,9847,6,147.33,19,0.55,50,0.72,3751,Home,On-Time,Platinum
5043,42,98812,61,16509,2931,9,232.92,11,0.28,9,0.58,-22,Fashion,On-Time,Standard
5044,32,20000,81,18666,12877,8,93.69,12,0.36,89,0.25,2300,Food,On-Time,Gold
5045,57,63084,26,21714,5310,5,111.76,19,0.62,94,0.13,4334,Food,On-Time,Platinum
5046,61,99731,6,22543,12225,5,215.19,5,0.68,172,0.19,3771,Home,Late,Standard
5047,18,91666,99,9034,4157,3,235.59,12,0.49,77,0.97,2504,Home,Late,Gold
5048,44,59577,26,33015,15213,8,399.2,15,0.53,177,0.14,2153,Home,Late,Standard
5049,61,82636,73,16195,13042,3,390.33,18,0.11,35,0.41,3013,Home,On-Time,Standard
5050,42,79285,9,41042,18559,3,158.05,14,0.15,117,0.56,4429,Food,On-Time,Standard
5051,55,66030,74,12461,15069,6,132.75,4,0.21,67,0.44,3444,Fashion,Late,Standard
5052,50,66566,56,11539,9606,7,125.74,18,0.53,82,0.08,4269,Travel,On-Time,Standard
5053,50,164417,29,22589,20757,6,315.83,18,0.42,113,0.62,3799,Fashion,On-Time,Standard
5054,40,107372,2,27188,12683,5,311.24,5,0.57,157,0.3,4571,Travel,Delayed,Platinum
5055,26,174226,28,30189,0,6,97.22,3,0.17,165,0.78,3489,Food,On-Time,Gold
5056,28,55121,13,12096,5739,1,203.18,1,0.97,153,0.62,2103,Travel,Delayed,Platinum
5057,55,71601,76,17330,8959,6,443.47,6,0.62,20,0.95,1479,Fashion,Late,Standard
5058,45,21714,82,34927,19153,5,474.03,19,0.13,115,0.13,2614,Food,On-Time,Platinum
5059,42,42617,24,17048,6961,0,487.37,3,0.37,75,0.53,2057,Electronics,On-Time,Gold
5060,38,151076,9,27122,5170,4,362.13,10,0.98,124,0.94,3515,Food,Late,Standard
5061,40,54118,78,5000,0,4,66.97,19,0.97,154,0.48,647,Travel,On-Time,Gold
5062,60,151771,91,7098,19043,6,268.33,16,0.07,98,0.32,135,Home,On-Time,Standard
5063,39,25265,48,27729,20077,7,159.44,4,0.83,113,0.84,3493,Travel,On-Time,Platinum
5064,24,32861,37,18813,2022,9,449.59,10,0.64,75,0.06,4941,Food,On-Time,Platinum
5065,56,61350,70,26048,66,5,69.05,14,0.19,168,0.66,7682,Food,On-Time,Gold
5066,41,72450,13,14978,17281,8,100.83,11,0.83,144,0.26,105,Home,On-Time,Standard
5067,45,111923,29,6750,19063,2,178.8,7,0.64,119,0.15,4659,Home,On-Time,Platinum
5068,69,93030,39,20741,4945,6,365.39,17,0.11,80,0.94,4541,Fashion,On-Time,Standard
5069,44,58347,11,8824,8373,6,471.29,16,0.85,32,0.74,3191,Electronics,On-Time,Standard
5070,49,69667,91,21001,13898,4,224.68,8,0.76,122,0.88,188,Electronics,Late,Gold
5071,27,62237,13,12274,2847,3,203.74,15,0.01,10,0.53,5930,Fashion,On-Time,Gold
5072,41,38413,0,25219,3658,2,402.22,15,0.25,149,0.25,5794,Home,On-Time,Platinum
5073,54,39481,67,17839,7610,3,454.19,15,0.27,22,0.58,7867,Food,On-Time,Standard
5074,21,116115,48,17584,3026,4,89.42,2,0.46,88,0.97,2605,Fashion,On-Time,Standard
5075,48,20000,17,22733,30386,6,493.75,2,0.23,164,0.18,4748,Travel,On-Time,Gold
5076,46,139694,35,27431,18716,5,279.38,12,0.83,177,0.9,4882,Home,On-Time,Standard
5077,45,61280,63,21459,7871,5,497.41,11,0.7,116,0.44,1160,Travel,Delayed,Standard
5078,60,44099,95,34259,10908,5,55.72,8,0.03,47,0.43,4681,Fashion,On-Time,Gold
5079,50,104590,27,33928,0,2,450.94,10,0.71,101,0.48,4881,Food,On-Time,Platinum
5080,67,134408,91,14385,12812,9,94.42,19,0.95,128,0.85,4624,Travel,On-Time,Gold
5081,30,119705,31,11061,15189,2,400.01,9,0.49,42,0.58,-2101,Travel,On-Time,Standard
5082,47,95074,71,10221,5327,3,50.13,11,0.18,136,0.75,155,Travel,On-Time,Standard
5083,46,118474,24,34420,6855,9,111.36,2,0.88,46,0.59,6803,Fashion,On-Time,Standard
5084,28,20000,46,10255,3624,8,122.43,12,0.66,29,0.11,7448,Home,On-Time,Standard
5085,59,54126,19,16891,19693,2,323.23,2,0.43,115,0.67,3141,Home,On-Time,Platinum
5086,79,38553,32,20088,19338,8,362.28,11,0.41,159,0.27,6002,Food,Delayed,Standard
5087,44,123985,29,34167,12740,1,90.52,16,0.28,172,0.08,2083,Travel,On-Time,Gold
5088,52,59660,36,9516,10939,7,232.65,16,0.11,111,0.17,2876,Food,Delayed,Standard
5089,46,108816,79,28696,1263,6,365.8,14,0.87,112,0.63,1712,Travel,On-Time,Gold
5090,34,96434,52,20112,4977,4,459.3,19,0.98,55,0.79,6854,Food,On-Time,Standard
5091,18,40507,88,18978,7963,3,135.3,17,0.95,31,0.33,3374,Food,On-Time,Standard
5092,34,51521,73,19787,5307,7,241.14,4,0.17,13,0.43,2283,Fashion,On-Time,Platinum
5093,24,126752,68,14369,13947,9,152.61,5,0.42,6,0.41,5085,Travel,On-Time,Gold
5094,70,43980,7,16675,0,5,66.6,17,0.29,137,0.48,3918,Electronics,On-Time,Gold
5095,43,79994,96,14207,975,4,255.19,16,0.34,123,0.47,2954,Fashion,Delayed,Standard
5096,39,43698,100,9508,5589,5,238.87,2,0.32,81,0.0,3827,Travel,On-Time,Gold
5097,58,62441,0,10582,0,3,419.72,5,0.93,74,0.85,4293,Electronics,On-Time,Gold
5098,28,73153,94,29461,17004,3,450.73,0,0.95,102,0.38,3974,Food,On-Time,Standard
5099,33,43685,6,17198,17975,4,209.02,13,0.04,25,0.7,843,Travel,On-Time,Platinum
5100,46,36582,61,25369,0,7,368.73,11,0.54,116,0.07,3793,Food,On-Time,Standard
5101,60,86450,86,18579,12029,10,310.06,19,0.66,168,0.9,3794,Travel,On-Time,Standard
5102,52,41210,57,18442,7175,5,396.52,8,0.25,54,0.82,1633,Electronics,On-Time,Standard
5103,48,42573,87,19392,9926,5,115.84,6,0.06,77,0.66,1451,Food,Delayed,Gold
5104,46,37437,77,25844,13741,7,415.85,15,0.08,23,0.02,2088,Travel,Delayed,Standard
5105,51,71883,86,14510,0,5,321.22,3,0.74,112,0.86,3368,Travel,On-Time,Gold
5106,48,112748,72,18766,17484,7,395.36,6,0.37,8,0.72,-1189,Travel,On-Time,Standard
5107,29,135261,7,27233,13649,1,239.0,1,0.56,166,0.95,2138,Electronics,On-Time,Standard
5108,45,45963,63,28670,17606,10,53.71,7,0.32,76,0.83,1500,Electronics,On-Time,Standard
5109,28,161012,7,31882,0,4,463.08,1,0.81,62,0.95,3808,Food,On-Time,Gold
5110,46,34811,2,12300,9764,8,377.81,3,0.09,7,0.46,-630,Food,On-Time,Gold
5111,37,118341,57,14882,13758,7,360.84,16,0.02,78,0.83,2246,Fashion,On-Time,Standard
5112,80,46132,31,18410,13048,3,262.97,16,0.44,177,0.53,3236,Travel,On-Time,Standard
5113,44,40163,67,9478,15977,6,69.74,6,0.4,166,0.96,3055,Home,On-Time,Gold
5114,23,45209,48,26979,13190,7,112.02,11,0.02,26,0.03,808,Fashion,Delayed,Standard
5115,42,72902,37,22307,0,3,247.35,11,0.83,171,0.28,3392,Food,Delayed,Gold
5116,52,98198,1,18762,18065,3,407.02,9,0.54,169,0.05,1346,Food,On-Time,Standard
5117,70,101794,8,28237,6635,6,450.41,11,0.84,130,0.47,2939,Fashion,On-Time,Standard
5118,36,37240,45,13957,11409,5,256.02,16,0.46,115,0.77,4295,Travel,Delayed,Standard
5119,21,35413,64,29029,20877,6,497.74,4,0.62,40,0.6,953,Travel,Delayed,Gold
5120,57,38334,48,33935,9935,7,490.91,16,0.03,180,0.78,3231,Food,Delayed,Gold
5121,24,70545,74,22462,7549,3,213.65,5,0.78,106,0.52,1274,Food,On-Time,Standard
5122,38,66593,28,19942,1855,8,79.17,17,0.06,25,0.05,863,Home,On-Time,Standard
5123,41,36992,89,21346,678,4,271.8,20,0.27,26,0.85,2793,Fashion,On-Time,Standard
5124,43,85784,90,8887,1543,3,490.77,10,0.47,132,0.52,2432,Electronics,On-Time,Gold
5125,55,165502,28,18428,9745,4,214.62,12,0.25,32,0.72,3364,Food,Delayed,Standard
5126,34,54811,32,36464,25331,10,208.15,19,0.06,52,0.29,3854,Home,On-Time,Gold
5127,40,57659,27,36999,7844,3,186.8,18,0.7,152,1.0,1322,Food,On-Time,Platinum
5128,44,97386,94,20731,9795,4,477.52,1,0.39,41,0.39,812,Electronics,On-Time,Platinum
5129,47,52647,82,15642,14847,2,134.73,12,0.74,178,0.9,4586,Fashion,On-Time,Standard
5130,46,101758,25,28230,5086,7,245.88,2,0.24,175,0.18,2978,Home,On-Time,Standard
5131,51,46258,28,19713,19612,10,142.01,0,0.47,174,0.68,3691,Food,Delayed,Standard
5132,57,148284,10,27571,6578,8,100.28,4,0.35,47,0.48,1444,Food,On-Time,Standard
5133,50,88790,95,14055,18582,7,246.42,18,0.44,66,0.98,3342,Travel,On-Time,Standard
5134,51,50199,84,22445,14204,3,412.67,18,0.97,86,0.67,4521,Electronics,On-Time,Standard
5135,21,51452,33,17110,10602,12,53.49,7,0.4,48,0.22,3853,Fashion,On-Time,Standard
5136,45,54448,85,19955,5739,4,268.27,13,0.51,21,0.35,4926,Food,On-Time,Standard
5137,52,129909,47,15433,16613,5,277.67,16,0.96,173,0.52,3086,Food,Late,Standard
5138,55,24249,26,18883,9220,7,84.2,3,0.05,165,0.87,1135,Fashion,On-Time,Gold
5139,34,48282,71,22422,6450,5,490.25,20,0.32,79,0.51,3036,Home,Delayed,Platinum
5140,35,52533,39,25566,21133,1,139.02,15,0.2,51,0.08,1904,Fashion,On-Time,Standard
5141,36,74372,30,18715,0,4,457.98,4,0.45,135,0.14,6434,Fashion,On-Time,Gold
5142,53,64155,64,31601,20592,2,153.19,12,0.12,140,0.46,3556,Fashion,On-Time,Gold
5143,60,20000,38,9705,24206,10,286.08,7,0.46,49,0.13,2784,Food,Delayed,Standard
5144,38,59007,97,8030,3764,0,410.1,12,0.29,155,0.42,2260,Electronics,Delayed,Standard
5145,58,71017,23,15251,5404,4,477.41,10,0.97,7,0.31,2138,Home,On-Time,Standard
5146,46,49876,91,20085,2191,2,230.67,18,0.16,47,0.03,6225,Travel,Delayed,Gold
5147,43,102471,67,32990,16104,8,81.54,13,0.46,172,0.98,3803,Food,On-Time,Gold
5148,41,111776,81,18513,5518,6,60.34,0,0.69,86,0.75,4713,Travel,Late,Gold
5149,56,71864,92,12430,9136,4,443.21,5,0.6,10,0.6,381,Travel,On-Time,Gold
5150,49,84221,22,14863,14452,6,265.42,0,0.33,138,0.29,5760,Home,Delayed,Platinum
5151,79,20000,100,20647,0,5,117.48,14,0.27,109,0.16,4385,Travel,On-Time,Gold
5152,32,58155,60,11387,0,2,258.86,10,0.41,167,0.4,1086,Food,On-Time,Gold
5153,52,115192,26,35439,12339,10,150.1,5,0.07,108,0.01,3986,Travel,Late,Gold
5154,37,58062,15,5000,7304,7,364.76,9,0.34,32,0.54,2337,Travel,On-Time,Gold
5155,31,45509,44,13895,3055,7,233.33,4,0.6,15,0.0,3418,Travel,Late,Gold
5156,44,166107,26,15507,10002,4,377.66,18,0.99,167,0.29,4051,Food,On-Time,Standard
5157,47,147763,72,12200,9141,8,394.25,17,0.63,4,0.17,3047,Fashion,On-Time,Standard
5158,80,93702,4,25383,3627,6,218.4,14,0.95,30,0.89,597,Food,Delayed,Gold
5159,42,120556,58,14748,11111,8,348.44,7,0.01,77,0.86,3473,Travel,On-Time,Platinum
5160,28,20000,71,24963,3038,4,398.19,1,0.77,63,0.78,1901,Travel,On-Time,Gold
5161,49,43497,81,32637,15032,4,72.97,20,0.46,45,0.73,4038,Fashion,On-Time,Gold
5162,18,56201,34,29897,8621,3,136.9,2,0.62,69,0.79,2922,Food,On-Time,Gold
5163,43,65560,69,21277,22878,4,492.03,5,0.36,155,0.11,2590,Food,On-Time,Gold
5164,45,55402,86,20014,873,5,53.24,17,0.29,145,0.74,2867,Food,On-Time,Platinum
5165,56,20000,45,27071,5863,2,190.82,20,0.35,149,0.85,2591,Travel,On-Time,Platinum
5166,59,90440,89,17709,16534,2,401.98,6,0.6,69,0.26,7550,Home,On-Time,Gold
5167,37,96746,55,16099,2642,6,192.34,15,0.62,120,0.6,3516,Travel,Late,Gold
5168,42,139075,23,12075,10230,6,418.74,2,0.55,75,0.56,1864,Electronics,Delayed,Gold
5169,33,43467,9,22468,0,7,109.54,1,0.41,124,0.24,6908,Fashion,Delayed,Gold
5170,28,40193,78,11552,2505,9,444.56,10,0.78,50,0.04,1496,Electronics,On-Time,Platinum
5171,49,20000,37,14339,3461,3,262.72,19,0.8,131,0.9,5338,Electronics,Delayed,Gold
5172,25,63257,83,36832,8804,4,66.6,2,0.72,78,0.57,4041,Home,On-Time,Standard
5173,38,111044,92,25391,16938,4,330.49,9,0.17,151,0.45,-1148,Fashion,Delayed,Standard
5174,30,50529,69,23228,8096,5,174.77,1,0.37,121,0.86,1075,Fashion,Late,Standard
5175,53,160737,47,14235,7733,4,365.19,18,0.91,108,0.72,4849,Electronics,On-Time,Platinum
5176,72,64736,8,26170,4374,7,456.23,0,0.47,15,0.17,3607,Food,Delayed,Standard
5177,25,80879,49,11866,1997,3,87.64,5,0.52,108,0.5,4605,Electronics,On-Time,Standard
5178,18,20475,68,7798,17128,4,159.92,4,0.82,41,0.64,2119,Home,On-Time,Platinum
5179,43,86488,47,15579,11232,6,226.0,3,0.94,110,0.71,1432,Home,On-Time,Standard
5180,45,20000,38,10562,7733,5,481.96,6,0.94,151,0.61,-317,Fashion,Late,Standard
5181,48,102747,82,23720,21219,4,232.5,2,0.26,59,0.48,4762,Fashion,Delayed,Gold
5182,38,103977,4,22927,0,3,100.98,13,0.07,50,0.01,-548,Home,On-Time,Platinum
5183,41,129371,83,21824,17154,6,183.94,15,0.52,79,0.35,3737,Food,On-Time,Gold
5184,50,34201,10,24669,0,3,58.69,5,0.7,157,0.59,5194,Home,On-Time,Gold
5185,60,81422,59,24320,10929,3,136.03,17,0.77,128,0.46,4875,Home,On-Time,Standard
5186,18,97552,26,14584,16753,10,324.37,17,0.67,75,0.02,3131,Food,On-Time,Platinum
5187,39,92691,92,23839,0,7,125.95,10,0.09,130,0.03,5476,Home,On-Time,Standard
5188,48,40388,6,22510,18652,4,462.72,14,0.33,106,0.95,3917,Travel,On-Time,Gold
5189,31,20000,59,15071,9036,10,370.98,13,0.01,133,0.23,951,Electronics,On-Time,Standard
5190,70,88878,49,17138,4374,6,359.7,13,0.79,59,0.76,4035,Food,On-Time,Standard
5191,35,68900,66,26818,11552,5,251.25,18,0.09,156,0.61,5017,Home,Delayed,Gold
5192,44,52333,68,9476,13657,5,401.15,18,0.6,99,0.72,4374,Home,Delayed,Standard
5193,53,105557,54,22667,26608,4,134.35,6,0.34,49,0.03,593,Home,Delayed,Standard
5194,36,73203,76,19133,8656,4,249.53,0,0.46,2,0.17,-990,Travel,On-Time,Platinum
5195,18,22232,15,19775,15923,3,497.22,5,0.29,126,0.63,2409,Electronics,On-Time,Platinum
5196,38,20000,11,17729,10840,4,179.04,13,0.74,116,0.09,1995,Home,Delayed,Standard
5197,60,29841,26,23369,12487,5,232.31,1,0.33,92,0.76,4217,Home,Delayed,Gold
5198,39,170720,32,7385,8232,5,149.15,1,0.72,128,0.98,2370,Electronics,On-Time,Standard
5199,32,103911,78,22016,4687,8,84.12,18,0.38,74,0.51,4699,Travel,On-Time,Standard
5200,58,82544,84,11610,12689,6,231.58,10,0.41,102,0.38,2281,Food,On-Time,Standard
5201,40,67733,80,28252,3026,9,115.37,17,0.55,108,0.06,4022,Home,Delayed,Gold
5202,37,65104,54,9657,0,8,280.24,8,0.44,34,0.2,3860,Home,On-Time,Standard
5203,47,121687,51,5000,10750,6,388.71,4,0.59,62,0.99,2125,Fashion,Delayed,Gold
5204,56,55376,36,6413,4225,8,431.66,11,0.92,40,0.23,3121,Travel,On-Time,Standard
5205,80,98076,14,19547,7968,4,125.61,2,0.36,84,0.09,3951,Home,On-Time,Gold
5206,57,61062,83,7576,0,6,455.74,19,0.71,29,0.92,2591,Food,On-Time,Gold
5207,62,152606,82,9548,16673,3,211.77,14,0.87,42,0.61,2483,Fashion,Delayed,Standard
5208,37,104691,64,14418,0,4,251.55,4,0.08,138,0.09,-1435,Travel,On-Time,Standard
5209,29,124822,67,24231,12988,10,312.12,13,0.56,73,0.52,5760,Fashion,Delayed,Standard
5210,45,51623,2,13860,13685,4,117.06,14,0.12,118,0.64,4380,Home,On-Time,Standard
5211,46,117325,71,18320,11396,3,428.73,18,0.79,129,0.5,2338,Fashion,On-Time,Gold
5212,28,62496,4,18189,17201,3,405.2,9,0.37,159,0.68,3938,Food,On-Time,Standard
5213,42,79401,8,8436,1756,5,262.81,9,0.51,121,0.27,99,Electronics,On-Time,Standard
5214,50,140401,0,23253,23732,5,192.92,9,0.53,127,0.03,4187,Travel,Delayed,Gold
5215,50,33288,29,38012,3714,5,273.63,6,0.58,57,0.96,3496,Travel,On-Time,Gold
5216,52,83129,70,6172,14626,2,344.45,4,0.98,81,0.66,4617,Food,On-Time,Standard
5217,49,92520,85,12939,22754,9,365.15,13,0.51,39,0.17,6967,Fashion,On-Time,Standard
5218,37,95800,19,9819,8522,6,246.96,17,0.75,178,0.01,1345,Electronics,On-Time,Gold
5219,37,56968,92,18414,4958,6,61.95,15,0.98,95,0.22,1640,Home,On-Time,Gold
5220,27,158450,26,8391,15557,3,370.86,14,0.76,56,0.42,3613,Fashion,Delayed,Platinum
5221,71,23202,88,30023,5987,5,193.91,0,0.83,163,0.97,2387,Travel,On-Time,Gold
5222,45,133355,98,31309,3956,4,445.47,3,0.04,99,0.72,2807,Travel,On-Time,Standard
5223,41,123602,90,25537,14844,3,239.75,14,0.19,101,0.28,1591,Travel,Late,Gold
5224,31,151035,62,27486,15272,5,408.08,18,0.68,134,0.83,4577,Travel,On-Time,Gold
5225,80,20000,74,20922,9787,6,215.24,20,0.9,101,0.69,5081,Electronics,On-Time,Gold
5226,28,40246,80,28638,10460,3,216.88,16,0.06,47,0.52,1349,Travel,On-Time,Standard
5227,38,134677,30,17572,11168,3,393.15,1,0.81,4,0.07,2728,Electronics,On-Time,Standard
5228,51,20000,81,15708,8657,7,292.78,0,0.19,83,0.6,5241,Travel,On-Time,Standard
5229,54,20000,18,25312,8058,4,165.35,12,0.45,146,0.12,3141,Food,On-Time,Standard
5230,59,55467,92,16916,511,6,427.77,15,0.84,119,0.84,4584,Home,Delayed,Standard
5231,72,82679,78,37105,4885,1,333.47,4,0.17,87,0.16,406,Food,On-Time,Gold
5232,52,138689,61,28432,9942,5,335.5,14,0.66,50,0.27,3735,Travel,On-Time,Standard
5233,29,67589,6,15539,24756,5,402.7,6,0.83,169,0.32,622,Electronics,On-Time,Standard
5234,41,50670,100,18651,1991,7,333.72,11,0.63,133,0.77,4705,Fashion,On-Time,Standard
5235,49,87455,36,18874,6534,1,166.16,19,0.03,176,0.44,7320,Electronics,Delayed,Gold
5236,76,93783,70,13994,942,6,54.65,17,0.66,29,0.85,3927,Home,Late,Gold
5237,24,92649,85,27107,0,3,404.9,13,0.18,106,0.36,5279,Electronics,Delayed,Standard
5238,63,67880,75,13018,19698,8,480.82,2,0.18,27,0.26,1896,Fashion,Delayed,Standard
5239,47,20000,7,19252,13711,7,373.73,14,0.39,118,0.89,1607,Fashion,On-Time,Standard
5240,57,38295,56,13836,19487,2,421.76,11,0.77,115,0.83,3220,Home,On-Time,Standard
5241,43,131810,81,15623,0,6,438.7,16,0.1,49,0.72,5118,Home,On-Time,Platinum
5242,32,82482,27,26149,14424,6,163.82,5,0.49,10,0.16,585,Fashion,On-Time,Gold
5243,56,62099,81,25424,24967,3,210.59,8,0.89,18,0.24,2202,Home,On-Time,Gold
5244,54,119726,94,17202,16713,4,380.29,10,0.48,6,0.95,2475,Home,On-Time,Gold
5245,59,29795,16,29097,13957,5,247.75,12,0.31,16,0.38,143,Travel,On-Time,Gold
5246,44,65986,86,24583,4617,3,336.59,0,0.28,11,0.66,320,Fashion,On-Time,Standard
5247,36,80510,10,20937,20206,7,171.14,5,0.99,147,0.31,3677,Travel,Late,Standard
5248,21,57344,14,27265,5489,6,371.71,12,0.11,60,0.36,1850,Fashion,On-Time,Standard
5249,57,79030,29,31351,13530,8,317.37,6,0.41,56,0.31,3715,Travel,On-Time,Standard
5250,51,67492,94,23520,2729,3,480.93,3,0.75,163,0.3,1745,Home,On-Time,Standard
5251,30,20000,5,22184,9326,6,465.58,4,0.31,6,0.96,6020,Electronics,On-Time,Standard
5252,36,82259,11,5000,16836,6,302.57,1,0.84,113,0.87,4424,Home,Delayed,Platinum
5253,37,21865,86,22098,16325,5,163.26,3,0.62,155,0.74,5976,Fashion,Delayed,Standard
5254,22,81624,60,23719,10122,9,225.1,13,0.46,49,0.56,1192,Food,On-Time,Gold
5255,32,129965,35,22515,25066,2,382.19,16,0.93,54,0.93,5933,Electronics,On-Time,Gold
5256,27,63759,34,12791,8531,8,239.72,9,0.37,165,0.78,1558,Home,On-Time,Gold
5257,38,28140,66,14506,18019,10,420.02,16,0.97,97,0.86,1938,Food,On-Time,Gold
5258,33,69920,91,25779,6062,2,157.43,9,0.07,8,0.75,2051,Home,On-Time,Gold
5259,20,41721,78,16895,1287,8,397.04,10,0.04,105,0.91,3457,Electronics,On-Time,Gold
5260,75,98780,76,21420,8604,7,403.21,17,0.08,35,0.6,2516,Travel,Delayed,Gold
5261,63,69080,62,5000,0,4,132.91,2,0.09,62,0.57,-1226,Travel,On-Time,Standard
5262,33,143390,82,19874,12247,5,89.75,16,0.23,125,0.54,4865,Food,Delayed,Platinum
5263,49,121519,39,26450,10748,5,320.63,18,0.41,42,0.78,2655,Fashion,Delayed,Gold
5264,51,68876,81,22416,14318,2,398.59,12,0.81,35,0.09,70,Fashion,Delayed,Platinum
5265,62,103624,30,18885,9902,5,471.96,19,0.39,27,0.81,4222,Electronics,On-Time,Standard
5266,32,59270,36,11603,7912,7,357.12,3,0.13,60,0.35,5321,Home,On-Time,Standard
5267,61,76358,84,5659,10533,1,357.42,5,0.03,119,0.86,4314,Travel,On-Time,Gold
5268,36,60542,4,13748,17910,4,245.14,11,0.56,80,0.5,3081,Food,Late,Standard
5269,24,105658,80,28320,17176,6,192.59,12,0.23,79,0.53,1270,Electronics,On-Time,Standard
5270,55,132319,82,19566,18947,2,240.09,0,0.36,94,0.81,3696,Travel,Late,Standard
5271,64,106945,3,25525,0,4,363.53,18,0.24,133,0.5,5718,Home,On-Time,Standard
5272,80,111877,25,31476,17488,7,492.64,17,0.41,42,0.33,6215,Home,Delayed,Platinum
5273,27,111921,23,20994,14880,4,358.46,12,0.97,137,0.08,3319,Fashion,On-Time,Platinum
5274,55,97050,38,26764,24327,3,310.74,17,0.97,60,0.94,4580,Food,Delayed,Standard
5275,38,29428,55,29081,6320,3,235.27,19,0.71,178,0.74,4153,Fashion,On-Time,Standard
5276,56,143038,53,8805,7884,3,224.55,19,0.24,146,0.62,3804,Home,On-Time,Gold
5277,22,147176,37,13905,11856,4,244.49,14,0.85,103,0.75,2598,Food,On-Time,Platinum
5278,26,65644,53,6528,0,4,271.98,10,0.01,65,0.72,5821,Food,Late,Platinum
5279,33,60172,18,5443,0,9,244.78,9,0.51,42,0.07,2352,Electronics,On-Time,Gold
5280,46,99496,93,16010,12192,9,443.54,9,0.88,119,0.11,1925,Travel,On-Time,Platinum
5281,35,97032,25,17955,1887,8,57.84,13,0.42,57,0.56,2792,Travel,On-Time,Gold
5282,54,66922,51,5022,631,6,303.21,17,0.25,85,0.74,583,Home,On-Time,Standard
5283,60,24998,74,23636,13792,5,429.87,15,0.63,126,0.3,852,Food,On-Time,Standard
5284,53,87228,60,16108,0,6,246.16,3,0.82,43,0.93,3346,Travel,On-Time,Platinum
5285,69,97057,66,31480,14885,7,441.82,13,0.67,148,0.17,6388,Travel,Late,Gold
5286,51,104032,21,21470,3935,3,319.28,18,0.25,30,0.78,2875,Food,On-Time,Platinum
5287,26,88971,16,21411,3644,10,174.73,8,0.13,49,0.14,1920,Home,On-Time,Gold
5288,65,64155,10,18362,12521,9,147.36,20,0.27,14,0.23,3065,Home,On-Time,Gold
5289,35,114760,38,19046,1340,2,69.83,9,0.14,13,0.42,2901,Electronics,On-Time,Standard
5290,58,77633,60,22962,22129,3,366.66,5,0.96,147,0.49,4793,Fashion,On-Time,Standard
5291,68,56403,90,27246,9262,7,342.86,7,0.37,173,0.28,2077,Travel,On-Time,Gold
5292,51,67773,48,9337,9875,5,402.3,12,0.97,85,0.19,3457,Home,On-Time,Standard
5293,22,20000,92,13301,14427,6,480.09,6,0.58,48,0.97,1915,Fashion,Delayed,Platinum
5294,31,67710,60,22349,17496,9,197.88,9,0.69,120,0.87,3847,Fashion,Delayed,Standard
5295,64,102537,11,19689,6333,6,159.07,11,0.91,42,0.6,2191,Food,On-Time,Standard
5296,42,88591,12,26335,14844,5,174.87,13,0.99,95,0.76,2800,Home,Delayed,Gold
5297,46,135826,57,14620,15261,2,299.78,8,0.95,177,0.42,4695,Home,On-Time,Standard
5298,56,64481,10,30111,20270,5,259.43,10,0.45,21,0.72,3677,Travel,Delayed,Standard
5299,55,94492,63,15862,6717,3,90.29,8,0.69,51,0.27,2946,Electronics,Late,Standard
5300,49,106709,30,17462,15265,1,148.71,13,0.39,90,0.16,7488,Food,On-Time,Standard
5301,41,168714,10,28758,13996,5,300.0,19,0.63,8,0.73,1977,Travel,On-Time,Standard
5302,40,80790,42,24569,12988,6,488.56,19,0.52,57,0.87,4561,Travel,On-Time,Gold
5303,57,33232,35,35856,0,4,393.75,3,0.02,21,0.23,4184,Home,On-Time,Gold
5304,53,108917,1,27590,18799,6,492.34,2,0.87,119,0.76,-24,Electronics,Delayed,Standard
5305,41,149629,86,30319,17276,6,374.47,4,0.36,17,0.61,2972,Fashion,On-Time,Standard
5306,61,62098,60,17624,14619,5,494.29,9,0.45,167,0.92,4005,Travel,On-Time,Standard
5307,43,108643,35,30427,5737,4,162.35,9,0.34,144,0.97,856,Fashion,Delayed,Standard
5308,32,124149,77,20551,21534,3,461.91,11,0.48,83,0.65,-1428,Food,On-Time,Standard
5309,33,115682,100,5000,9594,3,350.87,19,0.5,103,0.65,2871,Electronics,On-Time,Standard
5310,30,80022,48,23794,13405,4,319.12,15,0.63,4,0.82,2323,Food,On-Time,Platinum
5311,40,47061,26,24481,1983,2,365.71,4,0.38,129,0.94,-1561,Home,Delayed,Standard
5312,63,71748,11,11265,7804,4,306.15,7,0.23,118,0.19,4969,Home,On-Time,Standard
5313,32,93344,57,22877,10473,4,212.15,12,0.4,141,0.31,3978,Food,Late,Gold
5314,47,111328,92,20924,3834,2,416.1,7,0.32,141,0.37,1474,Travel,On-Time,Gold
5315,35,88357,5,29703,5382,4,217.18,11,0.57,1,0.08,2678,Travel,On-Time,Gold
5316,41,59803,43,23506,13751,8,243.78,18,0.73,53,0.24,2462,Electronics,Late,Standard
5317,22,97215,46,20003,17321,4,404.9,10,0.72,24,0.26,4767,Home,On-Time,Standard
5318,41,109403,22,9351,0,5,488.32,15,0.89,106,0.73,3943,Electronics,On-Time,Platinum
5319,42,90184,73,5000,26072,3,191.28,19,0.21,9,0.27,-1256,Home,On-Time,Gold
5320,53,41552,97,30124,3944,6,490.87,20,0.5,70,0.48,7715,Travel,Late,Standard
5321,48,67743,75,23152,2752,4,449.6,19,0.62,34,0.98,2087,Electronics,On-Time,Standard
5322,27,112912,95,18077,20713,4,139.14,16,0.52,140,0.65,1466,Electronics,Late,Gold
5323,61,20000,25,24436,14825,4,122.26,6,0.64,154,0.3,1693,Travel,On-Time,Gold
5324,48,20000,6,18102,16802,7,418.36,12,0.86,81,0.64,5729,Electronics,On-Time,Standard
5325,47,135323,31,5000,4088,6,79.94,20,0.09,119,0.24,3440,Electronics,On-Time,Gold
5326,44,95456,32,28104,13162,6,493.02,8,0.37,143,0.2,2024,Fashion,Delayed,Gold
5327,37,99269,81,29126,27893,6,142.36,7,0.51,76,0.39,5761,Fashion,On-Time,Platinum
5328,48,31927,98,17370,4026,3,60.64,1,0.52,125,0.14,4582,Electronics,Delayed,Gold
5329,52,104501,19,19667,15122,6,349.14,14,0.01,89,0.4,5299,Electronics,On-Time,Platinum
5330,18,86009,94,15095,4579,4,306.35,9,0.58,81,0.86,2023,Fashion,On-Time,Platinum
5331,36,20000,68,34756,2688,0,460.05,1,0.7,50,0.46,-1290,Fashion,On-Time,Gold
5332,41,131971,95,29632,8261,9,111.85,8,0.39,93,0.18,3409,Food,On-Time,Gold
5333,48,81347,51,13502,9785,2,133.54,14,0.91,89,0.27,1833,Food,Late,Standard
5334,62,59156,41,24840,8817,4,378.64,15,0.68,133,0.43,3371,Food,On-Time,Standard
5335,33,59880,82,12983,9495,7,225.92,4,0.63,152,0.51,555,Food,On-Time,Standard
5336,37,20000,0,13497,25411,8,332.83,3,0.21,180,0.67,2853,Electronics,On-Time,Platinum
5337,37,98733,62,16456,21954,6,65.69,6,0.98,102,0.86,3255,Fashion,On-Time,Gold
5338,32,85474,6,15137,11222,7,413.39,2,0.47,58,0.21,2238,Travel,On-Time,Platinum
5339,39,67236,57,7527,10669,6,168.55,17,0.04,120,0.77,1489,Fashion,On-Time,Standard
5340,56,126139,85,30611,20161,5,289.84,16,0.07,84,0.66,6001,Food,On-Time,Gold
5341,29,20000,49,21689,15148,3,362.44,1,0.34,98,0.39,5402,Travel,On-Time,Standard
5342,51,51129,33,32431,11864,5,124.73,12,0.04,167,0.17,1867,Travel,On-Time,Platinum
5343,19,40999,50,18670,25725,5,85.48,7,0.17,35,0.76,3500,Home,On-Time,Standard
5344,36,63848,9,8258,3961,3,50.19,2,0.68,121,0.22,5423,Home,On-Time,Standard
5345,40,77698,25,28203,9908,6,75.99,4,0.34,98,0.49,4265,Electronics,On-Time,Standard
5346,70,92200,31,22091,9040,6,459.9,5,0.41,65,0.43,669,Food,Delayed,Standard
5347,40,61121,41,17876,13280,6,283.67,3,0.95,133,0.72,1727,Home,On-Time,Gold
5348,18,39905,90,29639,2601,6,79.14,9,0.65,57,0.6,899,Food,On-Time,Gold
5349,18,142440,61,9254,13302,6,498.4,12,0.29,91,0.25,4044,Electronics,Delayed,Platinum
5350,45,171465,11,27848,8091,9,90.74,6,0.34,96,0.75,1546,Food,On-Time,Standard
5351,54,80731,39,25744,17254,3,463.18,8,0.95,55,0.68,3489,Electronics,On-Time,Gold
5352,50,44728,86,21850,7812,4,148.61,18,0.45,94,0.6,913,Travel,Late,Standard
5353,47,134018,77,8176,5999,2,366.21,4,0.44,115,0.05,2909,Home,On-Time,Standard
5354,62,20000,33,27504,14835,5,154.96,4,0.27,37,0.95,5032,Electronics,On-Time,Standard
5355,36,61609,80,25953,10788,2,496.44,5,0.32,177,0.03,4078,Food,On-Time,Standard
5356,58,47155,69,22128,8186,5,130.77,9,0.76,128,0.8,3837,Electronics,Delayed,Gold
5357,20,28618,26,19563,8625,2,207.79,0,0.81,147,0.21,-2017,Fashion,On-Time,Standard
5358,31,63799,7,10971,6621,4,111.32,14,0.24,175,0.0,3270,Food,On-Time,Standard
5359,18,40433,96,11039,24430,3,272.69,19,0.94,56,0.04,4217,Travel,On-Time,Platinum
5360,40,75506,98,13797,13844,1,243.38,12,0.32,163,0.07,5256,Home,On-Time,Standard
5361,44,76087,46,7397,15376,7,416.14,3,0.71,169,0.89,3194,Home,Delayed,Gold
5362,46,50146,80,7663,13651,5,434.47,12,0.62,122,0.75,2498,Home,Delayed,Standard
5363,45,60179,25,16449,11973,2,436.17,8,0.03,33,0.5,3653,Food,On-Time,Gold
5364,31,65766,56,9333,7066,2,66.54,14,0.86,77,0.91,3535,Fashion,Delayed,Gold
5365,42,107393,6,18140,5161,9,130.97,0,0.63,51,0.54,-792,Food,Late,Standard
5366,22,69062,87,20524,7035,4,337.59,3,0.58,45,0.33,1226,Fashion,Delayed,Gold
5367,65,107988,88,8409,14623,7,320.8,5,0.55,141,0.01,4506,Home,On-Time,Standard
5368,40,98432,98,26621,6973,3,412.94,7,0.67,80,0.8,3491,Fashion,On-Time,Gold
5369,37,97861,25,28087,19067,5,398.66,11,0.08,45,0.97,2328,Fashion,On-Time,Gold
5370,68,130513,58,5000,21861,3,147.08,19,0.76,152,0.15,2326,Electronics,On-Time,Standard
5371,26,30224,68,30820,0,7,204.77,11,0.31,176,0.97,3709,Travel,On-Time,Standard
5372,28,56072,46,24474,21216,1,304.56,18,0.42,126,0.23,4905,Electronics,Delayed,Standard
5373,28,145531,34,20750,2234,8,438.24,3,0.04,45,0.57,1091,Fashion,On-Time,Standard
5374,43,64707,29,31699,8167,8,286.34,18,0.14,69,0.19,2007,Travel,On-Time,Gold
5375,51,20000,49,20850,11048,3,360.65,12,0.81,107,0.28,4938,Travel,Delayed,Standard
5376,56,66881,88,13757,0,3,223.53,13,0.37,120,0.99,2055,Home,Delayed,Platinum
5377,80,80397,23,8059,5196,8,93.8,0,0.73,142,0.41,3270,Fashion,On-Time,Platinum
5378,18,20000,29,19059,11188,6,248.93,3,0.37,72,0.32,-390,Fashion,On-Time,Standard
5379,54,128357,83,19031,1453,4,121.82,4,0.87,75,0.6,3493,Food,On-Time,Platinum
5380,36,46451,53,6370,1155,6,211.25,9,0.49,122,0.05,2388,Electronics,On-Time,Standard
5381,36,88142,66,17137,22985,2,186.36,10,0.32,68,0.2,1931,Fashion,On-Time,Standard
5382,35,65960,31,32283,10931,1,160.4,4,0.79,56,0.94,5226,Food,On-Time,Standard
5383,31,23465,7,24035,17079,7,358.51,19,0.57,1,0.87,2452,Electronics,Delayed,Standard
5384,70,32179,49,9218,23505,5,140.39,17,0.56,116,0.48,268,Fashion,Late,Standard
5385,57,37596,46,22435,15693,2,354.69,10,0.72,87,0.76,2590,Travel,On-Time,Standard
5386,45,118426,86,25615,6497,4,67.47,9,0.99,103,0.33,4937,Home,On-Time,Gold
5387,65,69098,45,28242,5839,5,353.45,19,0.37,172,0.79,3141,Travel,On-Time,Gold
5388,22,54125,79,24673,13751,10,69.14,19,0.53,52,0.59,6100,Food,On-Time,Standard
5389,25,37615,34,29293,14871,4,130.11,8,0.3,103,0.08,1009,Food,On-Time,Standard
5390,18,122846,60,26044,11858,3,276.44,11,0.39,91,0.58,4048,Fashion,Delayed,Standard
5391,34,133568,88,18048,15391,5,494.56,19,0.06,46,0.41,1914,Food,On-Time,Standard
5392,47,122389,78,22643,9182,4,337.05,11,0.4,20,0.39,-1064,Travel,On-Time,Gold
5393,46,94697,50,18168,10100,8,51.54,12,0.2,132,0.63,1037,Fashion,On-Time,Gold
5394,47,86593,62,23227,7053,9,399.14,20,0.61,161,0.25,-86,Electronics,On-Time,Gold
5395,23,26362,7,25880,3940,4,203.27,10,0.04,39,0.65,2306,Fashion,On-Time,Standard
5396,57,65167,33,19393,3790,5,496.45,0,0.13,114,0.87,1869,Food,On-Time,Standard
5397,48,47645,24,22428,7424,4,322.87,1,0.54,40,0.83,3567,Food,On-Time,Gold
5398,55,20000,43,16136,15158,5,466.41,15,0.41,8,0.55,760,Fashion,On-Time,Platinum
5399,18,117281,82,17557,10244,4,72.0,15,0.41,94,0.66,1306,Food,On-Time,Standard
5400,49,47166,42,19447,7062,9,216.09,8,0.54,59,0.13,3304,Food,On-Time,Platinum
5401,27,122837,49,15517,8187,6,179.34,3,0.23,108,0.34,3660,Food,On-Time,Standard
5402,39,110269,12,30618,0,5,218.56,19,0.14,34,0.13,3834,Travel,On-Time,Standard
5403,53,97268,45,24772,6279,6,187.13,3,0.09,74,0.81,-1122,Electronics,On-Time,Standard
5404,46,99515,75,25921,15319,5,175.19,2,0.88,138,0.71,5331,Electronics,On-Time,Standard
5405,32,50387,78,24479,1912,3,266.55,17,0.77,160,0.32,1210,Fashion,On-Time,Standard
5406,45,149314,86,21358,0,8,401.22,11,0.37,14,0.83,3456,Travel,Delayed,Gold
5407,22,76725,52,10261,1410,5,340.97,6,0.28,47,0.68,3349,Home,Delayed,Platinum
5408,62,87077,62,28976,6549,4,216.33,12,0.52,176,0.43,2219,Electronics,On-Time,Platinum
5409,41,49036,1,36650,9559,8,315.3,13,0.08,167,0.65,3100,Food,On-Time,Platinum
5410,61,37753,39,25292,11624,4,458.13,19,0.92,138,0.66,2251,Travel,On-Time,Gold
5411,37,94091,22,13704,14933,4,170.92,3,0.58,146,0.05,2218,Food,On-Time,Gold
5412,37,83700,58,24752,8289,5,275.24,16,0.93,30,0.8,6301,Food,On-Time,Standard
5413,33,43425,68,13602,15103,3,460.24,14,0.95,157,0.71,2793,Electronics,On-Time,Standard
5414,58,20000,33,16186,1640,3,378.98,0,0.55,146,0.14,5547,Fashion,On-Time,Gold
5415,34,24203,73,5000,18413,6,128.63,12,0.5,104,0.74,3463,Food,Late,Standard
5416,54,122845,26,30959,12514,4,407.03,18,0.3,20,0.91,5493,Food,On-Time,Standard
5417,39,50469,54,22535,0,3,411.02,18,0.82,43,0.63,3611,Travel,On-Time,Standard
5418,18,61443,3,24583,10753,4,385.65,6,0.95,4,0.96,2035,Electronics,On-Time,Standard
5419,36,133013,67,26315,26221,4,318.11,16,0.18,90,0.4,2833,Food,On-Time,Gold
5420,27,30113,71,23819,24352,8,103.1,5,0.78,30,0.55,3263,Fashion,On-Time,Standard
5421,45,45920,69,27814,9873,3,261.16,0,0.18,47,0.87,4182,Electronics,On-Time,Gold
5422,27,44249,88,30923,14182,2,89.0,11,0.18,25,0.37,1202,Food,Delayed,Gold
5423,58,139722,26,19713,2221,4,283.51,12,0.26,70,0.01,3039,Travel,On-Time,Standard
5424,43,154735,46,6710,1053,3,232.31,13,0.69,81,0.05,3968,Electronics,On-Time,Standard
5425,42,105062,39,13251,8676,5,52.66,13,0.07,164,0.7,1071,Fashion,On-Time,Gold
5426,54,106335,83,24951,6587,7,399.97,11,0.32,103,0.65,4600,Food,On-Time,Standard
5427,59,51785,26,11782,11039,4,342.84,11,0.52,22,0.8,2360,Home,Delayed,Gold
5428,44,152893,6,19496,14402,6,158.35,6,0.8,179,0.1,7715,Travel,Delayed,Standard
5429,33,85707,22,40006,14142,5,338.92,3,0.33,87,0.77,1435,Travel,Late,Standard
5430,18,109124,83,28357,17140,2,294.86,16,0.5,51,0.77,5400,Electronics,On-Time,Standard
5431,34,70779,63,5000,13549,7,278.65,7,0.63,155,0.81,1347,Food,On-Time,Standard
5432,35,64278,97,38648,17897,8,219.39,13,0.26,65,0.05,3380,Travel,On-Time,Gold
5433,46,141521,28,30936,17201,3,69.55,9,0.93,35,0.84,6130,Food,On-Time,Standard
5434,39,96588,60,25306,8654,4,493.78,4,0.36,101,0.88,-74,Food,Late,Standard
5435,55,133055,43,21076,0,3,279.41,15,0.75,81,0.58,1012,Fashion,Delayed,Standard
5436,35,85213,68,8965,1451,4,74.64,5,0.67,53,0.96,-550,Travel,Delayed,Standard
5437,44,41065,26,17014,14123,12,72.81,15,0.64,136,0.51,3683,Electronics,On-Time,Gold
5438,62,51666,11,5000,11171,3,396.3,17,0.41,24,0.81,3912,Travel,On-Time,Gold
5439,50,79118,16,27612,24302,7,205.13,14,0.87,97,0.18,1932,Food,On-Time,Standard
5440,44,49939,36,21483,0,4,242.98,5,0.78,35,0.39,6174,Electronics,Late,Gold
5441,35,30701,33,14052,16243,2,326.87,8,0.56,13,0.41,3650,Home,On-Time,Standard
5442,35,123056,93,28080,9883,2,50.94,16,0.31,99,0.36,-2099,Electronics,Late,Standard
5443,32,53205,35,22660,4361,5,282.16,15,0.56,9,0.11,-1378,Home,Late,Standard
5444,36,80527,5,33113,22393,6,361.76,1,0.09,8,0.4,4347,Electronics,On-Time,Standard
5445,56,86845,95,16449,2343,4,226.74,2,0.54,104,0.95,5968,Home,Delayed,Platinum
5446,41,51473,31,31144,12379,8,123.02,4,0.7,120,0.57,-271,Travel,On-Time,Standard
5447,24,133031,72,21798,18745,5,433.39,15,0.92,2,0.96,-1033,Home,Delayed,Standard
5448,71,30314,21,13803,4147,3,228.78,18,0.72,130,0.7,3780,Home,Delayed,Standard
5449,49,85465,9,24750,0,3,498.4,7,0.23,9,0.41,1150,Electronics,On-Time,Gold
5450,23,84844,28,20597,14315,6,290.99,14,0.05,179,0.32,3894,Home,On-Time,Standard
5451,38,72829,10,23646,17974,2,106.88,12,0.29,152,0.1,1897,Electronics,Delayed,Standard
5452,46,23123,91,12109,6455,6,85.83,15,0.4,22,0.46,6393,Electronics,On-Time,Platinum
5453,70,109832,65,5000,0,7,143.73,0,0.01,112,0.83,3087,Fashion,On-Time,Gold
5454,28,104740,55,16042,11727,7,452.72,18,0.95,10,0.14,3417,Food,On-Time,Gold
5455,59,47977,84,24574,7940,3,271.46,3,0.59,149,0.93,3209,Travel,On-Time,Standard
5456,65,103299,94,24337,0,6,422.55,6,0.95,52,0.69,3517,Fashion,On-Time,Gold
5457,35,89996,57,16368,14057,1,351.87,17,0.35,26,0.72,4417,Home,Late,Gold
5458,40,23775,51,21871,4998,7,436.19,3,0.72,121,0.61,5586,Electronics,On-Time,Standard
5459,29,40842,60,16862,14284,4,283.0,2,0.64,46,0.23,4770,Travel,On-Time,Standard
5460,41,120531,16,18927,26101,6,418.57,13,0.24,105,0.28,4712,Food,Delayed,Standard
5461,44,87376,90,30096,9777,7,474.37,6,0.27,140,0.94,2913,Home,On-Time,Standard
5462,54,52427,29,9329,10586,6,115.07,6,0.4,117,0.54,1788,Food,Delayed,Standard
5463,61,40660,71,35093,10837,7,498.65,19,0.19,157,0.33,2993,Travel,On-Time,Gold
5464,33,54384,36,21391,9283,4,382.63,17,0.33,173,0.02,-58,Food,On-Time,Standard
5465,18,57220,4,36149,1842,2,308.51,6,0.57,119,0.4,2411,Fashion,On-Time,Standard
5466,44,41161,25,34890,12166,6,496.5,7,0.24,97,0.1,2955,Fashion,On-Time,Gold
5467,49,20000,69,5000,6043,7,125.0,19,0.29,157,0.2,2200,Home,On-Time,Platinum
5468,48,120600,79,21470,6866,4,341.45,6,0.9,87,0.71,3877,Electronics,Delayed,Gold
5469,40,113825,0,12149,4855,7,134.74,19,0.47,0,0.06,822,Home,On-Time,Standard
5470,46,24069,8,18917,13185,3,278.86,5,0.71,35,0.01,5888,Travel,Late,Platinum
5471,67,80452,84,23659,4523,4,67.82,8,0.27,11,0.57,3971,Electronics,Delayed,Standard
5472,50,38910,70,31656,12671,6,204.66,19,0.6,19,0.61,1673,Travel,Delayed,Gold
5473,39,64537,63,11320,13458,6,442.99,8,0.68,119,0.2,2847,Travel,On-Time,Standard
5474,37,61209,78,40233,10439,4,391.35,6,0.3,129,0.96,1140,Travel,On-Time,Standard
5475,42,57886,23,15352,141,5,228.58,1,0.44,88,0.81,199,Fashion,On-Time,Gold
5476,69,155117,4,9254,5768,7,127.01,14,0.84,159,0.26,5391,Home,On-Time,Gold
5477,42,57386,50,28759,9398,6,77.89,17,0.7,108,0.97,914,Food,On-Time,Standard
5478,44,42669,37,21020,777,4,478.86,7,0.89,30,0.38,-84,Electronics,On-Time,Standard
5479,37,44496,28,37690,12192,2,244.58,20,0.19,147,0.1,2777,Travel,On-Time,Standard
5480,61,116751,45,12127,20048,6,374.18,16,0.67,55,0.51,3098,Food,On-Time,Standard
5481,74,20000,51,21474,13535,3,458.69,7,0.02,23,0.86,1117,Food,On-Time,Standard
5482,51,44495,45,30161,1352,5,381.46,16,0.24,104,0.24,2951,Electronics,On-Time,Standard
5483,46,132872,74,13234,26992,5,260.79,10,0.06,92,0.68,5906,Home,On-Time,Gold
5484,45,84759,67,30253,6340,6,216.11,16,0.76,41,0.65,3544,Home,Delayed,Gold
5485,18,82676,58,23181,11765,3,442.9,7,0.51,130,0.44,5472,Electronics,Late,Gold
5486,56,160285,9,11955,5239,13,193.5,10,0.5,67,0.47,4035,Home,On-Time,Gold
5487,47,84853,97,30105,11472,6,197.21,20,0.41,78,0.52,1487,Electronics,On-Time,Platinum
5488,51,46672,3,18428,19661,4,390.61,16,0.06,70,0.09,1980,Electronics,On-Time,Platinum
5489,34,63716,51,29507,2502,4,313.62,3,0.76,99,0.28,869,Fashion,Late,Gold
5490,39,29582,73,14377,6714,4,242.59,19,0.72,138,0.17,2793,Electronics,On-Time,Standard
5491,38,125237,96,8383,11160,6,252.75,13,0.72,148,0.36,1968,Electronics,Late,Standard
5492,60,97982,17,16479,0,3,312.61,13,0.99,38,0.84,5014,Home,Delayed,Standard
5493,39,119976,75,19022,15763,5,246.84,2,0.84,139,0.53,3947,Home,On-Time,Gold
5494,76,123519,50,21559,4930,8,192.51,20,0.27,21,0.38,3515,Food,On-Time,Gold
5495,51,58431,22,24270,10344,4,457.74,9,0.15,145,0.8,1770,Food,On-Time,Gold
5496,25,37209,24,35676,2278,7,277.88,19,0.45,69,0.55,1526,Fashion,Delayed,Gold
5497,43,72931,59,19172,2014,10,139.37,6,0.83,143,0.25,3194,Electronics,On-Time,Platinum
5498,35,40089,36,34254,9910,4,124.05,15,0.16,159,0.19,4322,Travel,On-Time,Standard
5499,18,81598,67,28198,20903,4,179.43,2,0.78,52,0.99,2857,Food,On-Time,Platinum
5500,68,120283,76,19352,3309,4,493.94,6,0.94,48,0.1,1771,Electronics,Late,Gold
5501,55,68274,17,22453,16400,2,466.1,0,0.14,121,0.92,1521,Home,On-Time,Gold
5502,52,80999,28,23166,19171,10,91.44,12,0.68,178,0.69,-1061,Electronics,On-Time,Gold
5503,47,71246,29,28205,16838,5,87.93,19,0.21,11,0.24,4052,Electronics,Delayed,Standard
5504,24,107109,91,29425,8801,6,221.83,7,1.0,118,0.42,3230,Home,Delayed,Gold
5505,37,48288,6,8798,11656,7,280.95,7,0.89,6,0.84,-773,Food,On-Time,Standard
5506,57,20000,87,27829,20704,3,186.61,2,0.37,133,0.4,2590,Travel,On-Time,Standard
5507,29,93834,40,23262,16647,4,345.25,11,0.04,153,0.3,1107,Travel,On-Time,Platinum
5508,18,114513,73,23141,10147,7,242.86,20,0.05,155,0.18,4343,Fashion,Delayed,Platinum
5509,41,92854,36,18936,1791,8,291.79,12,0.49,8,0.08,1065,Home,On-Time,Platinum
5510,42,49390,26,25629,22853,2,176.27,16,0.96,149,0.94,-1169,Food,On-Time,Gold
5511,47,29599,20,27107,10823,4,81.26,13,0.85,56,0.67,-498,Home,On-Time,Platinum
5512,55,94779,99,20897,6175,4,361.46,1,0.48,173,0.22,176,Fashion,On-Time,Standard
5513,54,80659,42,28173,13692,2,376.77,18,0.22,119,0.55,5518,Travel,On-Time,Standard
5514,48,69968,50,14951,0,4,263.3,6,0.07,130,0.88,3465,Food,On-Time,Gold
5515,62,147898,92,20094,14858,8,438.06,17,0.38,17,0.53,5458,Food,On-Time,Platinum
5516,22,37127,70,22887,14261,5,187.81,20,0.82,68,0.29,-1430,Home,On-Time,Platinum
5517,52,146001,12,17524,12455,7,375.86,9,0.49,37,0.28,2949,Electronics,On-Time,Standard
5518,54,76271,52,17352,16575,6,311.08,8,0.47,21,0.03,1230,Food,Late,Standard
5519,26,20000,86,12561,11969,9,243.24,11,0.48,161,0.02,769,Travel,On-Time,Platinum
5520,22,67831,62,23453,14191,6,145.42,16,0.21,141,0.45,164,Fashion,On-Time,Standard
5521,33,113379,56,35559,14770,8,347.36,7,0.81,155,0.46,3754,Electronics,On-Time,Standard
5522,35,60397,24,24817,17302,3,122.02,12,0.75,167,0.72,1256,Food,On-Time,Standard
5523,56,20000,12,18657,7705,4,376.3,20,0.3,89,0.98,5646,Electronics,On-Time,Standard
5524,35,68419,36,30525,13079,6,146.73,8,0.18,50,0.11,-358,Home,On-Time,Standard
5525,32,40713,29,19726,6775,9,57.79,4,0.79,95,0.0,4748,Fashion,On-Time,Standard
5526,35,94672,89,26001,12188,3,186.37,13,0.98,78,0.06,3221,Home,Delayed,Gold
5527,61,105935,11,24481,9870,3,438.86,11,0.14,176,0.38,2916,Home,On-Time,Gold
5528,45,32749,64,8057,3691,6,62.93,8,0.16,77,0.8,1584,Home,On-Time,Gold
5529,42,46767,17,20802,13946,4,78.08,5,0.59,175,0.25,5242,Home,On-Time,Standard
5530,43,105265,84,37145,0,8,290.2,11,0.48,20,0.14,2979,Fashion,On-Time,Standard
5531,64,40646,61,15664,2326,3,51.85,15,0.15,99,0.01,4555,Fashion,Delayed,Gold
5532,33,31713,23,32746,14987,3,337.39,1,0.6,120,0.59,3996,Fashion,On-Time,Standard
5533,64,27852,59,28100,5339,4,330.97,11,0.02,101,0.49,2470,Home,On-Time,Gold
5534,48,89081,16,16406,13714,6,149.5,20,0.49,99,0.68,3880,Home,On-Time,Gold
5535,42,87366,59,20843,26073,5,245.76,1,0.12,168,0.65,5078,Electronics,On-Time,Standard
5536,80,47638,8,12336,0,5,394.79,7,0.38,92,0.67,2565,Electronics,Delayed,Standard
5537,29,75203,51,27603,12035,4,140.75,3,0.98,128,0.65,4922,Fashion,On-Time,Standard
5538,39,136085,91,12438,22934,13,321.41,2,0.37,150,0.19,1750,Electronics,On-Time,Standard
5539,26,36037,14,24023,11748,4,247.56,16,0.35,24,0.42,-503,Fashion,On-Time,Standard
5540,59,20000,76,35427,10046,2,227.42,16,0.43,21,0.2,1540,Home,On-Time,Gold
5541,70,93203,27,15625,7192,7,198.2,8,0.55,119,0.89,4755,Home,On-Time,Standard
5542,70,70583,80,23563,4443,7,295.08,4,0.01,166,0.58,4205,Food,On-Time,Standard
5543,63,46598,8,8838,0,2,163.06,17,0.82,22,0.78,1906,Food,On-Time,Standard
5544,42,101083,55,21136,6668,5,336.5,13,0.3,146,0.27,2933,Fashion,On-Time,Platinum
5545,39,108569,84,12696,10414,9,101.41,15,0.85,7,0.83,4028,Fashion,On-Time,Standard
5546,19,20000,93,22758,11061,2,436.27,1,0.14,137,0.15,5214,Food,On-Time,Gold
5547,75,48896,74,16515,16506,6,394.08,7,0.43,101,0.0,3181,Travel,On-Time,Gold
5548,52,167700,93,12874,16123,1,237.1,20,0.99,140,0.98,10361,Electronics,On-Time,Platinum
5549,37,98336,35,19700,11542,2,130.19,0,0.19,100,0.04,3289,Food,Delayed,Platinum
5550,64,102044,55,5000,12297,6,227.76,10,0.51,113,0.29,-405,Electronics,On-Time,Standard
5551,30,121915,88,12361,9591,2,353.39,13,0.32,91,0.24,2320,Travel,On-Time,Gold
5552,51,75682,70,39766,4712,10,214.77,15,0.65,146,0.26,3350,Electronics,On-Time,Platinum
5553,42,106867,19,18962,16560,3,87.07,4,0.07,0,0.22,3676,Travel,On-Time,Gold
5554,54,103722,54,16988,8872,3,99.1,7,0.81,164,0.12,768,Electronics,Late,Gold
5555,44,96561,59,23780,11854,3,363.45,9,0.64,83,0.77,3703,Electronics,On-Time,Standard
5556,23,62119,34,29273,28092,1,435.56,16,0.87,52,0.75,1644,Food,On-Time,Gold
5557,46,81882,73,34000,16383,4,423.16,18,0.76,71,0.72,773,Food,Delayed,Gold
5558,60,51465,98,20408,8566,6,384.94,16,0.14,49,0.65,6382,Fashion,On-Time,Standard
5559,44,75512,0,19282,0,4,392.01,0,0.87,38,0.49,1585,Fashion,On-Time,Standard
5560,56,28260,77,24017,17771,7,491.31,9,0.39,41,0.58,5020,Fashion,On-Time,Standard
5561,29,43375,44,21410,0,7,120.2,14,0.49,103,0.03,3415,Fashion,On-Time,Gold
5562,44,63707,68,19608,7048,4,295.4,15,0.06,118,0.48,1178,Home,Delayed,Gold
5563,35,37251,39,25762,0,3,168.29,5,0.23,48,0.85,4535,Food,Delayed,Gold
5564,56,54799,37,25642,6586,6,153.62,1,0.29,153,0.21,1562,Food,On-Time,Gold
5565,45,68442,97,21419,6497,3,234.18,0,0.81,163,0.71,1750,Home,On-Time,Standard
5566,55,91090,23,40236,11039,6,201.48,7,0.48,7,0.1,2826,Electronics,On-Time,Gold
5567,61,112970,3,36193,8547,5,344.39,3,0.36,26,0.08,1847,Electronics,Delayed,Standard
5568,55,56448,90,25386,16628,3,236.66,10,0.95,91,0.74,367,Food,On-Time,Standard
5569,49,128404,68,30208,14482,5,178.33,9,0.24,51,0.31,1261,Travel,Delayed,Standard
5570,30,112544,12,15546,15876,3,87.69,19,0.48,48,0.33,-564,Electronics,On-Time,Gold
5571,44,95163,20,21182,121,5,180.88,8,0.26,22,0.55,61,Travel,Delayed,Gold
5572,37,81145,100,26787,9077,2,267.75,11,0.23,168,0.78,4871,Food,On-Time,Standard
5573,39,87764,31,32102,14387,4,323.18,13,0.89,170,0.94,2878,Electronics,On-Time,Standard
5574,39,122482,37,12666,10609,9,337.69,4,0.56,49,0.26,1723,Travel,On-Time,Gold
5575,30,123943,94,15682,5894,4,144.25,2,0.0,115,0.51,3742,Food,On-Time,Gold
5576,18,128397,31,21577,4713,5,233.99,10,0.15,72,0.48,-2716,Travel,On-Time,Gold
5577,34,76653,78,33147,22953,5,231.41,9,0.88,121,0.32,169,Food,On-Time,Platinum
5578,47,97198,56,21562,13295,2,56.71,11,0.06,17,0.78,1430,Food,On-Time,Standard
5579,24,128741,47,30165,0,7,447.86,3,0.89,154,0.43,1267,Fashion,On-Time,Standard
5580,45,50051,29,19669,1246,2,353.26,0,0.21,113,0.45,2978,Fashion,On-Time,Standard
5581,73,62263,70,26787,0,7,348.0,7,0.98,46,0.03,4910,Food,On-Time,Gold
5582,60,75641,37,12229,259,4,310.24,6,0.62,26,0.52,4581,Food,On-Time,Gold
5583,69,110983,94,14912,1763,6,257.35,15,0.98,142,0.85,5110,Food,On-Time,Standard
5584,50,111606,43,18934,18528,4,151.16,19,0.52,114,0.29,4395,Home,On-Time,Gold
5585,62,65765,25,11360,13734,4,226.59,2,0.78,145,0.95,1671,Food,On-Time,Platinum
5586,34,20000,99,10899,4048,4,129.37,10,0.27,0,0.55,2255,Home,On-Time,Platinum
5587,35,84847,89,17323,4451,2,416.96,6,0.16,123,0.46,3974,Electronics,On-Time,Gold
5588,18,38267,1,8821,5759,5,144.93,15,0.1,139,0.51,2119,Travel,On-Time,Gold
5589,62,20000,42,19478,3737,4,174.77,16,0.33,154,0.31,4122,Food,On-Time,Standard
5590,68,24445,42,22681,8018,6,55.72,20,0.39,173,0.7,4451,Fashion,On-Time,Standard
5591,36,88055,62,13694,4163,7,218.49,10,0.32,145,0.79,3380,Electronics,On-Time,Standard
5592,41,129441,72,17562,8304,2,369.41,17,0.96,33,0.02,5701,Fashion,On-Time,Standard
5593,33,76555,57,17340,798,5,130.22,11,0.14,113,0.85,1121,Travel,Delayed,Gold
5594,50,83455,47,32710,9530,3,280.11,19,0.2,16,0.03,2996,Electronics,On-Time,Platinum
5595,61,122315,4,21283,11545,0,472.43,10,0.2,35,0.74,4440,Fashion,Late,Gold
5596,18,20000,90,38056,2771,6,247.33,0,0.73,100,0.64,-2365,Electronics,On-Time,Standard
5597,51,95807,75,16699,5023,4,407.6,13,0.67,53,0.66,116,Electronics,On-Time,Gold
5598,40,74536,34,16680,8675,2,409.27,17,0.18,129,0.59,-105,Food,On-Time,Standard
5599,46,97642,92,29200,16060,5,343.51,2,0.03,165,0.97,3832,Fashion,On-Time,Standard
5600,51,55660,15,5000,17968,6,214.73,13,0.04,170,0.03,2532,Fashion,On-Time,Standard
5601,42,42282,82,26244,9286,4,391.84,6,0.24,162,0.75,947,Fashion,On-Time,Gold
5602,43,80620,48,19257,11985,5,472.98,2,0.76,138,0.39,1536,Electronics,On-Time,Gold
5603,41,140967,59,20905,8977,5,172.46,7,0.9,26,0.57,1651,Home,Late,Standard
5604,59,109436,50,17315,18528,5,275.71,19,0.9,41,0.63,4390,Travel,Late,Gold
5605,51,54692,90,24719,21665,2,320.14,6,0.43,110,0.15,4467,Fashion,Delayed,Gold
5606,48,21361,81,5228,15682,9,317.47,10,0.82,180,0.12,1540,Electronics,On-Time,Gold
5607,25,20000,58,14050,13049,5,237.52,1,0.72,68,0.2,5226,Home,On-Time,Gold
5608,39,127643,63,35674,13096,5,294.62,6,0.07,102,0.27,1785,Food,Delayed,Standard
5609,58,36796,12,20512,10929,3,75.13,6,0.92,112,0.36,5971,Electronics,On-Time,Standard
5610,45,61979,93,10540,4668,5,78.99,2,0.54,142,0.08,3529,Electronics,On-Time,Standard
5611,54,127848,25,20495,6275,6,469.29,19,0.46,118,0.41,3344,Fashion,Delayed,Standard
5612,71,20000,69,25977,11763,8,298.0,9,0.59,100,0.92,2350,Home,On-Time,Standard
5613,60,134690,2,20774,6444,4,137.85,16,0.18,133,0.74,5299,Fashion,Late,Standard
5614,46,64854,86,19098,525,4,169.02,5,0.16,95,0.73,3639,Home,On-Time,Platinum
5615,37,29056,11,15277,8592,3,366.77,12,0.44,106,0.36,3445,Fashion,Late,Gold
5616,18,65105,40,9874,0,9,361.43,12,0.57,48,0.6,352,Home,On-Time,Gold
5617,42,46096,78,5036,23317,6,346.16,3,0.06,110,0.27,2318,Fashion,On-Time,Standard
5618,40,92632,64,13349,6034,7,162.47,2,0.09,154,0.39,3195,Electronics,Late,Gold
5619,50,49074,62,30506,9801,1,425.08,20,0.94,129,0.38,4661,Food,On-Time,Standard
5620,42,20000,49,16602,18350,4,79.2,19,0.36,102,0.78,6307,Home,Late,Standard
5621,40,66177,46,18697,27244,12,239.83,5,0.11,21,0.52,1228,Travel,On-Time,Standard
5622,18,20738,7,7819,8651,4,393.63,19,0.15,21,0.4,2926,Food,Late,Standard
5623,30,83172,30,20051,4435,2,157.22,19,0.4,69,0.17,4656,Travel,On-Time,Gold
5624,52,27514,10,16772,14517,6,158.2,8,0.85,20,0.92,4984,Travel,Late,Gold
5625,70,55479,16,17333,9711,6,50.6,8,0.35,30,0.36,148,Home,Delayed,Standard
5626,43,82303,26,15245,9024,2,272.43,10,0.73,6,0.33,3159,Food,On-Time,Gold
5627,49,66501,94,15357,11341,8,463.38,10,0.29,27,0.36,5075,Fashion,On-Time,Gold
5628,59,85017,26,18053,13079,5,280.7,3,0.45,120,0.26,-1506,Fashion,Delayed,Standard
5629,32,102211,77,19748,24153,6,470.1,5,0.25,122,0.84,-1116,Fashion,On-Time,Platinum
5630,50,28682,86,5000,625,5,146.94,17,0.73,64,0.69,2512,Fashion,On-Time,Gold
5631,33,72424,55,6552,23532,5,227.68,5,0.79,8,0.69,1215,Travel,Delayed,Platinum
5632,57,20000,68,15780,8476,8,496.22,10,0.46,134,0.51,1432,Home,On-Time,Standard
5633,47,84893,93,27378,16275,3,409.79,16,0.72,69,0.21,1274,Electronics,On-Time,Standard
5634,49,62967,97,8669,11063,5,309.03,10,0.32,67,0.44,-454,Fashion,Delayed,Standard
5635,33,35662,46,24644,10156,4,89.18,10,0.46,172,0.85,2875,Electronics,On-Time,Standard
5636,55,87628,18,33253,11364,8,108.71,17,0.88,29,0.73,3090,Fashion,On-Time,Standard
5637,76,121907,56,17866,4450,4,248.11,10,0.05,173,0.53,3689,Electronics,On-Time,Standard
5638,29,55959,30,16410,21231,6,416.72,6,0.46,31,0.81,665,Travel,On-Time,Standard
5639,39,37207,15,24301,13939,7,383.62,4,0.06,150,0.45,4444,Fashion,On-Time,Standard
5640,48,81601,44,20872,12688,4,434.54,5,0.43,12,0.8,4788,Home,Delayed,Standard
5641,56,21575,26,15020,7834,6,232.35,13,0.52,169,0.55,2098,Electronics,On-Time,Standard
5642,36,48584,60,22180,307,4,309.86,19,0.76,94,0.29,1567,Home,On-Time,Standard
5643,18,123896,25,14513,14762,5,188.6,18,0.31,85,0.61,2244,Electronics,On-Time,Standard
5644,65,77487,28,31008,15168,5,292.16,0,0.78,0,0.7,5917,Food,Delayed,Gold
5645,56,20000,43,18282,14162,5,327.34,6,0.06,78,0.69,651,Fashion,On-Time,Standard
5646,18,20000,28,23387,10640,11,282.21,13,0.23,13,0.73,2847,Fashion,On-Time,Standard
5647,35,81483,94,33317,8441,3,139.14,11,0.6,15,0.89,4851,Travel,Delayed,Gold
5648,68,109495,1,18554,18655,6,202.72,18,0.01,103,0.16,4847,Electronics,On-Time,Platinum
5649,66,20000,5,13990,13304,8,333.19,16,0.64,48,0.71,2112,Fashion,Delayed,Standard
5650,59,92988,8,15420,11975,6,308.25,6,0.72,107,0.86,676,Home,Delayed,Standard
5651,42,128213,14,19972,0,9,251.79,17,0.84,152,0.37,1335,Home,On-Time,Standard
5652,46,150514,83,18853,0,6,78.04,11,0.76,51,0.4,2103,Fashion,On-Time,Gold
5653,43,88248,57,18573,26272,7,254.18,14,0.93,38,0.19,4194,Electronics,On-Time,Gold
5654,61,95272,1,22797,15794,4,304.92,8,0.53,139,0.57,2351,Electronics,Late,Gold
5655,31,20000,2,20975,19077,3,148.46,8,0.74,71,0.95,602,Food,Delayed,Gold
5656,32,158990,51,16302,0,8,56.48,16,0.81,26,0.2,1242,Food,Late,Standard
5657,60,51980,54,20085,16951,5,280.46,7,0.63,156,0.81,631,Electronics,On-Time,Standard
5658,44,37661,52,14480,8011,5,220.65,2,0.93,46,0.22,4542,Home,On-Time,Standard
5659,65,64791,93,16128,10779,2,360.44,19,0.47,76,0.14,-11,Home,On-Time,Standard
5660,34,135466,71,5000,13782,8,106.61,13,0.23,88,0.59,6235,Fashion,On-Time,Standard
5661,44,163321,39,13334,11259,1,293.8,10,0.26,96,0.64,4836,Home,Delayed,Standard
5662,31,80016,84,26525,11218,6,454.81,15,0.36,152,0.77,335,Electronics,Delayed,Platinum
5663,45,114923,38,25030,3828,2,466.45,11,0.74,159,0.56,4735,Food,On-Time,Standard
5664,22,76728,42,25847,14283,5,445.8,20,0.56,118,0.41,1293,Electronics,On-Time,Platinum
5665,37,33488,12,23403,3761,2,410.85,18,0.93,118,0.15,-2192,Travel,On-Time,Standard
5666,23,134069,36,16120,4222,8,472.11,3,0.9,109,0.45,1370,Travel,On-Time,Standard
5667,55,50114,54,9879,10726,5,485.98,17,0.46,51,0.77,-1885,Travel,On-Time,Gold
5668,55,136421,31,17462,1170,6,177.99,16,0.4,90,0.93,908,Travel,Delayed,Standard
5669,19,126941,13,5000,18228,5,269.48,18,0.97,171,0.68,578,Food,On-Time,Gold
5670,65,99561,64,29137,18267,5,369.32,13,0.48,158,0.81,2788,Fashion,On-Time,Gold
5671,80,148158,26,21639,7021,7,278.63,14,0.99,57,0.69,4503,Fashion,On-Time,Gold
5672,45,164293,23,26836,8243,9,458.39,11,0.24,8,0.24,1942,Home,On-Time,Gold
5673,35,67990,21,15892,10249,4,488.57,15,0.89,157,0.84,2241,Travel,Delayed,Platinum
5674,80,42648,77,7151,0,6,273.27,0,0.27,47,0.76,722,Travel,On-Time,Standard
5675,25,20000,44,21474,0,2,198.83,12,0.64,100,0.21,1559,Home,On-Time,Standard
5676,45,164787,7,21377,15049,3,233.18,9,1.0,164,0.51,6282,Electronics,On-Time,Gold
5677,47,57412,90,18900,12727,5,355.36,2,0.57,64,0.93,3124,Travel,Delayed,Platinum
5678,65,120401,66,22281,7469,5,376.81,5,0.83,78,0.68,3206,Food,Late,Gold
5679,50,45349,63,16178,6941,8,220.13,19,0.25,70,0.9,2203,Home,Delayed,Platinum
5680,37,136530,96,21593,14974,1,430.87,14,0.56,97,0.26,4747,Fashion,On-Time,Standard
5681,30,46995,46,23750,0,2,106.71,12,0.47,91,0.83,2729,Food,On-Time,Gold
5682,39,27331,20,33404,23168,1,60.71,17,0.37,142,0.18,3083,Food,On-Time,Platinum
5683,29,66659,31,26126,16453,4,490.89,17,0.06,52,0.77,1327,Travel,Delayed,Gold
5684,45,53728,44,10086,7204,6,464.14,6,0.74,34,0.66,6249,Home,On-Time,Standard
5685,36,98851,43,16882,12673,7,187.59,11,0.98,57,0.81,4283,Fashion,On-Time,Standard
5686,22,72944,40,13156,19659,5,480.2,18,0.62,174,0.76,2386,Fashion,On-Time,Standard
5687,63,100108,95,30967,2667,7,190.81,16,0.08,10,0.47,4274,Electronics,On-Time,Platinum
5688,37,63359,51,16078,18988,3,262.42,12,0.67,55,0.91,2329,Home,Delayed,Standard
5689,25,48395,87,17888,9898,3,287.77,0,1.0,175,0.39,719,Food,On-Time,Gold
5690,42,51657,10,19104,14771,3,337.4,2,0.75,106,0.43,1624,Travel,On-Time,Standard
5691,46,156797,100,23222,16137,5,286.55,7,0.42,13,0.76,4075,Food,Delayed,Standard
5692,18,84006,84,10483,11165,9,460.14,8,0.98,63,0.81,3033,Home,Late,Platinum
5693,49,20000,17,19913,17653,3,301.95,10,0.91,156,0.34,3605,Electronics,On-Time,Gold
5694,29,54191,10,27508,7031,4,63.56,13,0.78,123,0.54,855,Fashion,Delayed,Gold
5695,70,78874,26,17370,9836,5,129.48,16,0.93,79,0.19,2418,Travel,On-Time,Standard
5696,52,148815,42,34628,4602,8,481.17,20,0.77,69,0.07,1773,Fashion,On-Time,Standard
5697,39,116147,64,12925,5163,3,70.05,6,0.98,176,0.38,1644,Electronics,On-Time,Gold
5698,33,38131,53,15963,11337,5,390.24,7,0.76,18,0.94,1813,Food,On-Time,Gold
5699,43,171734,28,26195,15947,2,489.48,1,0.15,51,0.27,2467,Fashion,Delayed,Platinum
5700,54,73753,20,20261,990,3,63.52,20,0.1,56,0.04,4791,Home,On-Time,Gold
5701,44,124853,28,18169,12748,4,436.98,7,0.25,138,0.65,3087,Home,Late,Standard
5702,41,28799,8,11044,18213,6,366.91,5,0.14,158,0.38,1496,Electronics,On-Time,Gold
5703,45,20000,60,15334,19235,4,64.73,5,0.56,147,0.74,3992,Fashion,On-Time,Standard
5704,35,20000,61,34645,9195,7,319.51,17,0.66,93,0.26,1137,Food,On-Time,Gold
5705,39,20000,70,22555,2627,4,462.26,6,0.12,8,0.71,6777,Travel,On-Time,Standard
5706,18,159483,94,24611,14684,3,250.35,1,0.01,16,0.86,-127,Travel,On-Time,Standard
5707,59,83581,90,15011,13107,3,384.56,1,0.7,22,0.5,3284,Food,Late,Platinum
5708,49,38014,95,21558,9991,1,196.55,2,0.05,137,0.95,4002,Fashion,Late,Standard
5709,33,93104,4,17792,7999,3,227.21,16,0.72,108,0.8,3167,Travel,Late,Platinum
5710,73,82573,96,10022,12356,7,359.86,6,0.07,149,0.44,3130,Electronics,On-Time,Gold
5711,46,99837,14,14125,12944,5,63.77,14,0.96,86,0.33,389,Travel,On-Time,Standard
5712,29,123381,56,15841,7129,3,379.78,2,0.25,32,0.99,1876,Travel,Late,Standard
5713,57,63403,4,36761,8474,5,168.35,16,0.07,137,0.93,7198,Travel,On-Time,Standard
5714,50,39806,19,34966,268,5,431.79,14,0.62,76,0.73,4799,Electronics,On-Time,Standard
5715,50,108111,100,6609,12157,5,301.63,16,0.72,107,0.35,6318,Home,On-Time,Gold
5716,38,107093,80,13390,12902,3,179.76,16,0.92,38,0.09,3393,Electronics,On-Time,Gold
5717,51,79029,3,18543,1393,6,357.05,17,0.83,26,0.13,4095,Electronics,On-Time,Gold
5718,41,162102,55,20210,9256,3,461.53,20,0.28,59,0.76,3012,Home,On-Time,Gold
5719,53,57487,84,18947,6334,7,282.84,0,0.2,42,0.65,1236,Fashion,Delayed,Standard
5720,18,39005,33,34799,17987,2,437.94,9,0.31,171,0.26,2444,Food,On-Time,Gold
5721,38,91723,39,16221,1128,6,471.16,15,0.24,133,0.08,-687,Electronics,On-Time,Gold
5722,70,48002,68,34527,17837,3,218.95,2,0.72,23,0.99,2222,Electronics,On-Time,Standard
5723,33,94820,67,27693,18903,5,423.21,6,0.7,176,0.69,3347,Food,On-Time,Standard
5724,35,41679,21,19498,0,5,399.97,18,0.56,6,0.01,641,Electronics,On-Time,Gold
5725,38,58990,13,14843,14494,9,300.38,6,0.07,55,0.16,625,Food,On-Time,Standard
5726,26,150633,67,14722,13546,6,74.79,4,0.95,69,0.63,2011,Travel,On-Time,Platinum
5727,18,58776,7,35541,0,3,411.47,19,0.35,63,0.13,6324,Electronics,Late,Gold
5728,41,43045,66,25769,7745,5,73.71,5,0.81,177,0.37,4310,Travel,On-Time,Standard
5729,47,121827,45,22358,6953,7,485.27,4,0.8,51,0.67,1273,Electronics,On-Time,Gold
5730,44,32958,28,5000,3375,5,255.5,20,0.3,158,0.0,3275,Travel,On-Time,Gold
5731,42,47282,89,16044,5541,5,62.05,6,0.25,101,0.0,6932,Home,On-Time,Standard
5732,45,98062,93,17043,15953,7,153.74,13,0.54,75,0.37,2554,Home,On-Time,Gold
5733,60,112536,11,21741,10590,4,153.29,12,0.36,103,0.98,1222,Food,Delayed,Standard
5734,42,123819,78,18905,5844,5,438.61,6,0.92,81,0.2,4819,Electronics,On-Time,Standard
5735,36,45111,51,16929,1963,4,83.29,5,0.91,116,0.44,242,Electronics,Delayed,Platinum
5736,40,98840,57,22575,15885,5,127.62,14,0.77,129,0.68,828,Travel,Delayed,Standard
5737,53,56355,1,27195,21854,5,215.17,9,0.02,119,0.38,3753,Food,On-Time,Standard
5738,66,50773,0,15226,8468,6,129.78,1,0.85,114,0.6,-1205,Electronics,On-Time,Standard
5739,35,123128,54,12079,9359,8,136.38,3,0.66,37,0.04,5198,Food,On-Time,Standard
5740,46,53017,91,15499,27872,3,145.87,19,0.52,6,0.52,1297,Electronics,On-Time,Standard
5741,50,86128,98,12318,15871,3,114.12,5,0.39,29,0.29,5659,Fashion,On-Time,Gold
5742,30,81223,33,17871,17719,7,328.35,18,0.62,175,0.93,4715,Electronics,Delayed,Standard
5743,45,32169,63,36028,5983,7,81.87,17,0.26,128,0.53,-346,Home,On-Time,Gold
5744,23,113643,67,17280,4076,3,210.48,9,0.58,49,0.33,6479,Electronics,Late,Standard
5745,18,97411,81,11195,19007,4,352.31,5,0.65,175,0.26,2808,Food,On-Time,Standard
5746,50,20000,11,16462,13200,6,189.66,13,0.68,146,0.09,1687,Food,On-Time,Gold
5747,39,86096,49,32490,11342,8,204.7,14,0.42,25,0.59,4563,Fashion,Late,Platinum
5748,48,44081,20,17772,12926,7,395.59,11,0.07,117,0.18,1623,Home,On-Time,Platinum
5749,44,118883,9,13532,22073,4,403.51,5,0.42,104,0.9,4576,Travel,Late,Gold
5750,30,20000,84,6151,4858,6,383.2,13,0.9,6,0.94,1123,Electronics,On-Time,Gold
5751,44,60740,88,17329,11109,4,199.82,17,0.54,94,0.46,6448,Electronics,On-Time,Standard
5752,26,89480,80,8412,5224,3,288.77,19,0.04,26,0.37,3800,Travel,On-Time,Standard
5753,65,77173,69,21729,11946,4,443.11,18,0.37,138,0.42,2284,Fashion,On-Time,Standard
5754,24,105518,13,16630,15608,4,242.11,4,0.62,99,0.32,1988,Fashion,On-Time,Gold
5755,42,20000,100,5000,12208,4,172.8,16,0.28,165,0.92,5108,Electronics,On-Time,Gold
5756,29,141076,39,33306,22131,3,62.95,9,0.19,58,0.95,4305,Home,Delayed,Platinum
5757,53,96005,81,37100,6394,4,306.82,19,0.58,7,0.39,2289,Electronics,On-Time,Gold
5758,40,129388,29,22053,13827,0,146.77,7,0.61,56,0.87,3113,Food,Delayed,Standard
5759,37,109969,72,32290,18944,5,378.22,19,0.46,126,0.63,2954,Travel,On-Time,Standard
5760,57,74535,13,21833,7353,6,87.88,12,0.09,50,0.84,3571,Home,Delayed,Standard
5761,45,23632,51,5000,6728,3,236.25,11,0.74,108,0.52,4075,Home,Late,Standard
5762,52,52457,16,17959,8931,4,200.42,8,0.76,128,0.12,7477,Fashion,On-Time,Standard
5763,30,138582,61,14942,0,6,175.83,17,0.39,103,0.43,850,Food,On-Time,Gold
5764,23,130417,97,8024,17951,8,494.92,13,0.01,64,0.51,1497,Fashion,On-Time,Standard
5765,46,50216,21,20013,11127,5,94.54,9,0.64,10,0.71,1365,Electronics,On-Time,Gold
5766,40,20000,52,14036,0,6,51.1,20,0.98,58,0.78,4739,Food,Delayed,Platinum
5767,54,66492,31,21502,7015,6,56.7,9,0.49,93,0.11,662,Electronics,On-Time,Gold
5768,43,63491,75,25866,19181,8,96.42,1,0.69,166,0.65,6654,Electronics,On-Time,Standard
5769,48,65009,54,33586,7701,4,431.83,15,0.53,22,0.5,2453,Electronics,On-Time,Gold
5770,20,96141,79,19735,20982,2,123.43,12,0.24,46,0.55,7900,Fashion,Delayed,Platinum
5771,73,110048,21,11023,8089,5,307.88,14,0.34,36,0.18,1695,Fashion,On-Time,Gold
5772,42,114611,37,15702,0,6,336.36,8,0.96,172,0.1,1380,Travel,On-Time,Gold
5773,55,92828,49,16638,0,3,395.13,11,0.6,77,0.31,2540,Food,On-Time,Standard
5774,32,20000,65,38390,24693,4,108.76,17,0.19,108,0.29,2437,Home,Delayed,Standard
5775,49,61352,44,19143,4252,3,107.95,6,0.05,153,0.31,2915,Fashion,Late,Gold
5776,25,167163,7,24071,5880,5,189.77,18,0.05,6,1.0,2012,Fashion,On-Time,Gold
5777,51,89968,64,28704,9207,5,96.39,20,0.5,95,0.54,-583,Food,Late,Standard
5778,39,89712,39,31009,11748,7,174.77,18,0.11,11,0.9,2728,Electronics,On-Time,Standard
5779,45,89379,4,21646,3059,7,317.46,18,0.83,29,0.67,7432,Travel,On-Time,Standard
5780,55,91615,44,17202,18947,6,242.94,11,0.34,44,0.09,1393,Food,On-Time,Gold
5781,26,20000,45,16070,12152,5,183.65,17,0.38,12,0.41,2778,Electronics,Late,Standard
5782,34,65419,35,9737,18589,3,201.19,0,0.34,88,0.57,1235,Electronics,On-Time,Standard
5783,51,73484,16,27104,0,5,155.18,8,0.54,17,0.74,4347,Fashion,Delayed,Standard
5784,76,126259,40,41917,13415,9,251.53,14,1.0,59,0.65,313,Electronics,On-Time,Standard
5785,42,76906,29,30814,12818,4,256.58,14,0.9,127,0.83,3370,Home,On-Time,Platinum
5786,53,20000,51,20168,9796,7,453.22,4,0.23,150,0.69,3448,Electronics,On-Time,Gold
5787,43,92203,78,9719,6334,8,350.6,16,0.9,130,0.02,1534,Travel,On-Time,Standard
5788,74,42847,19,15564,0,6,333.76,2,0.58,122,0.08,2934,Fashion,On-Time,Standard
5789,18,26328,35,23221,423,8,167.83,5,0.73,146,0.68,2445,Travel,On-Time,Platinum
5790,46,41633,65,17276,19093,5,203.46,10,0.52,48,0.57,3158,Food,On-Time,Gold
5791,20,96700,44,18986,12627,6,442.56,10,0.66,89,0.21,2304,Food,Delayed,Gold
5792,18,125350,3,23080,8598,5,304.75,0,0.39,43,0.28,1264,Fashion,On-Time,Standard
5793,49,94317,49,21702,8183,5,131.08,15,0.28,25,0.37,1597,Food,On-Time,Standard
5794,47,100280,87,38592,17148,6,376.88,11,0.5,153,0.54,4141,Food,Delayed,Gold
5795,40,93921,54,38214,16854,7,78.9,14,0.48,12,1.0,3095,Travel,On-Time,Gold
5796,43,79053,58,17525,4287,3,452.07,13,0.4,84,0.96,1707,Fashion,On-Time,Platinum
5797,80,102877,41,28254,0,5,295.76,4,0.79,44,0.47,196,Fashion,Delayed,Gold
5798,41,20000,1,8866,12592,9,491.21,9,0.72,117,0.72,1617,Home,Late,Standard
5799,52,79443,45,27526,18632,6,174.38,16,0.29,169,0.18,4106,Electronics,Late,Platinum
5800,35,33202,1,23870,14830,8,99.68,14,0.2,10,0.34,2488,Travel,Delayed,Gold
5801,49,121516,49,12785,21620,9,270.45,17,0.0,80,0.91,4220,Electronics,Late,Standard
5802,41,69113,0,29226,8802,4,296.44,7,0.98,36,0.13,3441,Food,Delayed,Gold
5803,38,76237,12,11799,11994,5,388.89,6,0.35,112,0.85,2426,Food,On-Time,Standard
5804,72,20000,69,18937,9605,6,320.44,8,0.61,147,0.05,1727,Fashion,Late,Platinum
5805,62,115673,21,21166,15336,4,230.95,2,0.75,12,0.3,7205,Home,Delayed,Gold
5806,47,100093,16,6482,5002,7,133.8,8,0.21,141,0.27,3445,Fashion,On-Time,Standard
5807,18,97277,58,21275,11360,7,449.63,10,0.67,13,0.6,1218,Food,On-Time,Gold
5808,39,42479,85,12785,21531,9,190.7,17,0.11,73,0.23,2667,Home,On-Time,Standard
5809,80,44054,69,16696,4896,4,146.05,6,0.1,59,0.2,3899,Fashion,On-Time,Standard
5810,41,83943,2,19220,0,4,168.91,7,0.3,63,0.61,3330,Home,On-Time,Standard
5811,61,47220,69,6435,13676,10,295.8,20,0.32,73,0.94,2519,Home,Delayed,Standard
5812,66,92395,80,15937,25685,6,56.17,10,0.18,103,0.0,3920,Food,Delayed,Standard
5813,48,20000,98,18600,5239,5,398.99,10,0.47,157,0.94,3965,Fashion,On-Time,Standard
5814,32,55498,48,17067,18936,4,406.49,2,0.62,3,0.32,4490,Travel,Delayed,Standard
5815,18,146870,49,12372,10097,3,444.06,16,0.93,124,0.2,4322,Home,Late,Standard
5816,55,92579,100,9163,3123,4,417.68,16,0.7,173,0.43,3412,Home,On-Time,Standard
5817,32,81671,34,11847,14820,3,89.66,13,0.52,50,1.0,1144,Food,Delayed,Standard
5818,47,154409,22,5000,40,5,288.39,6,0.54,16,0.57,3160,Home,On-Time,Gold
5819,26,20000,71,13227,20648,5,125.59,7,0.57,105,0.91,5799,Fashion,On-Time,Gold
5820,41,42387,6,29827,10776,3,96.95,18,0.29,141,0.69,2947,Travel,On-Time,Gold
5821,45,58953,49,7642,0,5,51.66,3,0.74,21,0.62,44,Travel,On-Time,Standard
5822,49,109334,9,27275,22977,10,63.76,1,0.65,10,0.15,2092,Electronics,On-Time,Gold
5823,28,110026,89,9260,16001,5,208.48,9,0.49,69,0.43,2522,Electronics,On-Time,Standard
5824,62,40359,54,24028,12212,11,58.22,4,0.21,162,0.52,3732,Home,On-Time,Gold
5825,36,114918,73,41040,16217,3,242.76,20,0.85,105,0.81,4265,Food,Delayed,Gold
5826,19,58867,18,24721,0,3,109.66,2,0.2,68,0.79,2007,Home,On-Time,Standard
5827,43,123465,22,18463,5628,5,420.92,0,0.2,164,0.88,1770,Travel,On-Time,Gold
5828,45,33694,94,18704,27563,3,221.93,5,0.15,56,0.83,678,Food,Late,Gold
5829,47,70067,63,27103,10907,6,337.8,15,1.0,175,0.86,6666,Travel,On-Time,Gold
5830,65,55393,32,23149,5516,2,262.65,17,0.24,117,0.0,4055,Electronics,Delayed,Standard
5831,41,117241,65,22127,11182,7,255.86,7,0.85,24,0.18,3835,Home,Late,Platinum
5832,43,54088,91,16248,2310,6,263.24,1,0.03,143,0.1,1900,Travel,On-Time,Gold
5833,28,73302,95,22640,21043,6,175.69,9,0.71,65,0.11,4888,Food,Delayed,Standard
5834,57,95272,96,5663,6875,5,105.66,0,0.03,73,0.11,2754,Travel,Delayed,Standard
5835,47,96810,8,15215,0,7,447.91,4,0.62,177,0.46,613,Travel,On-Time,Standard
5836,38,110478,28,34311,11191,2,389.37,7,0.27,114,0.43,4378,Travel,On-Time,Gold
5837,18,83444,78,26975,16982,3,162.85,15,0.07,126,0.41,5318,Travel,On-Time,Platinum
5838,66,58270,17,18966,14866,4,57.5,13,0.27,105,0.21,1873,Travel,On-Time,Standard
5839,26,61012,81,11263,210,5,287.95,9,0.12,116,0.43,1345,Fashion,Delayed,Standard
5840,36,76026,70,36113,3357,5,90.32,17,0.22,48,0.13,2240,Food,Late,Gold
5841,50,84983,77,15018,0,5,369.98,13,0.69,102,0.78,1217,Electronics,On-Time,Gold
5842,27,69113,28,12336,14995,2,187.83,10,0.83,22,0.81,195,Fashion,Late,Platinum
5843,22,75768,82,21391,13290,2,314.53,18,0.44,14,0.84,1864,Travel,On-Time,Gold
5844,18,20000,60,15676,13961,4,247.83,0,0.42,172,0.99,2710,Home,On-Time,Platinum
5845,55,101694,4,5000,6954,4,90.19,1,0.46,43,0.04,2840,Home,On-Time,Gold
5846,36,82244,68,8471,0,10,490.21,3,0.47,37,0.57,5222,Electronics,On-Time,Gold
5847,80,115074,55,18416,4405,7,50.56,13,0.23,125,0.24,1035,Fashion,Delayed,Standard
5848,30,75006,51,10970,17764,3,469.8,20,0.99,76,0.4,1977,Fashion,On-Time,Gold
5849,31,20000,14,7580,12600,5,364.2,5,0.67,115,0.83,4291,Electronics,On-Time,Gold
5850,36,60662,89,8276,0,8,296.67,19,0.77,1,0.23,4044,Fashion,Delayed,Standard
5851,48,67002,87,18513,8086,7,422.79,15,0.44,163,0.88,4463,Electronics,Delayed,Gold
5852,37,104716,82,18968,13962,6,62.87,7,0.76,26,0.76,2608,Food,On-Time,Platinum
5853,54,20000,19,26723,9295,6,111.7,9,0.68,68,0.34,744,Electronics,Delayed,Gold
5854,30,76647,72,10381,68,8,319.78,6,0.83,132,0.31,2645,Food,On-Time,Gold
5855,24,95547,91,18521,6596,4,289.65,18,0.04,6,0.28,3147,Fashion,On-Time,Standard
5856,18,48540,15,14633,4881,6,297.32,7,0.05,76,0.05,956,Food,On-Time,Standard
5857,18,77985,74,24410,10234,5,434.17,15,0.57,16,0.04,4089,Electronics,On-Time,Standard
5858,37,49918,97,20136,11967,5,349.78,2,0.38,40,0.19,1943,Home,Late,Gold
5859,40,45817,24,22744,5409,8,209.24,20,0.8,161,0.74,3623,Travel,Delayed,Standard
5860,35,58663,56,29856,14522,3,323.36,15,0.17,108,0.75,4250,Electronics,On-Time,Gold
5861,63,46572,20,21585,21440,7,363.43,9,0.25,160,0.65,4486,Travel,On-Time,Standard
5862,63,102344,4,28769,31806,4,136.93,7,0.42,38,0.6,1591,Food,Late,Standard
5863,39,45601,74,9520,3478,7,61.91,12,0.89,101,0.08,3287,Home,Delayed,Standard
5864,18,38883,8,8322,10524,3,276.71,3,0.13,177,0.1,2045,Electronics,On-Time,Gold
5865,36,145717,10,30593,0,4,353.77,6,0.78,111,0.61,3323,Food,On-Time,Standard
5866,36,113429,100,22240,6659,8,440.92,3,0.99,105,0.72,4427,Fashion,Delayed,Standard
5867,35,20000,64,24768,18951,6,311.93,8,0.75,171,0.13,3447,Fashion,On-Time,Gold
5868,34,44409,62,29355,0,2,314.22,15,0.55,67,0.24,4307,Electronics,On-Time,Gold
5869,35,84698,25,13941,7079,3,277.92,11,0.56,62,0.51,2524,Fashion,Delayed,Platinum
5870,39,87950,73,15073,9751,6,466.09,12,0.16,121,0.19,5902,Fashion,On-Time,Gold
5871,35,20000,18,26567,0,6,436.67,2,0.44,25,0.12,1999,Food,On-Time,Standard
5872,48,121342,15,17236,12634,3,278.66,17,0.53,101,0.87,3283,Travel,On-Time,Gold
5873,50,108008,55,15548,11779,3,354.52,2,0.5,84,0.22,5789,Food,On-Time,Gold
5874,31,94276,100,9840,5716,7,343.57,2,0.11,130,0.05,3213,Food,Late,Standard
5875,64,129269,67,27150,14541,3,161.53,7,0.15,50,0.91,3896,Home,Delayed,Gold
5876,30,93091,77,15650,4187,4,156.86,5,0.25,26,0.06,2543,Home,Delayed,Platinum
5877,20,92943,29,27044,13190,9,499.59,2,0.52,90,0.74,2238,Electronics,On-Time,Standard
5878,50,137307,6,23956,10028,5,420.21,13,0.16,130,0.88,5431,Home,Late,Gold
5879,32,119048,11,31146,11642,8,385.79,6,0.28,29,0.38,5676,Travel,Delayed,Gold
5880,49,41339,23,6476,8287,7,466.08,15,0.34,71,0.35,2050,Electronics,On-Time,Standard
5881,18,100327,21,5000,564,4,378.06,3,0.67,72,0.19,6300,Fashion,Delayed,Gold
5882,65,48429,46,34032,214,6,411.56,17,0.33,89,0.38,6000,Fashion,On-Time,Gold
5883,55,95166,29,28092,4610,2,179.71,6,0.7,80,0.45,4828,Food,On-Time,Gold
5884,22,94064,59,11803,6182,2,278.55,13,0.15,4,0.13,1702,Food,On-Time,Gold
5885,22,20000,38,13425,11904,8,242.32,9,0.28,106,0.22,1257,Electronics,On-Time,Gold
5886,70,70126,19,20374,9774,5,196.67,16,0.42,84,0.37,3830,Electronics,Delayed,Standard
5887,33,85610,25,18383,6796,8,383.84,11,0.27,104,0.37,-1360,Food,On-Time,Gold
5888,32,57548,48,14687,0,7,256.01,7,0.18,81,0.14,1163,Food,Late,Standard
5889,18,87588,68,13222,5131,3,461.82,13,0.97,15,0.97,3075,Electronics,Delayed,Standard
5890,39,107235,41,16164,1884,4,229.78,11,0.66,147,0.88,4444,Travel,On-Time,Standard
5891,41,73776,5,23947,22217,4,247.31,6,0.02,114,0.89,3787,Home,Delayed,Standard
5892,55,83983,52,20129,10514,6,450.71,4,0.19,78,0.14,680,Home,On-Time,Standard
5893,24,130336,33,16073,20959,0,63.3,1,0.66,31,0.49,879,Fashion,On-Time,Gold
5894,22,93927,68,14657,10539,4,282.78,2,0.35,55,0.69,2442,Electronics,On-Time,Gold
5895,51,83032,9,37149,23055,6,162.11,4,0.51,90,0.04,1435,Electronics,On-Time,Gold
5896,60,36676,27,15385,12208,2,243.2,16,0.8,134,0.02,2477,Travel,On-Time,Platinum
5897,21,101841,2,24167,12475,4,350.76,10,0.12,8,0.19,5847,Home,Delayed,Platinum
5898,61,88205,76,39708,23629,6,328.8,17,0.64,176,0.37,3334,Travel,Delayed,Standard
5899,45,126349,47,25528,5021,8,203.34,16,0.49,79,0.13,6291,Travel,Delayed,Standard
5900,61,76875,65,23791,5344,4,193.25,19,0.23,175,0.17,5684,Home,On-Time,Standard
5901,43,20000,34,29882,10873,6,214.98,13,0.32,105,0.82,653,Home,On-Time,Standard
5902,18,20000,51,31132,30423,5,382.68,20,0.03,153,0.8,2946,Travel,On-Time,Standard
5903,42,104427,61,19782,7358,4,250.9,16,0.98,179,0.78,3540,Food,On-Time,Standard
5904,60,52192,51,9372,12161,7,115.59,15,0.13,177,0.24,2670,Food,On-Time,Gold
5905,31,92470,46,18760,16325,4,463.09,6,0.75,115,0.22,2573,Fashion,On-Time,Platinum
5906,39,79569,53,24640,21192,6,204.26,20,0.44,157,0.89,1846,Home,Delayed,Platinum
5907,42,68326,27,17243,16279,6,255.55,2,0.47,22,0.87,4815,Electronics,Late,Standard
5908,18,71145,100,18145,20422,3,278.55,20,0.59,129,0.37,4551,Travel,On-Time,Gold
5909,70,40384,22,32947,15344,6,372.06,7,0.91,30,0.58,3670,Food,On-Time,Platinum
5910,31,74368,86,26285,10784,7,178.48,10,0.56,60,0.72,3902,Food,On-Time,Gold
5911,52,51620,34,24724,2454,3,396.94,8,0.8,101,0.93,-1070,Home,Late,Gold
5912,43,60109,31,11715,6378,4,51.31,7,0.84,113,0.06,-644,Travel,Late,Platinum
5913,63,62054,1,18035,7456,7,383.53,18,0.65,178,0.57,6404,Fashion,On-Time,Gold
5914,51,65932,15,23061,12029,5,125.56,19,0.64,100,0.92,3745,Electronics,On-Time,Platinum
5915,41,111886,15,25217,13696,7,133.48,14,0.86,12,0.26,4045,Food,On-Time,Standard
5916,31,69808,50,32704,23405,6,293.68,19,0.05,19,0.08,373,Electronics,On-Time,Gold
5917,56,115948,66,25354,0,2,188.35,17,0.64,8,0.12,3,Electronics,On-Time,Standard
5918,18,136514,91,15685,9650,5,112.5,7,0.52,101,0.1,4115,Fashion,On-Time,Gold
5919,54,109197,92,35048,23368,10,131.73,0,0.27,145,0.07,-20,Electronics,On-Time,Gold
5920,28,96378,53,17779,348,7,458.86,6,0.78,174,0.17,5227,Home,On-Time,Standard
5921,63,88073,19,27330,5067,6,368.45,9,0.3,120,0.68,3908,Fashion,Delayed,Standard
5922,47,109614,99,15389,13264,6,119.68,10,0.78,39,0.03,4702,Travel,Late,Standard
5923,54,78574,32,13783,16089,7,412.39,0,0.91,63,0.32,2697,Electronics,On-Time,Gold
5924,46,114382,85,9162,314,4,480.64,8,0.57,152,0.48,2820,Fashion,On-Time,Gold
5925,18,99564,7,9728,20830,3,96.01,8,0.8,14,0.18,5534,Home,Delayed,Standard
5926,32,60606,23,16202,14044,10,369.47,11,0.26,52,0.13,2410,Home,Delayed,Standard
5927,55,110834,52,30463,237,9,171.35,5,0.16,166,0.06,7136,Electronics,On-Time,Standard
5928,47,78659,63,22102,18075,7,291.62,2,0.57,139,1.0,530,Electronics,On-Time,Standard
5929,62,70754,57,5783,17166,4,153.05,14,0.43,117,0.15,3168,Travel,On-Time,Standard
5930,51,55952,36,26644,9985,5,114.2,13,0.42,109,0.68,-577,Home,On-Time,Gold
5931,30,81640,83,19964,6789,2,298.15,14,0.13,116,0.67,3041,Travel,On-Time,Standard
5932,33,114858,11,32132,1822,2,424.22,20,0.94,113,0.6,5015,Fashion,On-Time,Standard
5933,46,110557,83,16065,7133,5,484.55,11,0.11,51,0.77,3555,Fashion,On-Time,Gold
5934,18,89135,83,12760,17211,5,414.14,8,0.29,173,0.36,4027,Electronics,On-Time,Gold
5935,70,98985,3,33863,0,7,167.11,3,0.47,166,0.58,4470,Travel,Delayed,Standard
5936,51,125867,93,28027,4161,4,336.89,14,0.74,170,0.17,3654,Food,Late,Gold
5937,63,69001,30,6320,12031,4,111.54,0,0.63,160,0.38,3927,Food,On-Time,Platinum
5938,21,30383,85,22887,14969,2,235.68,14,0.07,32,0.97,2235,Home,On-Time,Standard
5939,63,127045,78,6339,14691,5,116.95,17,0.05,101,0.63,4248,Food,Delayed,Gold
5940,78,53808,37,27643,4527,9,397.08,2,0.57,21,0.17,1875,Electronics,Late,Gold
5941,25,47386,36,11093,9277,3,117.35,1,0.01,81,0.92,4327,Electronics,On-Time,Standard
5942,56,20000,91,9969,6779,5,383.84,15,0.56,138,0.42,2284,Home,On-Time,Gold
5943,45,97851,74,31099,11877,5,95.76,5,0.18,177,0.36,4155,Food,Delayed,Standard
5944,21,20000,13,23309,14054,6,294.91,2,0.19,141,0.42,2995,Travel,Delayed,Standard
5945,52,44989,74,25886,8787,8,143.08,5,0.18,89,0.47,2554,Travel,On-Time,Platinum
5946,57,98529,72,16127,10808,7,117.08,1,0.77,101,0.35,6661,Travel,On-Time,Standard
5947,35,103876,23,19353,9999,6,246.95,2,0.47,139,0.18,1916,Electronics,On-Time,Standard
5948,62,48931,9,32542,0,5,483.63,4,0.21,38,0.15,3860,Food,On-Time,Standard
5949,19,69633,37,22565,19056,3,89.22,5,0.06,96,0.53,2297,Fashion,Delayed,Gold
5950,22,40096,42,38641,17249,6,249.81,15,0.44,76,0.23,3306,Travel,On-Time,Platinum
5951,47,53064,36,18433,0,9,91.67,1,0.53,115,0.89,3680,Food,Delayed,Gold
5952,45,85648,41,27677,24747,4,159.64,5,0.59,43,0.91,4251,Electronics,On-Time,Standard
5953,34,54934,31,28875,12876,6,172.46,5,0.09,180,0.33,1229,Food,Delayed,Standard
5954,57,65231,83,21575,13825,3,278.13,3,0.37,30,0.17,2381,Fashion,Delayed,Gold
5955,52,20000,13,30898,6487,2,402.03,5,0.34,80,0.78,6859,Fashion,On-Time,Gold
5956,57,120318,3,15717,10869,9,200.55,1,0.33,118,0.1,955,Home,Delayed,Standard
5957,43,95402,23,26900,13823,1,401.1,8,0.89,121,0.89,3478,Electronics,Delayed,Platinum
5958,54,106716,95,11685,22750,5,57.28,19,0.36,23,0.39,6850,Food,On-Time,Standard
5959,38,126617,9,9889,2333,4,75.0,3,0.64,108,0.23,892,Travel,On-Time,Gold
5960,75,41991,15,20314,17865,8,126.27,5,0.88,13,0.85,1903,Food,Late,Standard
5961,32,60664,38,18970,7054,4,251.5,7,0.0,77,0.64,4326,Fashion,On-Time,Standard
5962,76,20000,95,11140,19942,4,215.53,15,0.74,163,0.03,1917,Home,On-Time,Standard
5963,45,200000,17,26120,0,3,375.72,1,0.65,169,0.97,3070,Fashion,On-Time,Platinum
5964,24,69016,24,32492,9466,5,496.77,9,0.91,9,0.98,5891,Electronics,Late,Standard
5965,65,116549,6,17409,0,7,409.16,17,0.45,142,0.84,2097,Electronics,On-Time,Standard
5966,46,25473,55,28327,5386,6,417.93,0,0.96,134,0.83,1452,Travel,On-Time,Platinum
5967,57,114855,46,14921,6655,5,494.51,3,0.47,16,0.11,4642,Fashion,Delayed,Platinum
5968,63,149303,81,18404,13049,4,258.24,6,0.07,78,0.1,4629,Food,On-Time,Gold
5969,50,72588,81,19607,0,1,484.95,3,0.77,47,0.06,295,Electronics,Delayed,Gold
5970,36,34564,2,26670,21597,8,312.84,3,0.02,164,0.32,1359,Home,On-Time,Standard
5971,59,69448,0,19346,22810,3,354.54,14,0.97,137,0.21,3650,Travel,On-Time,Standard
5972,45,20000,32,5000,11079,4,63.36,9,0.0,49,0.32,4715,Food,On-Time,Standard
5973,55,73484,70,29597,750,5,260.73,5,0.7,39,0.66,1872,Food,On-Time,Gold
5974,18,107838,73,20910,58,6,488.7,4,0.1,73,0.27,3620,Home,Delayed,Platinum
5975,51,73569,58,5000,10680,8,469.39,11,0.5,31,0.49,5098,Food,Delayed,Standard
5976,35,63634,71,31364,4454,8,223.98,10,0.12,38,0.68,3661,Travel,On-Time,Gold
5977,69,96102,31,31791,18938,6,307.15,18,0.57,125,0.15,2560,Fashion,On-Time,Standard
5978,54,99160,86,11368,7621,5,431.86,14,0.56,119,0.99,859,Electronics,On-Time,Standard
5979,48,20000,16,8655,13164,3,191.29,13,0.07,35,0.87,2564,Travel,On-Time,Standard
5980,52,78552,77,29142,9591,4,147.99,2,0.15,148,0.74,3645,Travel,On-Time,Standard
5981,30,172439,16,29155,6225,2,116.68,9,0.71,152,0.99,490,Electronics,Delayed,Gold
5982,69,21599,88,23855,4681,2,106.94,9,0.67,107,0.08,1659,Food,Late,Standard
5983,74,71583,20,16436,1955,8,451.25,19,0.29,140,0.05,9147,Fashion,Delayed,Gold
5984,50,152669,54,13665,7361,4,310.79,1,0.18,169,0.26,-320,Electronics,On-Time,Standard
5985,68,119167,5,24800,10478,6,291.25,13,0.68,66,0.34,2753,Travel,On-Time,Standard
5986,36,54464,83,14872,11604,5,127.78,9,0.54,25,0.67,3946,Home,On-Time,Gold
5987,33,83245,48,14919,10221,8,228.71,17,0.25,77,1.0,4773,Home,Delayed,Gold
5988,45,74915,83,26270,8623,3,495.7,8,0.98,131,0.91,4423,Travel,On-Time,Platinum
5989,51,45077,25,27859,0,6,267.01,20,0.38,139,0.65,2305,Home,On-Time,Standard
5990,39,72029,31,32006,18142,6,74.4,20,0.69,73,0.21,4743,Travel,On-Time,Gold
5991,53,63801,71,5444,0,3,229.16,4,0.88,10,0.56,2941,Home,On-Time,Platinum
5992,49,79509,43,16009,13536,6,74.35,19,0.95,3,0.75,3178,Electronics,On-Time,Standard
5993,30,45064,58,17266,18648,5,343.01,15,0.9,116,0.79,1169,Electronics,Delayed,Gold
5994,52,23935,28,19855,18380,3,238.7,17,0.59,126,0.99,5000,Electronics,Delayed,Standard
5995,57,73348,16,9825,15595,11,118.48,7,0.21,124,0.07,4268,Food,Delayed,Gold
5996,47,143604,17,24537,10521,1,431.18,7,0.93,179,0.94,3029,Food,On-Time,Standard
5997,62,78288,39,35114,3677,6,315.39,15,0.98,67,0.17,5025,Food,Late,Gold
5998,26,61736,62,10461,213,5,268.34,11,0.01,175,0.64,2090,Home,Delayed,Gold
5999,52,105163,81,21508,10252,2,406.41,5,0.91,144,0.67,1762,Fashion,On-Time,Gold
6000,27,68667,74,30039,5244,7,308.3,8,0.89,34,0.27,-87,Home,On-Time,Standard
6001,28,149721,44,18098,6411,8,79.37,9,0.45,92,0.16,1163,Travel,Delayed,Gold
6002,35,74843,75,14133,14840,3,166.05,9,0.79,165,0.31,1596,Food,Late,Standard
6003,30,103019,78,21425,8737,3,308.09,14,0.95,112,0.3,481,Food,On-Time,Standard
6004,36,44815,89,25870,4740,6,97.48,18,0.31,139,0.79,1950,Electronics,On-Time,Standard
6005,41,95123,2,9892,30906,6,162.53,16,0.47,165,0.21,2616,Electronics,Delayed,Standard
6006,57,86003,2,28290,7643,10,322.9,9,0.14,138,0.73,4734,Home,Delayed,Standard
6007,40,72739,37,18300,15461,2,466.52,3,0.29,45,0.15,6512,Electronics,On-Time,Standard
6008,21,54929,98,14662,14857,3,379.53,14,0.88,65,0.4,2882,Fashion,Delayed,Standard
6009,62,49478,72,7733,7080,6,278.4,9,0.18,46,0.17,3871,Fashion,On-Time,Standard
6010,32,86294,39,14775,5167,2,145.36,2,0.94,161,0.93,4098,Travel,On-Time,Gold
6011,44,100157,67,15144,0,2,136.67,20,0.56,58,0.8,2530,Travel,Delayed,Platinum
6012,51,69913,53,10439,11713,7,399.26,15,0.7,68,0.02,3115,Fashion,On-Time,Platinum
6013,47,86490,19,23789,10248,1,466.94,18,0.39,18,0.36,2752,Home,On-Time,Gold
6014,61,73483,14,21176,1514,2,104.22,11,0.23,108,0.35,4245,Home,On-Time,Standard
6015,52,78941,92,27846,18879,6,353.88,7,0.48,19,0.48,5237,Travel,On-Time,Platinum
6016,32,66982,4,25718,14373,6,377.54,9,0.31,1,0.22,-1461,Travel,On-Time,Standard
6017,77,75718,38,14878,10140,8,279.62,8,0.52,59,0.53,8300,Fashion,On-Time,Standard
6018,47,182921,39,17487,7417,3,199.03,10,0.1,30,0.32,3728,Home,On-Time,Standard
6019,42,87465,6,14036,8501,5,368.77,9,0.92,49,0.41,-778,Home,On-Time,Standard
6020,59,100811,71,7227,1728,6,255.82,10,0.27,37,0.42,2968,Food,Late,Gold
6021,48,92520,95,23069,5760,9,256.31,5,0.63,144,0.8,3395,Home,Late,Standard
6022,50,64487,99,21326,15063,2,95.8,7,0.65,95,0.61,1696,Food,Late,Gold
6023,80,126759,32,15133,8869,3,333.4,18,0.25,24,0.34,3883,Home,Late,Gold
6024,40,63353,36,26442,24990,3,91.02,9,1.0,143,0.82,426,Electronics,On-Time,Standard
6025,40,117202,31,17282,5795,4,175.6,13,0.48,2,0.27,858,Home,On-Time,Standard
6026,46,61631,42,29861,9398,8,131.04,1,0.75,112,0.18,5885,Food,Late,Platinum
6027,61,36601,62,18763,13365,5,475.31,4,0.03,76,0.1,517,Food,On-Time,Platinum
6028,22,89615,35,9642,14353,3,86.1,17,0.23,46,0.68,3701,Home,Late,Platinum
6029,18,30813,97,32180,8235,6,258.12,8,0.11,179,0.28,3207,Electronics,Late,Platinum
6030,36,96425,48,22923,5070,7,325.82,7,0.35,149,0.41,2023,Food,Late,Gold
6031,20,27233,24,12426,7932,3,259.72,0,0.74,155,0.92,1417,Travel,On-Time,Standard
6032,38,62239,95,16781,13023,3,347.82,3,0.14,30,0.46,3889,Travel,On-Time,Standard
6033,52,20000,65,13363,8152,11,64.19,14,0.41,134,0.23,5258,Food,Late,Gold
6034,31,187966,8,27929,27030,3,467.31,12,0.2,161,0.72,7262,Food,On-Time,Standard
6035,23,20000,92,5000,7994,3,209.65,5,0.23,104,0.75,4569,Food,Late,Platinum
6036,46,75392,17,22226,11740,6,244.78,0,0.05,29,0.99,4384,Food,On-Time,Standard
6037,57,120732,21,6256,10291,7,292.02,5,0.51,152,0.12,5361,Food,On-Time,Gold
6038,19,116455,98,5000,8521,6,339.94,10,0.17,66,0.28,-1952,Home,On-Time,Gold
6039,57,109053,14,23284,16138,3,106.5,5,0.31,90,0.2,2641,Home,On-Time,Gold
6040,57,62310,6,10315,2920,4,215.16,14,0.36,91,0.56,2862,Fashion,On-Time,Gold
6041,59,129043,12,25578,26573,4,318.27,13,0.23,74,0.93,3659,Fashion,On-Time,Standard
6042,63,111535,35,27713,5254,5,287.56,4,0.48,56,0.57,1095,Food,On-Time,Standard
6043,78,83491,15,16423,13333,5,73.24,13,0.09,16,0.25,4510,Food,On-Time,Standard
6044,39,84623,40,23908,11481,8,387.53,0,0.71,26,0.4,-527,Electronics,On-Time,Standard
6045,46,62843,20,31788,9860,6,224.14,5,0.29,72,0.77,3307,Home,On-Time,Platinum
6046,38,38613,27,12332,19248,6,58.75,3,0.51,96,0.51,892,Electronics,On-Time,Standard
6047,45,124486,73,26893,23622,3,408.48,0,0.11,66,0.21,3140,Food,On-Time,Platinum
6048,67,127488,82,13776,4541,6,52.59,9,0.03,27,0.7,2151,Home,On-Time,Gold
6049,24,39635,16,20027,4680,3,140.96,0,0.35,147,0.7,589,Fashion,On-Time,Standard
6050,32,68848,64,15019,13795,4,376.04,17,0.67,30,0.96,1342,Fashion,On-Time,Platinum
6051,65,69263,12,15315,9661,10,316.9,13,0.45,174,0.85,5761,Travel,On-Time,Platinum
6052,60,73693,35,17123,6514,4,301.11,5,0.71,108,0.85,4305,Electronics,Late,Gold
6053,39,77571,57,15206,8018,4,278.04,1,0.65,34,0.9,4274,Fashion,On-Time,Standard
6054,57,112874,19,18949,6508,3,481.17,3,0.71,155,0.62,3587,Home,On-Time,Standard
6055,50,45111,51,29349,2160,5,76.83,15,0.85,69,0.48,2657,Food,Delayed,Platinum
6056,67,41146,5,8980,11906,5,257.99,16,0.27,46,0.05,1961,Food,On-Time,Standard
6057,46,124464,22,23428,10367,6,485.92,19,0.01,180,0.39,3111,Travel,Delayed,Standard
6058,60,56494,41,11372,6828,4,168.11,0,0.05,155,0.5,4342,Home,On-Time,Gold
6059,80,24478,23,11861,0,4,64.8,0,0.22,163,0.94,5023,Home,On-Time,Gold
6060,53,55594,4,5158,7676,5,263.96,5,0.11,176,0.54,-56,Home,Delayed,Gold
6061,45,61797,31,28611,23718,4,396.93,9,0.29,175,0.6,2617,Food,On-Time,Gold
6062,55,137198,45,18069,7666,5,140.49,17,0.6,180,0.63,2145,Electronics,On-Time,Platinum
6063,39,111993,16,12807,7887,5,161.73,10,0.77,23,0.92,3073,Fashion,On-Time,Gold
6064,80,120900,74,21038,6618,7,122.52,3,0.16,42,0.39,3158,Fashion,Delayed,Standard
6065,47,107798,26,17208,14335,4,211.66,14,0.58,102,0.91,2410,Travel,On-Time,Platinum
6066,40,112849,67,28810,17516,13,448.09,14,0.9,24,0.58,4531,Food,Late,Standard
6067,32,47476,22,11857,5410,3,141.38,5,0.74,115,0.06,3845,Electronics,Late,Gold
6068,61,67055,86,18868,0,2,168.1,9,0.16,51,0.4,1377,Food,Delayed,Standard
6069,58,35403,33,26803,7614,3,448.16,9,0.64,33,0.09,5526,Electronics,Delayed,Gold
6070,37,66580,20,11476,6325,7,468.0,16,0.48,4,0.21,3055,Fashion,On-Time,Standard
6071,53,102364,21,16309,8540,9,74.05,7,0.25,44,0.36,5962,Travel,On-Time,Standard
6072,22,80383,64,9779,18357,4,293.36,12,0.53,149,0.96,1603,Travel,Late,Standard
6073,47,127459,31,13053,2835,6,183.41,11,0.16,0,0.59,3946,Travel,Delayed,Standard
6074,51,29343,61,7565,12953,2,126.01,18,0.32,143,0.98,4096,Travel,On-Time,Standard
6075,70,95009,27,11514,12999,2,283.17,5,0.36,36,0.31,1817,Fashion,Late,Platinum
6076,33,25067,81,9522,13527,4,400.52,12,0.34,38,0.67,1549,Food,Late,Standard
6077,25,78767,6,14657,14868,6,127.22,12,0.09,115,0.55,2411,Food,On-Time,Platinum
6078,31,104613,53,27776,0,9,195.34,19,0.42,75,0.39,4135,Home,On-Time,Standard
6079,24,66419,69,22239,14233,6,305.98,14,0.84,18,0.91,-861,Travel,Delayed,Standard
6080,65,97045,13,30377,9928,3,451.46,15,0.84,87,0.47,2794,Travel,Delayed,Platinum
6081,68,36610,93,16901,5170,5,450.87,19,0.42,152,0.39,7760,Fashion,Delayed,Gold
6082,49,20000,54,12823,21573,3,346.75,17,0.01,175,0.24,-388,Fashion,On-Time,Platinum
6083,63,97281,57,18982,16250,6,381.33,1,0.58,97,0.74,1732,Travel,On-Time,Gold
6084,47,144760,43,15139,4325,3,99.17,16,0.6,175,0.61,5653,Home,On-Time,Standard
6085,43,35158,45,23285,6665,4,354.89,6,0.86,28,0.24,878,Food,Late,Standard
6086,40,123887,13,7963,17558,4,200.88,14,0.84,5,0.82,4169,Fashion,On-Time,Standard
6087,40,76736,43,19421,9785,9,371.03,0,0.77,15,0.95,4468,Food,Late,Standard
6088,21,21572,40,32030,919,4,107.61,4,0.86,74,0.69,1382,Electronics,Late,Standard
6089,48,29739,72,12630,22300,3,312.43,4,0.25,158,0.42,4338,Electronics,Delayed,Platinum
6090,44,75631,94,16471,8281,3,211.59,11,0.57,126,0.79,271,Electronics,On-Time,Standard
6091,56,58821,1,6182,10212,5,242.44,11,0.93,10,0.55,4746,Home,On-Time,Platinum
6092,46,22483,81,28875,13214,7,98.92,8,0.53,176,0.03,3576,Food,On-Time,Gold
6093,42,20000,4,19214,4146,4,360.46,15,0.89,117,0.65,4606,Food,On-Time,Platinum
6094,31,41131,89,15839,19077,7,385.45,8,0.91,65,0.76,1159,Fashion,On-Time,Gold
6095,46,82752,86,20379,3503,3,110.47,16,0.07,52,0.29,4264,Electronics,On-Time,Platinum
6096,56,74743,11,19431,11681,5,276.63,13,0.92,88,0.3,-1228,Home,On-Time,Standard
6097,27,54950,77,14393,6314,4,404.18,18,0.1,105,0.33,5730,Fashion,Delayed,Standard
6098,46,83075,76,8763,17456,4,150.46,16,0.4,77,0.68,1212,Home,On-Time,Platinum
6099,48,116601,98,21231,13974,10,91.34,20,0.75,125,0.22,5200,Food,Late,Standard
6100,34,90765,46,20118,8754,2,460.15,5,0.07,129,0.71,5020,Electronics,On-Time,Standard
6101,36,70147,78,16898,0,4,393.38,15,0.4,78,0.11,1806,Fashion,On-Time,Platinum
6102,48,112122,34,17555,12643,5,186.76,2,0.23,93,0.51,871,Food,On-Time,Standard
6103,27,36605,18,28644,11016,8,379.98,8,0.71,97,0.76,2104,Travel,On-Time,Standard
6104,50,66003,78,22325,0,4,62.97,15,0.87,11,0.67,4393,Fashion,On-Time,Gold
6105,31,66956,62,9392,11430,5,413.56,5,0.77,5,0.62,4999,Travel,Late,Gold
6106,60,25521,7,30314,14610,2,224.99,5,0.55,89,0.73,6314,Fashion,On-Time,Platinum
6107,80,58205,22,25445,10452,7,169.17,18,0.84,65,0.12,5281,Food,On-Time,Standard
6108,32,20000,12,24873,6518,8,144.63,14,0.86,67,0.53,3624,Travel,On-Time,Gold
6109,53,151487,22,13654,19610,13,235.73,11,0.5,145,0.82,544,Food,On-Time,Gold
6110,34,37503,30,26830,22778,3,343.5,1,0.85,126,0.44,4965,Food,On-Time,Gold
6111,60,138444,29,21444,2207,8,407.48,19,0.89,19,0.23,2340,Food,On-Time,Gold
6112,26,76523,41,10706,17210,2,58.69,0,0.01,62,0.09,1356,Travel,On-Time,Gold
6113,52,97594,1,22302,12995,0,473.28,4,0.88,75,0.84,3402,Fashion,On-Time,Gold
6114,31,55448,10,27614,5732,3,426.68,12,0.06,8,0.94,2312,Electronics,Delayed,Platinum
6115,41,83317,24,24545,8516,6,481.7,6,0.3,168,0.63,1664,Fashion,Delayed,Platinum
6116,29,101019,28,5600,8832,5,165.67,3,0.55,156,0.01,6359,Food,Delayed,Standard
6117,57,101582,21,23196,17352,5,121.97,19,0.24,82,0.05,3027,Electronics,Delayed,Platinum
6118,32,105990,18,17089,6892,3,443.65,2,0.88,32,0.17,4337,Electronics,On-Time,Gold
6119,53,60266,72,5000,0,7,58.34,12,0.79,5,0.01,2042,Electronics,On-Time,Gold
6120,39,55785,40,25194,8506,5,236.98,17,0.48,40,0.52,5598,Fashion,On-Time,Gold
6121,43,20000,37,25464,16555,1,243.39,18,0.84,179,0.28,2499,Food,On-Time,Platinum
6122,47,95928,28,19749,18308,5,151.78,8,0.82,119,0.19,109,Food,On-Time,Gold
6123,33,118295,73,11841,7116,5,154.27,10,0.33,11,0.4,3020,Electronics,On-Time,Gold
6124,48,139639,21,31149,13334,5,350.25,19,0.06,123,0.16,4308,Fashion,Delayed,Standard
6125,67,87206,87,24381,18438,6,193.73,19,0.59,31,0.59,2235,Travel,On-Time,Platinum
6126,33,44340,7,24833,14573,5,96.62,12,0.79,170,0.08,4660,Travel,On-Time,Gold
6127,62,20000,46,27372,24456,4,202.06,11,0.93,144,0.25,4963,Home,On-Time,Standard
6128,67,116666,5,29699,19751,4,275.11,16,0.04,145,0.09,3170,Electronics,Delayed,Gold
6129,32,20000,6,22582,6984,7,68.46,6,0.4,39,0.9,4843,Fashion,On-Time,Standard
6130,23,61375,83,10892,9303,5,495.84,18,0.68,24,0.31,2281,Fashion,On-Time,Platinum
6131,49,66027,80,14511,21880,6,368.52,5,0.46,68,0.75,1215,Travel,On-Time,Platinum
6132,36,72221,35,15843,1799,2,101.01,10,0.22,101,0.13,612,Travel,Late,Standard
6133,73,76432,7,29726,9524,4,69.48,9,0.59,92,0.77,4229,Food,On-Time,Standard
6134,45,80525,76,21719,23319,5,496.02,7,0.88,87,0.48,264,Electronics,On-Time,Standard
6135,32,20000,87,14525,24216,9,331.65,7,0.94,70,0.75,3992,Travel,On-Time,Standard
6136,27,75586,45,18406,12060,7,319.95,7,0.99,170,0.49,6411,Home,On-Time,Gold
6137,61,20000,63,30582,0,5,149.84,7,0.38,165,0.17,2612,Fashion,On-Time,Gold
6138,36,104288,30,24915,7499,3,443.63,15,0.2,5,0.13,4843,Food,On-Time,Standard
6139,45,52794,22,28341,15060,5,81.57,13,0.81,33,0.22,-233,Fashion,Delayed,Gold
6140,59,20000,60,11074,4452,7,394.72,2,0.69,157,0.46,3285,Travel,On-Time,Gold
6141,37,42431,80,18324,26415,1,110.04,7,0.75,156,0.49,6856,Fashion,On-Time,Gold
6142,44,52196,49,14871,8352,7,411.31,1,0.36,152,0.49,2325,Food,Delayed,Platinum
6143,44,122627,45,32014,19309,5,146.57,5,0.22,28,0.6,4642,Electronics,On-Time,Gold
6144,55,82865,87,18897,9156,7,488.61,3,0.78,54,0.12,3366,Home,On-Time,Gold
6145,53,88777,42,15408,12176,4,141.36,15,0.45,33,0.86,-635,Food,On-Time,Gold
6146,41,122248,9,5000,9985,5,320.32,10,0.69,176,0.86,5094,Travel,On-Time,Standard
6147,45,71154,94,31285,6060,8,440.52,13,0.87,154,0.62,3111,Home,Delayed,Gold
6148,39,105167,19,31674,7194,9,244.89,17,0.34,1,0.82,5381,Electronics,On-Time,Gold
6149,22,102354,15,5000,14904,5,262.23,4,0.77,116,0.2,3690,Food,On-Time,Gold
6150,48,23541,77,21700,8519,3,475.95,18,0.45,25,0.5,3423,Electronics,On-Time,Platinum
6151,73,133919,2,27572,6918,3,82.51,20,0.62,10,0.13,-1209,Travel,Delayed,Standard
6152,31,20000,29,23816,14296,10,280.49,8,0.83,101,0.56,6494,Travel,On-Time,Gold
6153,33,111694,17,16511,20706,3,230.36,15,0.3,115,0.98,3164,Electronics,Delayed,Gold
6154,31,20000,58,12430,22001,3,273.15,2,0.84,45,0.19,2709,Electronics,Delayed,Platinum
6155,55,99049,69,29345,3035,8,182.36,0,0.21,31,0.19,5612,Fashion,On-Time,Standard
6156,51,149476,83,26165,4562,5,82.21,18,0.42,42,0.81,5112,Fashion,Delayed,Gold
6157,42,66480,34,25103,19080,6,162.67,8,0.28,147,0.4,-384,Travel,On-Time,Gold
6158,31,64745,18,29371,6540,7,59.53,16,0.02,41,0.27,5716,Fashion,On-Time,Standard
6159,46,99417,25,37489,8338,3,105.5,10,0.01,147,0.21,3912,Food,Delayed,Platinum
6160,21,61824,34,17393,564,6,160.07,9,0.2,178,0.57,4616,Electronics,On-Time,Standard
6161,47,147731,75,17409,15023,4,182.94,16,0.65,150,0.53,5550,Travel,Delayed,Standard
6162,58,82687,71,16764,9790,5,219.21,6,0.53,149,0.92,2027,Home,On-Time,Gold
6163,26,62193,56,12618,17432,0,454.85,5,0.32,93,0.48,2899,Electronics,Late,Standard
6164,22,53388,100,29555,15629,5,304.48,2,0.44,112,0.59,3534,Food,Late,Gold
6165,68,37682,48,30754,17367,5,452.45,3,0.68,88,0.48,6074,Fashion,On-Time,Standard
6166,35,49889,9,28523,17452,1,78.76,19,0.89,148,0.85,1060,Food,On-Time,Gold
6167,62,60973,84,33335,7293,3,199.73,8,0.26,164,0.12,2911,Food,Delayed,Standard
6168,42,55494,28,20811,9905,4,223.79,11,0.88,130,0.43,-1321,Electronics,On-Time,Standard
6169,42,48672,94,23004,11431,5,77.06,3,0.41,87,0.87,2679,Fashion,On-Time,Standard
6170,51,158953,70,25219,10753,11,465.29,17,0.33,21,0.04,4226,Travel,On-Time,Platinum
6171,31,33796,97,16640,14810,3,179.47,10,0.57,41,0.75,1590,Electronics,Delayed,Gold
6172,46,80865,97,11439,6770,5,401.75,15,0.36,147,0.26,82,Electronics,On-Time,Standard
6173,39,98700,93,21160,12206,4,260.4,4,0.29,3,0.78,3948,Fashion,Late,Standard
6174,25,100204,67,16267,5961,0,252.12,17,0.9,16,0.59,3544,Electronics,On-Time,Gold
6175,50,72655,93,37352,11776,5,431.59,0,0.41,27,0.41,5392,Fashion,Delayed,Platinum
6176,41,65371,88,8084,12568,2,200.52,16,0.15,174,0.78,3016,Fashion,On-Time,Gold
6177,42,93061,77,19527,1753,5,68.45,8,0.43,62,0.24,6321,Electronics,On-Time,Gold
6178,26,85660,23,22314,12478,4,282.56,15,0.29,5,0.4,6275,Electronics,On-Time,Standard
6179,68,64641,42,13360,19556,6,157.19,11,0.51,72,0.13,2858,Electronics,On-Time,Platinum
6180,58,20000,94,16326,17464,2,205.09,13,0.64,59,0.18,3269,Travel,Late,Standard
6181,59,56283,38,20483,1744,4,211.36,10,0.02,94,0.51,1877,Food,Delayed,Standard
6182,40,29137,91,10721,1151,3,450.31,20,0.79,30,0.24,3899,Fashion,On-Time,Gold
6183,19,48313,24,23264,13678,3,440.94,8,0.47,112,0.15,3258,Fashion,Late,Gold
6184,74,76328,82,32621,11064,4,470.3,3,0.54,91,0.43,4769,Electronics,On-Time,Standard
6185,44,89349,67,16969,8938,5,309.13,15,0.14,22,0.17,2453,Travel,On-Time,Standard
6186,33,146218,33,26144,0,5,317.37,2,0.44,130,0.88,2813,Travel,Delayed,Gold
6187,51,53503,95,33663,2814,4,270.96,19,0.49,121,0.89,3394,Food,On-Time,Gold
6188,62,105985,88,28053,19035,3,380.54,14,0.04,101,0.91,2998,Travel,Delayed,Gold
6189,44,87238,85,14183,12947,3,465.17,3,0.18,3,0.96,2071,Travel,Delayed,Standard
6190,64,126839,52,7698,23913,4,61.46,10,0.37,41,0.25,2328,Food,Late,Standard
6191,61,98049,91,17511,16073,5,172.89,10,0.18,83,0.57,3536,Fashion,On-Time,Standard
6192,28,34660,54,20472,12308,8,73.19,17,0.32,67,0.3,2174,Food,Late,Gold
6193,34,20000,52,5000,0,1,203.18,1,0.88,126,0.17,2910,Electronics,On-Time,Standard
6194,59,87450,17,20224,12348,4,431.63,15,0.62,121,0.27,2464,Home,Delayed,Standard
6195,18,53861,6,13387,9369,5,267.24,13,0.55,168,0.32,5146,Food,On-Time,Platinum
6196,42,35787,62,19048,2116,2,450.75,5,0.84,177,0.46,-1108,Electronics,On-Time,Standard
6197,23,24296,74,17506,19077,4,437.03,13,0.24,30,0.15,3392,Travel,On-Time,Platinum
6198,37,81439,41,18345,10433,5,113.73,5,0.98,12,0.07,704,Fashion,Delayed,Standard
6199,40,135308,10,26013,12911,8,177.63,17,0.22,133,0.39,4187,Electronics,On-Time,Standard
6200,39,58653,8,12005,4208,4,299.91,7,0.49,147,0.57,2109,Travel,On-Time,Standard
6201,36,98610,34,5363,12533,7,214.74,2,0.96,41,0.81,5006,Food,On-Time,Platinum
6202,28,70909,100,26637,8869,8,328.66,11,0.33,15,0.5,4700,Food,On-Time,Platinum
6203,79,23424,86,25175,25980,3,318.5,17,0.17,2,0.7,3809,Electronics,On-Time,Gold
6204,73,104392,96,24304,6138,7,64.35,0,0.41,163,0.86,3404,Travel,On-Time,Platinum
6205,27,31212,64,12916,5122,1,229.12,8,0.23,150,0.68,4630,Fashion,On-Time,Gold
6206,68,75865,83,24887,11790,5,252.07,15,0.75,162,0.18,3653,Food,Late,Standard
6207,39,61339,4,9758,8407,5,450.43,17,0.92,90,0.64,-54,Home,On-Time,Platinum
6208,46,110723,92,17589,11670,3,370.14,12,0.86,88,0.98,4656,Food,On-Time,Gold
6209,44,32673,25,32137,21495,2,154.67,6,0.14,25,0.82,1794,Travel,Delayed,Standard
6210,35,90634,50,24780,3166,3,313.32,9,0.95,113,0.55,905,Food,On-Time,Standard
6211,59,41408,37,19416,10791,6,237.2,12,0.74,113,0.89,781,Home,Late,Standard
6212,46,54555,2,18847,5622,6,454.97,18,0.76,98,0.05,4027,Home,Delayed,Standard
6213,37,20000,84,11186,5335,9,65.95,13,0.55,156,0.78,3624,Electronics,Late,Gold
6214,25,158683,58,32961,9036,3,498.46,12,0.37,165,0.64,760,Electronics,On-Time,Standard
6215,31,97022,12,28086,10073,2,110.53,13,0.25,93,0.18,6457,Electronics,Delayed,Platinum
6216,20,44306,94,26384,22461,6,334.0,13,0.47,6,0.78,999,Food,On-Time,Platinum
6217,45,30013,80,19257,6336,5,183.68,5,0.8,12,0.93,2932,Fashion,On-Time,Standard
6218,27,55174,34,17085,8267,4,279.08,14,0.31,38,0.75,4983,Fashion,On-Time,Standard
6219,41,103675,86,13924,0,8,186.68,18,0.89,128,0.7,2954,Fashion,Delayed,Standard
6220,65,20000,2,31449,13186,7,246.05,3,0.15,159,0.75,2950,Food,On-Time,Standard
6221,62,69336,52,5495,10853,6,154.15,7,0.05,86,0.11,678,Fashion,On-Time,Gold
6222,44,145825,54,24532,14164,8,87.19,19,0.5,16,0.89,3784,Fashion,On-Time,Platinum
6223,43,29642,44,7391,11688,3,330.32,7,0.93,178,0.63,4352,Home,Delayed,Gold
6224,73,78215,65,18378,0,5,444.09,20,0.84,159,0.29,286,Home,On-Time,Standard
6225,52,163132,66,19800,22147,5,302.53,12,0.14,53,0.07,3329,Travel,On-Time,Gold
6226,40,100286,83,9761,12115,6,259.11,15,0.14,83,0.76,4358,Home,On-Time,Gold
6227,23,80036,43,13163,12596,5,62.29,14,0.1,108,0.66,1292,Food,On-Time,Gold
6228,50,95265,72,25830,22320,8,271.15,20,0.79,155,0.66,5452,Fashion,On-Time,Gold
6229,57,58965,67,31828,6582,5,381.32,15,0.33,94,0.46,839,Travel,Delayed,Standard
6230,35,126985,61,22499,306,3,121.15,10,0.33,85,0.86,4960,Electronics,On-Time,Standard
6231,49,59026,24,14501,2383,1,394.0,10,0.93,131,0.9,3725,Food,On-Time,Platinum
6232,39,20000,51,12257,9770,4,267.7,11,0.64,165,0.56,4801,Food,On-Time,Gold
6233,42,59347,49,14075,9202,8,393.29,17,0.93,89,0.79,4625,Food,Delayed,Standard
6234,18,36330,0,19822,21382,5,116.92,3,0.24,2,0.79,1373,Home,Delayed,Standard
6235,41,63752,38,22063,12729,6,140.79,7,0.74,56,0.68,3219,Home,Delayed,Standard
6236,59,64636,51,29822,0,5,250.79,0,0.09,97,0.39,4567,Home,On-Time,Platinum
6237,35,122896,75,19414,5232,6,264.51,8,0.67,20,0.39,3384,Electronics,On-Time,Standard
6238,45,102811,39,14698,5834,3,497.37,1,0.43,14,0.22,4272,Travel,On-Time,Gold
6239,33,85530,59,10981,8138,3,493.77,12,0.03,26,0.04,2811,Travel,Delayed,Standard
6240,50,74882,87,18328,5095,8,255.61,17,0.08,56,0.36,4574,Home,On-Time,Platinum
6241,41,32645,72,6811,1476,3,157.91,16,0.94,117,0.66,3607,Home,Delayed,Platinum
6242,30,20000,83,15164,11043,4,361.69,7,0.78,101,0.4,3055,Electronics,On-Time,Standard
6243,64,79526,68,9920,6791,10,137.12,14,0.8,110,0.63,2958,Fashion,On-Time,Standard
6244,58,106785,19,17924,1170,2,174.33,11,0.03,46,0.83,7746,Travel,On-Time,Gold
6245,35,70666,84,23647,21229,2,292.5,13,0.75,38,0.55,2856,Food,On-Time,Platinum
6246,52,53605,1,23042,9551,3,475.47,18,0.03,36,0.4,2090,Fashion,On-Time,Platinum
6247,53,93580,84,25471,23931,3,63.05,15,0.28,39,0.04,1229,Travel,On-Time,Standard
6248,54,71666,87,12602,17886,5,353.48,14,0.5,37,0.39,1899,Electronics,On-Time,Standard
6249,19,142429,8,31341,6771,4,439.34,17,0.39,131,0.61,6509,Travel,On-Time,Standard
6250,60,124309,38,25328,22922,1,380.17,4,0.14,32,0.87,873,Fashion,Delayed,Gold
6251,36,113380,29,25035,17738,4,266.88,12,0.98,80,0.29,2835,Food,Late,Standard
6252,39,105309,53,29008,5959,7,435.83,11,0.05,101,0.37,-820,Fashion,On-Time,Gold
6253,80,23393,81,21412,7795,4,402.04,6,0.68,84,0.4,5301,Fashion,On-Time,Gold
6254,49,101519,57,19074,12091,5,380.17,3,0.79,18,0.78,5364,Home,On-Time,Standard
6255,39,90053,43,30787,8494,6,97.76,9,0.28,95,0.7,5913,Travel,On-Time,Standard
6256,18,99256,42,13314,17219,5,367.11,17,0.41,164,0.1,3246,Home,On-Time,Standard
6257,65,94704,9,18307,12748,2,120.02,15,0.08,67,0.3,4529,Electronics,Delayed,Standard
6258,24,93110,47,29257,17344,3,454.12,8,0.36,7,0.9,1629,Electronics,Delayed,Standard
6259,29,183034,84,18330,14437,6,341.66,4,0.35,131,0.72,4181,Travel,On-Time,Platinum
6260,40,71952,85,15300,5244,10,445.03,15,0.03,32,0.83,4126,Home,On-Time,Standard
6261,66,112453,16,12444,0,7,126.97,5,0.26,49,0.64,2154,Home,Delayed,Standard
6262,56,56160,4,21905,4892,6,310.37,7,0.93,113,0.82,3166,Home,Delayed,Standard
6263,42,106625,69,16569,24787,5,56.3,12,0.68,79,0.74,615,Fashion,Delayed,Gold
6264,49,112572,73,23912,16858,8,91.78,3,0.01,146,0.76,5169,Home,On-Time,Standard
6265,35,89577,63,33134,10834,5,206.31,8,0.52,50,0.48,666,Fashion,On-Time,Platinum
6266,47,141769,65,28582,19729,3,177.35,10,0.35,8,0.59,1160,Home,On-Time,Standard
6267,46,39628,70,5000,10231,7,410.26,7,0.98,28,0.67,425,Travel,Late,Platinum
6268,59,55511,3,25737,10795,4,294.69,11,0.95,68,0.12,5474,Home,On-Time,Gold
6269,59,83495,100,26299,12689,3,457.18,1,0.69,36,0.91,1184,Travel,On-Time,Platinum
6270,52,110232,82,17614,7123,4,478.58,19,0.02,1,0.31,5569,Food,On-Time,Gold
6271,39,82177,27,29953,3778,6,441.96,14,0.15,104,0.27,2819,Fashion,Delayed,Standard
6272,56,126430,83,22358,13060,5,178.03,1,0.76,120,0.48,3324,Food,On-Time,Standard
6273,43,48532,93,5000,10147,6,325.17,13,0.6,7,0.69,1832,Travel,On-Time,Standard
6274,28,29376,37,21133,8337,7,392.81,7,0.23,24,0.62,-430,Electronics,On-Time,Standard
6275,38,87325,65,17827,13750,4,289.06,18,0.11,21,0.51,-3666,Travel,On-Time,Standard
6276,46,71912,66,14970,7359,7,200.14,15,0.37,162,0.1,712,Electronics,Delayed,Standard
6277,58,96714,59,22902,15519,8,132.08,0,0.88,44,0.95,1311,Food,On-Time,Gold
6278,42,73903,46,25205,1559,3,483.58,2,0.54,2,0.0,5408,Electronics,Late,Standard
6279,26,61399,24,25353,1071,2,142.8,17,0.29,9,0.43,2298,Electronics,On-Time,Gold
6280,45,72002,65,25596,761,5,415.22,6,0.09,111,0.84,-1051,Fashion,On-Time,Platinum
6281,46,76153,78,10754,10080,7,109.93,19,0.18,120,0.02,-41,Fashion,On-Time,Gold
6282,47,62800,66,11508,588,5,494.68,18,0.42,48,0.6,3062,Travel,On-Time,Platinum
6283,58,66874,68,22155,22190,3,201.85,3,0.76,20,0.92,1430,Food,Delayed,Gold
6284,60,58856,39,28624,21928,6,400.36,11,0.49,82,0.14,3364,Electronics,On-Time,Gold
6285,36,109266,99,22828,12772,5,118.62,4,0.47,60,0.45,-1426,Home,On-Time,Gold
6286,35,82760,49,5000,16490,7,372.64,13,0.28,164,0.95,2401,Fashion,On-Time,Gold
6287,29,165270,39,24376,4038,6,360.66,7,0.25,53,0.88,1960,Food,Late,Standard
6288,55,81428,36,7539,18111,7,220.87,0,0.67,7,0.06,4337,Electronics,Late,Standard
6289,66,52965,90,25484,7864,4,68.14,7,0.71,16,0.49,2710,Travel,On-Time,Standard
6290,40,181827,68,15538,9648,3,235.42,5,0.96,27,0.94,6180,Home,On-Time,Standard
6291,41,91545,16,22419,8638,6,301.88,1,0.9,84,0.72,2775,Fashion,On-Time,Standard
6292,67,114604,61,36829,5013,10,74.84,6,0.59,43,0.5,4848,Fashion,On-Time,Standard
6293,52,98684,40,17175,14082,7,171.09,4,0.61,106,0.01,4862,Home,On-Time,Standard
6294,51,99920,75,13962,6213,6,490.61,19,0.39,7,0.52,4762,Electronics,On-Time,Standard
6295,27,96426,41,16526,8157,4,463.96,3,0.97,138,0.92,1913,Travel,On-Time,Standard
6296,55,30916,30,7979,0,3,417.95,0,0.92,76,0.55,990,Travel,On-Time,Gold
6297,31,89701,32,11967,12624,5,117.56,9,0.04,14,0.15,5178,Fashion,Late,Standard
6298,27,22005,42,28522,9280,3,232.59,18,0.37,27,0.75,2976,Fashion,On-Time,Gold
6299,39,68025,92,5000,3425,2,143.33,8,0.4,113,0.41,3950,Electronics,Delayed,Gold
6300,36,45975,66,14979,8331,3,146.93,17,0.27,142,0.61,-371,Electronics,On-Time,Platinum
6301,41,89298,37,21917,6739,2,446.16,5,0.44,118,0.99,672,Home,Delayed,Standard
6302,23,88365,40,16723,0,7,235.54,14,0.45,155,0.93,1144,Home,On-Time,Standard
6303,59,94245,62,30797,21365,7,432.04,11,0.78,96,0.5,2398,Fashion,Delayed,Gold
6304,61,86491,39,18665,19912,5,214.97,13,0.91,6,0.25,6524,Fashion,On-Time,Standard
6305,18,50726,29,17288,14995,5,74.37,12,0.53,43,0.02,7858,Electronics,On-Time,Standard
6306,59,64559,46,21193,18743,4,110.48,6,0.26,66,0.41,-549,Fashion,Late,Platinum
6307,32,111815,21,22173,6512,4,70.22,8,0.54,130,0.14,3215,Fashion,Delayed,Platinum
6308,57,117714,95,20000,9937,5,175.47,1,0.18,84,0.23,6316,Electronics,Late,Platinum
6309,43,29128,54,19427,6253,6,283.34,9,0.35,72,0.71,4337,Electronics,Delayed,Platinum
6310,45,20000,42,5000,11762,5,149.01,10,0.54,2,0.14,1279,Fashion,On-Time,Gold
6311,42,45924,60,10958,16680,7,310.15,13,0.95,93,0.98,3277,Home,On-Time,Platinum
6312,63,116808,73,24616,9474,3,182.44,6,0.47,51,0.15,4045,Food,On-Time,Standard
6313,26,123595,31,28062,979,2,268.96,5,0.01,122,0.9,2994,Food,On-Time,Gold
6314,54,38011,3,30218,12902,5,191.12,7,0.11,135,0.34,4310,Food,On-Time,Gold
6315,61,87292,92,8450,5765,3,319.46,8,0.4,111,0.62,2362,Electronics,On-Time,Gold
6316,55,148377,44,13300,16533,5,336.15,17,0.17,156,0.53,2752,Electronics,Delayed,Standard
6317,79,91612,71,31970,23123,2,436.77,4,0.32,101,0.05,2299,Fashion,On-Time,Standard
6318,37,131860,19,16952,17464,6,421.33,16,0.87,53,0.78,3795,Electronics,Delayed,Standard
6319,59,114949,70,24941,8490,3,297.65,3,0.69,77,0.17,5715,Fashion,On-Time,Gold
6320,43,38592,64,46939,10801,4,229.0,2,0.64,150,0.2,1524,Travel,On-Time,Standard
6321,63,67400,59,28398,9331,3,144.97,6,0.39,155,0.52,6544,Home,On-Time,Gold
6322,44,76390,88,18269,3712,7,327.98,10,0.77,56,0.02,6809,Fashion,On-Time,Gold
6323,39,79165,25,18873,6287,3,295.58,11,1.0,91,0.7,2756,Travel,On-Time,Platinum
6324,64,111653,72,24212,8934,3,66.9,17,0.33,114,0.23,2570,Electronics,On-Time,Standard
6325,37,91347,22,5000,8440,4,66.82,16,0.67,107,0.53,2033,Food,On-Time,Standard
6326,23,20000,39,23529,1429,6,117.53,7,0.2,28,0.17,946,Travel,On-Time,Standard
6327,37,22486,1,17786,10316,10,372.78,14,0.1,79,0.7,2242,Travel,On-Time,Gold
6328,54,20000,25,19380,9589,4,436.66,9,0.97,121,0.01,1343,Electronics,On-Time,Standard
6329,65,82014,77,20846,0,5,61.5,9,0.2,21,0.33,1781,Food,On-Time,Gold
6330,46,84619,61,32525,9132,11,418.19,7,0.1,65,0.48,4162,Home,On-Time,Gold
6331,64,86328,43,22051,0,8,259.42,7,0.48,136,0.17,1865,Electronics,Delayed,Gold
6332,24,36642,30,21877,2873,4,230.55,20,0.7,131,0.0,2364,Travel,On-Time,Standard
6333,38,101965,25,25720,1717,6,295.1,10,0.0,23,0.9,-328,Food,Delayed,Gold
6334,40,103650,82,20582,8377,2,471.64,3,0.4,11,0.84,1895,Home,On-Time,Gold
6335,43,24794,4,25293,5225,3,306.0,2,0.47,92,0.05,4440,Fashion,On-Time,Gold
6336,46,20000,69,19093,7639,4,97.06,12,0.49,180,0.76,3182,Fashion,Late,Standard
6337,55,74994,34,29306,23285,6,262.3,4,0.4,179,0.25,4077,Home,On-Time,Gold
6338,38,146671,15,30227,3230,2,490.03,19,0.15,82,0.03,5338,Food,On-Time,Platinum
6339,47,142989,30,25380,17696,6,123.49,8,0.71,143,0.53,8657,Home,On-Time,Standard
6340,44,97536,81,5000,14191,3,257.98,14,0.64,43,0.92,4818,Travel,On-Time,Standard
6341,31,45800,13,21402,12675,6,363.68,9,0.03,154,0.21,4213,Food,Delayed,Standard
6342,43,110473,24,5000,18624,3,214.24,13,0.6,77,0.18,-515,Food,On-Time,Gold
6343,42,56903,78,23052,6812,4,396.08,1,0.75,59,0.92,-2940,Travel,On-Time,Standard
6344,42,44299,89,32826,8956,3,145.47,20,0.13,28,0.17,1742,Fashion,On-Time,Standard
6345,45,20000,99,29139,4071,4,92.1,16,0.76,2,0.01,3328,Electronics,On-Time,Standard
6346,46,79095,74,17850,0,4,198.08,0,0.26,160,0.86,1773,Food,On-Time,Gold
6347,38,49805,100,18718,10730,9,440.87,12,0.68,89,0.05,2751,Travel,On-Time,Standard
6348,64,78857,100,5290,22046,3,371.4,17,0.67,130,0.29,574,Food,On-Time,Gold
6349,27,20000,70,20106,315,5,492.37,10,0.57,29,0.26,4132,Home,Late,Standard
6350,34,81793,17,18362,1014,6,198.41,20,0.22,79,0.65,2403,Travel,On-Time,Platinum
6351,80,20000,49,9950,12098,2,276.1,0,0.27,132,0.23,574,Travel,On-Time,Standard
6352,29,118517,19,12150,8419,3,240.52,19,0.47,174,0.37,4822,Home,On-Time,Gold
6353,24,95875,55,10414,20511,6,269.28,4,0.03,94,0.71,3225,Food,Delayed,Standard
6354,56,63853,1,37182,6424,5,113.75,4,0.42,163,0.5,4552,Food,On-Time,Standard
6355,18,97508,25,20955,20726,5,138.72,1,0.69,62,0.66,464,Food,On-Time,Gold
6356,41,35877,22,26032,13113,6,275.26,5,0.0,115,0.17,2391,Fashion,On-Time,Platinum
6357,77,77895,31,27327,17912,3,485.68,2,0.74,42,0.95,2474,Food,On-Time,Platinum
6358,21,106790,12,32896,4377,6,475.1,16,0.43,169,0.52,2801,Fashion,On-Time,Standard
6359,18,20000,12,32643,8443,5,92.3,0,0.49,54,0.01,238,Fashion,On-Time,Gold
6360,22,57111,16,27552,11140,5,312.21,8,0.22,46,0.37,2424,Food,On-Time,Standard
6361,58,74094,88,7828,12468,7,329.12,6,0.41,157,0.74,4546,Home,On-Time,Gold
6362,61,67148,57,27623,4897,4,336.17,15,0.51,124,0.36,2179,Travel,On-Time,Standard
6363,37,133284,85,16803,6479,4,338.92,7,0.98,154,0.46,5118,Home,On-Time,Standard
6364,55,30043,26,9894,20783,4,77.66,14,0.62,76,0.17,1894,Home,On-Time,Platinum
6365,65,50153,16,17023,16316,6,278.28,14,0.63,138,0.24,2568,Travel,On-Time,Standard
6366,71,20000,89,21225,1391,8,51.02,12,1.0,180,0.03,5075,Electronics,Delayed,Platinum
6367,41,135411,37,5000,11849,8,463.12,14,0.04,165,0.53,2844,Electronics,On-Time,Platinum
6368,18,65148,13,23204,18461,1,57.61,2,0.87,21,0.58,3806,Food,Late,Platinum
6369,32,57463,13,29094,4871,4,399.8,20,0.79,154,0.13,4240,Home,On-Time,Standard
6370,38,72900,11,20693,13701,2,158.07,10,0.05,96,0.34,4013,Travel,On-Time,Gold
6371,41,100449,68,11342,13994,5,313.88,9,0.44,41,0.46,3860,Home,On-Time,Standard
6372,42,88894,100,24879,0,4,253.17,2,0.52,143,0.98,4163,Home,On-Time,Standard
6373,61,180915,67,19784,4568,12,294.72,0,0.03,135,0.41,5087,Home,On-Time,Gold
6374,64,93157,54,33931,6308,3,320.54,20,0.45,113,0.3,1813,Travel,On-Time,Gold
6375,42,56390,62,5000,10001,7,492.46,14,0.88,117,0.54,303,Fashion,On-Time,Platinum
6376,61,52545,28,5000,6152,4,401.68,7,0.03,39,0.65,3582,Home,On-Time,Gold
6377,50,59289,88,19207,12749,7,410.71,6,0.83,131,0.49,1780,Home,On-Time,Gold
6378,45,20000,44,16312,7758,5,453.56,18,0.84,36,0.43,1686,Home,Late,Standard
6379,58,76594,3,22155,0,6,459.89,13,0.0,107,0.58,1967,Fashion,On-Time,Standard
6380,46,106338,15,23335,0,6,433.94,15,0.91,9,0.54,1272,Home,On-Time,Gold
6381,75,50465,65,32156,6231,4,387.29,18,0.72,159,0.32,3522,Electronics,On-Time,Standard
6382,23,42704,22,18071,11080,0,50.33,18,0.94,113,0.43,3289,Electronics,On-Time,Gold
6383,37,135637,67,23598,9967,6,320.72,19,0.93,134,0.34,3982,Travel,On-Time,Gold
6384,43,20000,19,9476,2411,5,79.77,11,0.25,41,0.46,11,Food,Delayed,Gold
6385,51,20000,16,39720,15831,2,55.55,13,0.52,52,0.85,3210,Food,On-Time,Platinum
6386,64,28883,51,28848,7211,5,59.1,20,0.49,16,0.51,1334,Home,On-Time,Gold
6387,44,20000,5,27060,15958,2,470.42,17,0.71,15,0.37,4070,Electronics,On-Time,Gold
6388,23,90449,81,13543,16230,4,179.06,6,0.58,162,0.9,5311,Fashion,On-Time,Standard
6389,57,60571,83,30899,15741,2,306.21,18,0.96,10,0.32,6717,Electronics,On-Time,Gold
6390,56,66212,38,28106,14477,12,135.7,12,0.5,9,0.55,4163,Electronics,On-Time,Platinum
6391,18,121117,33,25116,1675,2,390.68,3,0.37,155,0.49,5334,Home,On-Time,Gold
6392,44,47346,53,19182,8581,6,413.5,1,0.99,117,0.93,-184,Food,On-Time,Standard
6393,21,106003,87,11588,20438,6,209.24,16,0.59,144,0.35,2763,Home,Late,Standard
6394,35,135452,81,19547,8268,4,55.07,9,0.41,39,0.7,2520,Food,Delayed,Standard
6395,31,56773,93,13701,0,7,336.14,18,0.35,101,0.64,3920,Food,On-Time,Standard
6396,57,104480,64,23066,15010,7,443.57,18,0.71,143,0.0,1897,Home,On-Time,Standard
6397,46,65327,86,11193,13761,8,107.4,8,0.89,84,0.72,3694,Home,Delayed,Gold
6398,25,111963,28,14258,9228,6,365.77,6,0.18,101,0.61,1702,Food,Delayed,Standard
6399,58,20000,40,5000,7996,4,169.98,7,0.37,52,0.39,995,Food,On-Time,Gold
6400,23,20000,62,24255,11619,7,246.02,4,0.07,119,0.85,-1065,Travel,On-Time,Standard
6401,49,59349,31,23462,15265,6,200.18,19,0.27,174,0.19,4923,Food,Late,Standard
6402,32,39443,65,15950,10554,6,457.94,14,0.92,113,0.83,4080,Home,Late,Standard
6403,39,54331,99,5000,14066,5,184.97,11,0.65,3,1.0,984,Home,Late,Standard
6404,52,66218,44,6498,21665,4,481.83,16,0.91,123,0.45,2293,Travel,On-Time,Gold
6405,52,103800,16,20804,8103,1,101.85,4,0.56,166,0.45,4144,Food,On-Time,Platinum
6406,65,58693,42,28004,28824,6,465.39,11,0.99,4,0.83,3282,Electronics,On-Time,Standard
6407,43,42045,65,12072,22708,5,347.39,8,0.64,27,0.56,2819,Fashion,On-Time,Gold
6408,49,60939,67,29677,6687,10,169.81,11,0.72,102,0.39,228,Fashion,On-Time,Standard
6409,38,44234,33,33436,24282,6,61.66,6,0.86,36,0.41,6679,Home,Delayed,Gold
6410,47,37639,0,23637,6261,3,117.72,2,0.35,83,0.09,4847,Fashion,Delayed,Gold
6411,51,20000,22,28344,27063,7,468.69,2,0.3,73,0.51,3504,Travel,On-Time,Standard
6412,43,77779,5,10991,8202,5,274.48,14,0.17,63,0.2,2624,Electronics,On-Time,Standard
6413,18,52251,15,5751,13602,3,309.72,14,0.71,137,0.7,4534,Food,Late,Standard
6414,49,113651,1,34888,13465,7,423.11,17,0.82,121,0.79,5649,Electronics,Late,Gold
6415,50,20000,75,12078,7323,8,330.84,1,0.39,145,0.47,2548,Fashion,Delayed,Gold
6416,34,53316,26,29214,13145,9,140.34,17,0.0,64,0.33,648,Fashion,On-Time,Gold
6417,25,147516,18,23355,18123,7,307.86,7,0.91,36,0.6,4022,Electronics,On-Time,Gold
6418,67,37415,27,34082,10598,7,344.95,4,0.72,175,0.01,5116,Fashion,On-Time,Standard
6419,52,65538,34,26205,11832,7,156.87,14,0.89,178,0.58,1656,Electronics,On-Time,Gold
6420,41,26366,67,10618,15679,2,469.24,12,0.88,38,0.69,5945,Fashion,Delayed,Standard
6421,27,21062,48,17230,2225,4,129.61,16,0.49,145,0.24,-1180,Travel,Delayed,Standard
6422,32,136892,6,25609,10589,6,370.41,18,0.75,86,0.78,-207,Travel,On-Time,Gold
6423,64,81841,36,15608,18808,6,457.86,2,0.85,79,0.64,1472,Electronics,On-Time,Standard
6424,47,80347,24,28369,8053,11,198.56,16,0.04,98,0.46,5789,Home,On-Time,Standard
6425,36,20000,40,20769,14196,5,433.11,17,0.81,78,0.03,3865,Travel,On-Time,Standard
6426,52,89349,80,28528,0,2,315.75,7,0.5,98,0.03,3482,Travel,On-Time,Standard
6427,32,121296,61,29031,10728,6,186.99,0,0.36,31,0.07,3852,Electronics,Delayed,Standard
6428,67,120979,40,22483,9017,6,379.21,11,0.17,143,0.6,2689,Travel,Delayed,Gold
6429,65,101733,13,18923,10352,5,235.85,17,0.23,68,0.62,7591,Travel,On-Time,Standard
6430,38,29820,100,15716,8830,4,140.87,1,0.8,35,0.63,2334,Food,Delayed,Standard
6431,35,87524,53,10835,18657,3,462.65,16,0.86,130,0.03,1753,Travel,Late,Gold
6432,18,101703,1,33758,3646,4,276.98,18,0.96,95,0.65,4222,Food,On-Time,Standard
6433,22,20000,87,20638,7548,4,406.94,1,0.15,128,0.38,319,Food,Late,Standard
6434,24,30148,78,18019,4521,3,475.86,7,0.52,112,0.61,753,Fashion,On-Time,Gold
6435,47,110526,47,18134,752,6,380.34,3,0.92,30,0.83,1755,Fashion,Delayed,Gold
6436,40,110041,50,19578,9519,7,261.4,15,0.22,134,0.03,-367,Electronics,On-Time,Gold
6437,24,20000,96,16080,3410,3,435.77,6,0.24,148,0.85,1067,Travel,On-Time,Platinum
6438,40,106800,54,15427,11719,6,314.88,7,0.54,103,0.37,2377,Food,On-Time,Standard
6439,52,78812,11,9085,11903,4,95.23,3,0.57,134,0.57,3667,Fashion,On-Time,Platinum
6440,52,106240,82,20369,11106,4,325.27,11,0.19,38,0.77,3057,Fashion,On-Time,Standard
6441,18,49619,68,30448,14043,1,52.42,4,0.52,156,0.71,2219,Food,On-Time,Gold
6442,43,100807,0,14219,0,2,489.09,14,0.91,145,0.02,2037,Home,On-Time,Platinum
6443,24,108753,58,24416,20467,3,284.36,4,0.58,78,0.45,3669,Food,Delayed,Gold
6444,58,60946,72,24600,9578,5,91.5,14,0.79,115,0.81,838,Fashion,On-Time,Gold
6445,56,75710,33,23213,14803,3,184.79,8,0.77,150,0.21,4170,Home,Delayed,Gold
6446,31,49059,92,34995,3006,7,346.45,6,0.39,146,0.91,3588,Travel,On-Time,Standard
6447,33,141065,45,24814,1075,4,179.96,17,0.79,178,0.47,2151,Food,On-Time,Standard
6448,38,70189,58,20537,13563,4,239.43,17,0.83,46,0.82,3766,Fashion,On-Time,Platinum
6449,18,38119,65,22683,15071,3,184.48,20,0.42,78,0.85,2885,Home,On-Time,Standard
6450,50,46366,18,26768,1402,5,333.04,18,0.79,63,0.21,2003,Travel,Late,Standard
6451,40,80070,27,33919,14181,8,177.84,13,0.99,70,0.94,2920,Travel,Delayed,Gold
6452,59,105133,98,18085,14905,6,415.87,18,0.63,145,0.76,3891,Electronics,On-Time,Platinum
6453,28,21566,39,21436,14401,5,376.07,13,0.25,53,0.42,7086,Fashion,On-Time,Gold
6454,35,148906,56,44488,11070,0,196.37,18,0.84,50,0.83,2601,Fashion,Delayed,Standard
6455,22,87347,50,19607,12172,8,331.0,20,0.12,15,0.11,1919,Travel,On-Time,Standard
6456,29,93658,21,19273,21975,4,268.35,8,0.5,54,0.08,5212,Travel,On-Time,Platinum
6457,27,71112,67,13283,5935,5,74.32,9,0.9,170,0.79,858,Electronics,On-Time,Standard
6458,59,75770,7,20670,16133,6,236.73,4,0.65,90,0.28,2261,Food,On-Time,Gold
6459,34,69068,59,19406,12948,3,109.16,20,0.97,22,0.88,5654,Home,On-Time,Platinum
6460,46,115711,64,23146,396,5,103.51,19,0.39,17,0.05,2592,Fashion,On-Time,Standard
6461,39,74682,35,22165,28,6,121.9,2,0.53,140,0.17,2716,Home,Delayed,Standard
6462,25,105682,70,5000,11177,5,242.84,0,0.36,66,0.75,2838,Travel,Late,Standard
6463,42,57646,88,9544,0,3,462.73,16,0.65,156,0.9,4327,Electronics,On-Time,Standard
6464,53,82825,28,18708,0,3,397.21,2,0.3,65,0.65,3639,Electronics,Delayed,Standard
6465,26,42843,64,16598,33112,3,433.97,8,0.27,45,0.94,3063,Fashion,Late,Gold
6466,57,123661,55,11724,3235,11,381.12,20,0.74,37,0.45,1519,Electronics,On-Time,Standard
6467,32,41650,81,5278,16433,5,486.34,16,0.98,132,0.82,5446,Electronics,On-Time,Standard
6468,37,62000,3,32997,11638,8,383.33,19,0.17,153,0.25,5021,Fashion,Late,Standard
6469,52,62401,83,32857,26286,8,405.9,10,0.87,76,0.98,622,Electronics,On-Time,Standard
6470,35,60841,71,26056,23242,5,415.94,6,0.94,17,0.35,953,Food,Late,Standard
6471,45,103899,90,15314,13929,5,359.83,15,0.77,58,0.93,3279,Travel,On-Time,Standard
6472,40,62333,49,31754,69,4,141.83,12,0.39,143,0.23,1641,Home,Late,Standard
6473,46,130756,38,14247,20735,4,486.96,6,0.06,141,0.09,4177,Fashion,Late,Standard
6474,18,42260,34,23481,1307,4,266.37,19,0.03,65,0.36,2764,Electronics,On-Time,Standard
6475,18,81775,24,13679,17502,2,423.21,9,0.6,42,0.01,2337,Travel,On-Time,Gold
6476,54,43968,77,20193,3070,2,409.49,5,0.79,68,0.04,1915,Home,On-Time,Standard
6477,60,91838,43,23893,6507,3,242.39,19,0.3,78,0.93,3532,Travel,On-Time,Standard
6478,31,74362,46,8022,26275,3,427.82,10,0.44,32,0.95,3104,Electronics,On-Time,Gold
6479,41,68797,39,16620,11721,7,161.75,2,0.25,59,0.01,1057,Travel,Delayed,Gold
6480,49,122538,30,22007,4532,4,209.52,10,0.81,34,0.03,444,Food,On-Time,Gold
6481,55,48826,68,9965,8472,2,153.06,17,0.8,39,0.47,4974,Electronics,On-Time,Gold
6482,18,98460,80,12457,11668,4,75.78,20,0.73,25,0.14,5344,Travel,On-Time,Platinum
6483,31,44241,73,22009,4027,4,155.67,8,0.85,149,0.6,4013,Fashion,On-Time,Standard
6484,40,79507,42,15722,14566,4,341.87,0,0.16,99,0.92,4384,Fashion,On-Time,Platinum
6485,55,27176,54,10163,4296,8,392.71,2,0.45,10,0.9,5095,Electronics,Delayed,Gold
6486,80,48499,15,20237,0,3,208.14,13,0.82,10,0.7,4160,Travel,On-Time,Gold
6487,41,71714,67,23480,8473,6,381.85,2,0.96,109,0.65,3033,Fashion,On-Time,Standard
6488,23,147585,68,37954,5755,4,53.17,8,0.81,49,0.5,3148,Food,On-Time,Standard
6489,51,79032,41,20673,11018,3,391.6,10,0.89,61,0.39,605,Travel,On-Time,Gold
6490,64,141186,40,20088,8600,5,427.89,20,0.02,172,0.95,3135,Electronics,On-Time,Gold
6491,46,83812,49,17723,16060,5,496.41,12,0.76,175,0.75,5173,Food,On-Time,Gold
6492,31,59516,83,29193,15017,4,452.51,10,0.14,115,0.88,-1309,Fashion,On-Time,Standard
6493,59,136574,5,22607,0,5,361.06,2,0.74,178,0.81,4652,Travel,Late,Platinum
6494,54,92480,74,26685,9662,5,206.14,1,0.07,153,0.99,1116,Home,Delayed,Platinum
6495,29,49291,52,21779,6888,9,178.0,20,0.3,120,0.74,1636,Home,Delayed,Standard
6496,50,93822,16,27314,7858,7,102.62,3,0.68,122,0.51,2946,Fashion,On-Time,Gold
6497,59,63296,56,23024,0,7,179.1,2,0.19,120,0.97,5638,Electronics,On-Time,Gold
6498,62,20000,66,8736,0,7,187.34,5,0.78,140,0.94,3184,Food,On-Time,Standard
6499,44,112438,15,17694,20473,8,371.18,3,0.09,22,0.11,1836,Home,On-Time,Standard
6500,39,118797,51,17939,8342,2,376.88,10,0.83,95,0.11,6270,Fashion,On-Time,Gold
6501,63,148517,99,23547,12045,6,284.47,5,0.57,158,0.32,2779,Food,Delayed,Platinum
6502,26,91885,89,21221,5184,5,397.48,13,0.02,68,0.8,1065,Electronics,On-Time,Platinum
6503,51,65051,87,30643,0,5,203.97,12,0.25,76,0.82,2917,Home,Delayed,Standard
6504,24,108399,33,23184,6179,3,261.83,1,0.48,123,0.67,4352,Food,Delayed,Standard
6505,60,108992,83,23772,2909,4,71.75,5,0.64,24,0.78,2746,Home,On-Time,Standard
6506,41,140531,80,11887,14259,3,291.47,10,0.67,114,0.86,-149,Electronics,Delayed,Standard
6507,64,73214,19,21200,12347,6,224.44,14,0.89,59,0.26,-701,Food,Late,Standard
6508,52,68376,79,18282,14628,6,79.93,2,0.44,37,0.17,2282,Travel,On-Time,Standard
6509,26,46378,55,5000,12707,6,91.79,2,0.01,118,0.5,9022,Travel,On-Time,Gold
6510,66,96498,50,9494,0,4,345.85,3,0.27,131,0.66,3586,Home,Late,Gold
6511,68,20000,52,25783,7444,5,384.54,19,0.09,25,0.72,5832,Fashion,Delayed,Gold
6512,58,106043,48,25226,4253,5,94.27,18,0.84,79,0.07,1242,Electronics,On-Time,Standard
6513,33,98513,3,15285,11172,7,398.69,15,0.15,167,0.49,2344,Home,On-Time,Standard
6514,40,98402,17,15532,5409,3,438.6,9,0.36,119,0.46,800,Electronics,On-Time,Standard
6515,47,80529,35,10932,12163,2,304.76,0,0.15,135,0.06,3952,Travel,On-Time,Gold
6516,34,136319,34,27918,12498,3,269.93,0,0.52,17,0.42,5198,Home,On-Time,Standard
6517,70,109879,29,13524,8210,2,257.03,7,0.2,63,0.96,-1362,Home,On-Time,Standard
6518,47,50716,62,15436,11958,3,183.5,11,0.76,42,0.09,-209,Travel,On-Time,Gold
6519,18,51432,81,28124,12634,7,453.71,1,0.49,30,0.18,-57,Fashion,On-Time,Standard
6520,50,39813,20,27964,10865,4,440.94,4,0.5,120,0.27,4153,Home,On-Time,Platinum
6521,39,97051,51,18562,12493,3,280.19,10,0.95,87,0.47,1953,Food,On-Time,Platinum
6522,43,34994,95,20100,14631,5,159.1,18,0.32,166,0.48,4871,Fashion,On-Time,Standard
6523,39,118335,68,23767,7439,7,459.62,10,0.38,118,0.49,1965,Electronics,On-Time,Gold
6524,57,127918,40,16722,4802,3,379.12,7,0.59,101,0.8,3199,Travel,On-Time,Standard
6525,61,39839,53,19201,12432,3,420.27,17,0.34,35,0.77,6005,Fashion,On-Time,Gold
6526,49,67578,86,18431,5951,7,422.47,3,0.83,67,0.77,1007,Food,Delayed,Gold
6527,39,75664,29,25496,9932,7,135.0,19,0.55,31,0.56,3439,Food,On-Time,Standard
6528,44,110359,90,31335,9060,4,74.32,12,0.0,95,0.64,2359,Home,On-Time,Gold
6529,45,139373,55,29168,21806,7,277.35,3,0.32,57,0.09,3805,Food,On-Time,Standard
6530,32,20000,78,28129,15309,5,259.74,14,0.5,24,0.63,2494,Food,On-Time,Gold
6531,53,62272,40,11237,18633,4,194.63,8,0.78,41,0.21,5725,Electronics,On-Time,Standard
6532,51,64359,13,30338,12878,8,375.52,19,0.74,175,0.62,1911,Electronics,On-Time,Standard
6533,68,20000,20,14589,12009,6,323.03,3,0.67,180,0.96,-4,Food,On-Time,Standard
6534,63,55595,97,5743,12909,7,223.36,5,0.83,83,0.51,6586,Home,On-Time,Standard
6535,34,92110,89,13206,6797,2,269.69,10,0.21,23,0.01,2035,Food,On-Time,Standard
6536,57,63852,24,19266,2011,7,292.71,3,0.46,174,0.07,2847,Travel,Delayed,Platinum
6537,30,20000,49,5000,14065,4,473.34,20,0.54,56,0.04,4719,Fashion,On-Time,Gold
6538,55,189963,94,25695,13578,2,283.01,3,0.97,148,0.62,4004,Travel,Delayed,Standard
6539,37,85647,52,26657,19991,2,344.53,1,0.98,156,0.04,4160,Electronics,On-Time,Platinum
6540,29,79467,47,16941,16009,6,459.51,10,0.5,72,0.51,1957,Electronics,On-Time,Standard
6541,49,31082,69,10671,6948,3,372.54,20,0.14,80,0.09,4040,Travel,On-Time,Standard
6542,18,85428,47,27385,2198,5,294.98,1,0.89,37,0.43,3672,Electronics,On-Time,Gold
6543,18,68431,3,12612,12441,6,230.74,20,0.03,71,0.66,2575,Home,On-Time,Standard
6544,42,20000,23,7035,10174,7,100.51,20,0.45,113,0.92,3709,Fashion,On-Time,Gold
6545,46,32189,30,19484,6073,3,403.7,20,0.5,128,0.11,1311,Travel,On-Time,Gold
6546,39,106797,82,20213,13822,3,404.23,9,0.15,131,0.73,5447,Food,On-Time,Gold
6547,21,152760,74,22507,1685,7,487.37,10,0.37,82,0.59,6871,Fashion,On-Time,Gold
6548,32,89686,28,26143,5665,6,280.12,0,0.67,33,0.9,343,Travel,On-Time,Standard
6549,50,119123,4,27117,29964,7,365.85,13,0.7,175,0.7,2905,Food,Late,Standard
6550,53,68769,81,9886,3109,4,490.06,20,0.78,87,0.35,1464,Fashion,On-Time,Standard
6551,44,71538,66,5000,13092,6,325.5,7,0.57,136,0.81,-392,Home,Delayed,Standard
6552,62,118639,74,23677,17036,5,421.05,11,0.29,51,0.49,2695,Home,On-Time,Standard
6553,50,141511,84,20397,15928,3,234.83,2,0.01,89,0.29,2261,Travel,On-Time,Platinum
6554,33,127043,93,16336,14737,4,133.88,20,0.61,149,0.76,4518,Home,On-Time,Platinum
6555,40,32345,82,18841,13162,7,429.35,4,0.56,77,0.39,5323,Electronics,On-Time,Standard
6556,23,72321,52,13309,9886,4,243.68,9,0.63,71,0.71,2545,Fashion,On-Time,Standard
6557,43,86100,88,33817,20056,5,384.74,17,0.93,38,0.3,5957,Electronics,On-Time,Standard
6558,61,64612,63,5000,19671,5,286.67,7,0.24,127,0.77,2538,Electronics,On-Time,Gold
6559,55,90514,34,23386,17024,12,255.68,15,0.71,161,0.96,3480,Home,Delayed,Gold
6560,66,107823,11,9719,21202,5,73.18,2,0.2,153,0.94,4398,Fashion,On-Time,Standard
6561,40,115112,46,14711,16668,6,396.05,13,0.79,4,0.37,4908,Food,On-Time,Standard
6562,65,142434,89,16486,7670,5,194.56,1,0.03,104,0.29,4683,Fashion,On-Time,Standard
6563,42,61822,54,12146,5164,5,225.92,10,0.27,9,0.37,1957,Home,On-Time,Gold
6564,67,20438,68,18186,12590,4,207.3,6,0.26,106,0.1,5105,Food,On-Time,Standard
6565,44,89329,82,5000,12036,7,362.37,3,0.85,70,0.06,5155,Travel,On-Time,Gold
6566,55,150352,90,7735,13239,3,370.96,5,0.55,56,0.55,3650,Travel,On-Time,Gold
6567,67,55920,37,5160,20729,1,416.9,7,0.41,96,0.99,3371,Home,On-Time,Gold
6568,42,102473,28,10230,7357,5,354.48,7,0.24,73,0.83,3349,Electronics,On-Time,Gold
6569,48,102829,11,13635,8935,6,458.4,19,0.32,9,0.38,5569,Electronics,On-Time,Gold
6570,64,82657,18,19951,12095,6,158.6,2,0.72,5,0.75,1850,Travel,Delayed,Gold
6571,43,75276,8,14852,8961,4,272.77,9,0.85,55,0.84,1430,Food,Delayed,Standard
6572,25,38062,81,13042,0,4,486.05,3,0.09,129,0.51,1458,Fashion,Delayed,Platinum
6573,77,20000,28,15808,6774,2,162.21,13,0.01,109,0.1,3219,Fashion,On-Time,Gold
6574,37,30525,2,14415,3111,6,376.46,2,0.55,141,0.64,1888,Electronics,On-Time,Platinum
6575,47,59387,86,17029,19576,4,191.32,12,0.84,17,0.35,2607,Home,On-Time,Platinum
6576,62,118896,29,17327,4208,10,255.41,16,0.02,26,0.02,3175,Electronics,On-Time,Standard
6577,35,70874,57,13761,9704,10,292.08,18,0.58,132,0.72,6153,Home,On-Time,Platinum
6578,29,54238,87,7399,10361,6,409.79,18,0.81,99,0.19,4,Food,On-Time,Standard
6579,48,39360,52,19615,13490,6,328.91,9,0.11,52,0.63,962,Home,On-Time,Platinum
6580,18,101272,100,26685,11820,6,50.45,10,0.36,104,0.52,4757,Home,Late,Gold
6581,40,129334,100,11514,12195,3,201.44,14,0.1,128,0.41,6745,Food,On-Time,Standard
6582,48,117537,3,19123,3843,6,205.64,3,0.04,79,0.35,4389,Food,On-Time,Platinum
6583,40,99245,56,16450,8080,5,270.61,18,0.49,108,0.1,1112,Electronics,On-Time,Gold
6584,21,20000,53,24641,292,5,458.16,8,0.66,123,0.0,4241,Electronics,On-Time,Standard
6585,68,60933,27,13061,12652,6,460.9,3,0.92,38,0.87,4187,Food,Delayed,Standard
6586,46,152892,15,18272,4609,7,256.93,4,0.31,49,0.71,4732,Electronics,On-Time,Platinum
6587,66,119878,12,19010,19439,7,376.55,4,0.26,18,0.02,3958,Home,On-Time,Gold
6588,41,20000,71,22036,0,3,209.18,5,0.62,43,0.13,4530,Home,On-Time,Standard
6589,31,72776,55,11189,23471,6,179.37,8,0.95,32,0.06,4782,Home,On-Time,Standard
6590,49,89523,52,22432,11634,5,258.18,12,0.19,29,0.15,3975,Food,On-Time,Gold
6591,41,44513,47,15738,7854,5,430.85,20,0.12,95,0.63,4852,Electronics,On-Time,Gold
6592,27,20000,24,24113,13853,5,284.49,9,0.84,28,0.03,2622,Travel,Late,Gold
6593,67,78952,65,16817,20233,3,262.57,17,0.13,7,0.5,2127,Travel,Delayed,Standard
6594,35,43489,29,30023,23202,5,120.96,5,0.44,171,0.62,-71,Food,Delayed,Standard
6595,18,43646,2,7125,9968,5,384.23,0,0.78,162,0.06,4485,Travel,On-Time,Standard
6596,64,60812,22,24347,0,5,212.99,13,0.38,56,0.6,-2032,Home,Late,Gold
6597,37,69652,28,22503,9410,2,389.9,9,0.65,141,0.5,4147,Food,Late,Platinum
6598,35,74636,40,23688,6292,1,486.73,0,0.79,164,0.1,575,Electronics,Delayed,Gold
6599,18,39640,93,28425,14589,7,90.88,16,0.54,101,0.5,633,Travel,Late,Platinum
6600,71,66191,10,5617,7106,5,437.99,17,0.2,39,0.29,1639,Food,Delayed,Platinum
6601,25,20000,20,37332,2079,8,125.15,20,0.23,54,0.41,4660,Travel,Delayed,Gold
6602,45,87441,90,24151,6340,5,441.01,12,0.98,31,0.49,4064,Travel,On-Time,Standard
6603,58,20000,23,35434,19558,4,377.27,12,0.81,112,0.03,3398,Food,On-Time,Platinum
6604,51,63420,94,34921,10912,5,239.85,17,0.32,9,0.71,3185,Home,Delayed,Gold
6605,44,111767,93,23426,16879,3,255.24,5,0.18,115,0.64,2560,Fashion,On-Time,Platinum
6606,19,32626,64,22062,7104,3,180.95,0,0.28,92,0.13,100,Home,On-Time,Gold
6607,32,103657,0,25996,18239,6,364.62,15,0.82,94,0.23,3309,Home,Late,Gold
6608,47,121229,53,5000,3918,3,453.6,8,0.6,53,0.04,2889,Travel,Delayed,Standard
6609,33,20000,71,19295,4700,2,312.28,8,0.69,107,0.37,1546,Travel,On-Time,Standard
6610,48,68945,33,27751,19567,9,182.24,10,0.66,135,0.73,5905,Food,On-Time,Platinum
6611,55,20000,79,32224,19250,3,372.73,7,0.85,22,0.5,4372,Home,On-Time,Standard
6612,59,70271,90,17484,0,3,164.2,5,0.99,69,0.61,1611,Travel,On-Time,Standard
6613,26,74713,67,22885,16964,7,169.59,9,0.63,174,0.44,5350,Home,Delayed,Gold
6614,77,20000,82,24580,626,2,337.05,2,0.6,20,0.54,5801,Food,On-Time,Standard
6615,56,151993,28,19342,17448,8,92.68,6,0.11,132,0.38,2330,Fashion,Delayed,Platinum
6616,44,86440,2,12531,17260,5,228.18,11,0.92,36,0.02,4061,Fashion,On-Time,Standard
6617,61,41039,10,14700,21036,6,215.75,6,0.06,68,0.82,3400,Food,On-Time,Gold
6618,80,133615,7,11642,21926,5,73.81,6,0.68,132,0.93,-312,Food,On-Time,Standard
6619,23,20000,61,7900,11649,5,463.11,2,0.74,52,0.76,2581,Fashion,On-Time,Standard
6620,41,25833,32,18642,8265,2,471.96,7,0.33,0,0.96,4617,Electronics,Delayed,Gold
6621,18,20000,7,37734,9852,1,228.79,15,0.1,48,0.58,3280,Food,Delayed,Standard
6622,47,147041,24,21972,9119,8,216.25,5,0.42,175,0.86,4835,Electronics,On-Time,Gold
6623,50,88293,87,17704,8182,3,104.72,0,0.24,48,0.52,3535,Fashion,On-Time,Standard
6624,44,101376,25,22982,8692,8,303.14,0,0.59,133,0.74,2343,Food,On-Time,Standard
6625,35,87040,25,13393,17891,6,206.44,16,0.03,128,0.33,5872,Home,On-Time,Platinum
6626,18,97950,16,6713,938,2,429.29,8,0.05,137,0.55,2192,Food,On-Time,Standard
6627,50,78123,90,14486,17559,5,379.9,8,0.57,73,0.59,2793,Electronics,On-Time,Standard
6628,66,85836,28,10957,9940,6,105.44,4,0.14,7,0.92,5776,Home,On-Time,Standard
6629,36,79304,42,5208,0,6,146.56,20,0.36,51,0.21,7835,Food,Delayed,Standard
6630,51,50656,72,15598,14161,4,103.15,20,0.87,152,0.96,4707,Travel,On-Time,Standard
6631,21,73135,77,23904,0,7,111.06,5,0.02,113,0.92,2771,Travel,On-Time,Standard
6632,51,85943,4,23157,10607,6,80.11,3,0.15,161,0.36,2186,Food,On-Time,Standard
6633,39,79421,49,22170,24841,4,214.74,4,0.91,128,0.15,884,Fashion,On-Time,Gold
6634,33,20000,93,33354,6862,1,322.64,7,0.38,76,0.4,5713,Electronics,Late,Standard
6635,33,21200,55,15580,7378,6,483.4,2,0.37,22,0.54,5169,Fashion,Delayed,Gold
6636,39,118313,62,23462,15505,3,240.94,1,0.55,107,0.57,1991,Fashion,On-Time,Gold
6637,50,62720,56,16893,14446,4,478.33,8,0.44,138,0.98,2160,Fashion,On-Time,Standard
6638,25,98389,91,31374,14449,3,92.76,2,0.77,104,0.33,1078,Home,Delayed,Standard
6639,39,31315,44,13532,6815,6,123.46,20,0.28,18,0.14,1282,Food,On-Time,Gold
6640,44,20000,36,25946,13322,1,230.88,9,0.15,68,0.28,2304,Electronics,On-Time,Gold
6641,28,41256,71,21998,6014,5,227.14,20,0.55,146,0.05,3130,Travel,Delayed,Standard
6642,71,66097,78,29754,13266,5,57.78,15,0.47,130,0.83,6299,Home,On-Time,Standard
6643,32,48394,91,20074,9090,4,76.65,13,0.36,174,0.67,1798,Travel,Late,Standard
6644,34,126757,35,18106,15346,5,196.57,5,0.38,47,0.48,6198,Electronics,On-Time,Standard
6645,30,82180,32,17141,16329,4,191.07,19,0.91,133,0.32,3576,Home,On-Time,Standard
6646,71,148957,5,18774,13048,3,178.67,15,0.79,132,0.45,-686,Travel,Delayed,Platinum
6647,53,91176,75,5077,4616,6,285.42,18,0.2,118,1.0,5055,Home,On-Time,Standard
6648,30,20000,70,15829,0,5,139.4,8,0.44,48,0.02,180,Food,On-Time,Standard
6649,61,117241,44,15343,2071,6,277.77,10,0.75,178,0.11,7082,Electronics,On-Time,Standard
6650,48,20000,91,10876,3186,4,72.83,4,0.52,58,0.24,4263,Electronics,Delayed,Standard
6651,48,84221,6,15511,30941,6,274.05,15,0.93,100,0.81,5934,Electronics,Delayed,Standard
6652,39,44012,64,12816,14615,3,386.65,3,0.71,93,0.19,1368,Fashion,On-Time,Standard
6653,33,160708,23,15892,11585,5,465.24,6,0.14,166,0.98,2101,Fashion,Late,Standard
6654,50,132583,44,24995,6128,4,452.86,12,0.4,5,0.05,3167,Travel,On-Time,Gold
6655,36,45327,60,25015,16562,2,341.17,14,0.86,149,0.69,2783,Electronics,Delayed,Standard
6656,72,69905,18,32629,8652,4,492.08,3,0.4,86,0.27,2434,Electronics,Delayed,Gold
6657,25,84783,31,22464,12393,5,214.92,2,0.51,142,0.93,-849,Home,Delayed,Standard
6658,68,109536,29,7836,14193,4,361.91,17,0.82,134,0.24,4380,Fashion,Delayed,Standard
6659,43,76166,64,17366,12917,6,495.15,4,0.02,3,0.94,3690,Home,On-Time,Gold
6660,49,34004,31,14887,10477,8,362.64,12,0.08,44,0.22,6131,Fashion,On-Time,Gold
6661,57,46297,56,12140,2897,4,166.59,0,0.27,19,0.46,1269,Home,On-Time,Gold
6662,35,74820,19,28583,10419,3,415.72,19,0.77,1,0.17,2579,Home,On-Time,Standard
6663,57,124378,84,23636,17604,1,207.64,18,0.28,2,0.13,3656,Food,On-Time,Gold
6664,18,92113,82,20562,15278,7,176.91,14,0.41,55,0.34,2692,Home,On-Time,Gold
6665,34,44063,93,8127,12225,2,422.34,7,0.34,47,0.16,1865,Food,On-Time,Gold
6666,31,100934,91,19344,15706,9,230.5,14,0.8,79,0.43,2526,Electronics,On-Time,Gold
6667,26,59520,95,38610,1617,7,340.5,16,0.61,178,0.38,4696,Home,On-Time,Platinum
6668,41,110616,29,13305,8879,7,440.55,4,0.22,11,0.48,4294,Food,On-Time,Standard
6669,50,176080,86,18255,9713,3,118.71,7,0.88,153,0.75,5088,Home,On-Time,Gold
6670,55,60646,90,31110,2502,6,326.72,1,0.01,176,0.75,1414,Food,On-Time,Standard
6671,48,107064,100,16491,13603,4,130.9,0,0.42,34,0.95,3633,Food,On-Time,Gold
6672,35,45184,58,16321,14779,2,321.72,6,0.8,113,0.09,1365,Home,On-Time,Standard
6673,50,70509,89,18170,11148,6,270.8,11,0.46,57,0.29,5135,Fashion,On-Time,Platinum
6674,46,76182,61,22772,11406,3,442.93,13,0.28,149,0.33,6556,Food,On-Time,Platinum
6675,59,67252,66,12515,5836,5,455.38,14,0.92,93,0.48,3088,Food,On-Time,Standard
6676,56,173520,30,27386,5907,3,396.7,3,0.67,29,0.49,600,Fashion,On-Time,Standard
6677,45,62736,65,16844,463,10,332.9,7,0.54,133,0.82,1501,Home,Delayed,Gold
6678,31,98474,53,21650,8703,7,177.34,10,0.93,60,0.56,287,Electronics,On-Time,Standard
6679,35,20000,9,16666,5824,10,269.53,19,0.91,29,0.73,2231,Electronics,On-Time,Platinum
6680,36,92279,37,9315,4380,5,119.56,8,0.35,139,0.57,4089,Fashion,Delayed,Gold
6681,40,120682,82,5000,10387,4,53.59,19,0.35,177,0.25,2213,Electronics,Delayed,Standard
6682,49,53896,30,21829,7404,4,305.17,5,0.29,82,0.99,-138,Food,Delayed,Standard
6683,55,20000,28,5473,148,8,167.97,14,0.28,150,0.77,4368,Home,On-Time,Standard
6684,44,73453,24,26115,6121,6,175.74,19,0.14,38,0.43,311,Electronics,On-Time,Standard
6685,45,75687,31,21017,9072,4,130.24,13,0.64,176,0.55,6077,Electronics,Delayed,Standard
6686,47,103963,16,36193,2319,5,84.88,4,0.3,135,0.44,2909,Travel,Delayed,Platinum
6687,37,155436,44,15330,12457,2,161.94,0,0.45,86,0.02,3281,Home,On-Time,Standard
6688,31,59797,48,33877,10529,10,155.55,20,0.48,37,0.1,5528,Travel,On-Time,Platinum
6689,18,40748,86,17673,3876,8,235.71,16,0.67,121,0.06,6499,Travel,On-Time,Standard
6690,34,28323,17,27432,15457,4,84.28,15,0.83,33,0.34,104,Food,On-Time,Gold
6691,52,82923,74,24365,19711,7,258.83,0,0.97,25,0.88,-1591,Home,Delayed,Gold
6692,34,94174,51,5327,9504,6,74.82,20,0.44,8,0.58,3593,Electronics,Delayed,Gold
6693,41,53173,19,45547,8520,8,138.11,10,0.85,66,0.33,5334,Food,Late,Standard
6694,51,106147,61,32948,7768,11,429.47,0,0.53,132,0.61,2544,Fashion,Delayed,Gold
6695,52,93615,12,23180,6324,9,78.7,9,0.93,85,0.23,5695,Electronics,Late,Standard
6696,28,76729,87,30630,3447,4,97.14,12,0.76,119,0.29,5730,Home,On-Time,Standard
6697,59,38903,42,22191,10804,3,312.96,8,0.69,143,0.67,7828,Fashion,On-Time,Standard
6698,61,55725,83,27088,4668,2,168.29,0,0.42,98,0.21,3731,Fashion,On-Time,Gold
6699,28,20000,91,21252,0,3,398.03,9,0.3,87,0.69,-1224,Home,On-Time,Standard
6700,32,84431,98,11668,24220,4,242.27,5,0.81,81,0.84,2247,Travel,On-Time,Standard
6701,62,76053,20,19186,21881,5,307.75,1,0.58,140,0.13,5277,Fashion,Delayed,Gold
6702,42,82539,5,15812,10780,6,99.76,5,0.08,115,0.17,5206,Travel,On-Time,Platinum
6703,18,95172,70,25058,902,4,363.83,0,0.44,113,0.36,1488,Fashion,On-Time,Standard
6704,24,90432,92,11569,26093,6,476.02,13,0.15,109,0.07,3291,Travel,On-Time,Gold
6705,41,70584,52,21182,13636,7,482.29,20,0.03,161,0.55,2484,Home,On-Time,Platinum
6706,27,76946,86,8723,7432,3,342.2,6,0.99,89,0.73,1265,Electronics,On-Time,Standard
6707,38,20000,51,26166,20591,9,87.12,9,0.54,176,0.28,4316,Food,On-Time,Standard
6708,45,51651,68,10248,3031,2,436.42,9,0.81,46,0.75,1840,Home,Late,Platinum
6709,66,77018,85,24829,0,7,497.0,17,0.45,112,0.37,2494,Electronics,On-Time,Platinum
6710,40,45565,8,20943,5427,5,110.58,6,0.64,43,0.5,720,Travel,On-Time,Standard
6711,61,109406,95,28342,15039,4,423.09,8,0.99,136,0.39,6443,Travel,On-Time,Gold
6712,66,48654,73,18789,25953,2,120.0,5,0.65,98,0.86,4017,Fashion,On-Time,Standard
6713,66,83652,45,26511,5010,7,251.35,3,0.16,160,0.85,3497,Food,On-Time,Standard
6714,49,79662,91,21191,1847,8,466.14,17,0.79,79,0.92,2451,Fashion,On-Time,Platinum
6715,18,104851,74,23426,10229,4,469.44,8,0.93,73,0.2,2406,Food,Delayed,Standard
6716,51,111031,70,5666,9920,7,298.68,0,0.32,135,0.5,5658,Travel,On-Time,Gold
6717,60,102761,29,14850,23186,2,471.38,5,0.22,8,0.73,-1168,Home,On-Time,Gold
6718,43,20000,42,18695,11778,3,67.0,12,0.26,91,0.51,4913,Electronics,Late,Platinum
6719,71,122765,58,30962,24791,5,358.78,20,0.17,177,0.74,2034,Home,On-Time,Gold
6720,57,136092,37,22767,19630,4,242.72,3,0.21,106,0.51,3032,Fashion,Late,Standard
6721,53,55715,33,6248,16465,8,299.22,7,0.69,3,0.77,6210,Travel,On-Time,Gold
6722,61,84465,45,23502,0,4,137.09,15,0.37,120,0.33,7039,Home,On-Time,Standard
6723,50,39366,91,12981,7239,6,140.8,8,0.89,91,0.47,5387,Electronics,On-Time,Standard
6724,18,20000,31,13677,11793,3,378.22,12,0.36,122,0.41,2010,Fashion,On-Time,Platinum
6725,37,45451,15,19534,0,4,395.62,13,0.92,154,0.14,1605,Electronics,On-Time,Gold
6726,62,53394,38,22213,5335,7,338.16,8,0.13,173,0.93,7605,Fashion,On-Time,Standard
6727,32,60805,0,13778,7744,4,205.55,3,0.03,59,0.23,257,Food,On-Time,Gold
6728,41,36643,97,6025,4509,3,367.73,15,0.78,63,0.01,1297,Travel,On-Time,Standard
6729,29,45662,56,18582,24793,3,283.08,11,0.77,45,0.69,3748,Food,On-Time,Gold
6730,71,74559,86,18208,13472,3,365.48,14,0.7,166,0.33,5644,Fashion,On-Time,Platinum
6731,70,44190,19,31468,8554,3,146.91,19,0.42,118,0.37,2044,Home,Delayed,Standard
6732,31,96740,81,20341,0,3,271.35,16,0.2,112,0.95,1924,Home,On-Time,Gold
6733,47,102266,81,29430,6290,6,106.61,9,0.23,11,0.98,1175,Travel,On-Time,Standard
6734,34,170215,41,36929,21168,4,483.06,17,0.8,145,0.06,3545,Electronics,On-Time,Standard
6735,54,120027,84,11141,5738,3,497.14,10,0.94,137,0.04,2300,Home,Late,Standard
6736,52,84724,71,31764,7213,2,243.17,4,0.95,19,0.75,614,Travel,Delayed,Standard
6737,57,50189,33,27459,893,2,228.33,4,0.37,99,0.95,5721,Fashion,On-Time,Standard
6738,49,86749,49,5000,11165,5,242.54,10,0.65,112,0.19,5664,Electronics,On-Time,Standard
6739,80,88063,10,18496,12239,6,133.94,7,0.31,33,0.95,5311,Travel,Delayed,Standard
6740,29,54467,42,25644,11294,3,143.64,12,0.85,3,0.2,1191,Fashion,On-Time,Standard
6741,19,106349,9,22702,1755,4,488.74,0,0.59,39,0.71,5798,Fashion,Delayed,Standard
6742,39,20000,7,33260,13575,3,202.58,7,0.86,46,0.06,2283,Electronics,Delayed,Gold
6743,21,65224,71,24722,7121,7,441.64,6,0.75,154,0.27,3010,Electronics,On-Time,Standard
6744,22,97234,18,8561,11663,2,53.44,0,0.25,99,0.39,3358,Home,Delayed,Standard
6745,29,63496,64,26340,15533,9,318.33,17,0.03,50,0.6,4568,Home,Delayed,Gold
6746,31,66729,54,10854,12943,7,152.49,4,0.98,58,0.91,3178,Travel,On-Time,Platinum
6747,30,69488,51,15579,14576,6,306.52,16,0.45,139,0.84,3351,Food,On-Time,Standard
6748,52,41575,2,28786,14832,6,351.5,11,0.27,59,0.4,1646,Travel,Delayed,Gold
6749,37,121956,52,27884,16114,4,415.92,13,0.81,155,0.53,3114,Travel,On-Time,Platinum
6750,42,34278,43,20306,16826,4,160.37,2,0.17,87,0.68,1598,Travel,On-Time,Standard
6751,58,87726,95,14203,18404,12,337.48,18,0.51,14,0.04,2468,Home,On-Time,Standard
6752,33,91545,47,18398,13042,4,51.85,9,0.42,176,0.45,6308,Home,On-Time,Standard
6753,41,37055,53,19102,15890,5,499.66,1,0.13,2,0.65,3508,Home,Delayed,Standard
6754,50,77924,15,15466,11198,3,238.28,4,0.68,91,0.95,4342,Electronics,Late,Standard
6755,18,38614,29,29083,14816,5,139.31,0,0.88,18,0.81,3472,Food,On-Time,Gold
6756,18,130641,91,16676,6798,4,340.03,16,0.93,24,0.17,6169,Food,On-Time,Standard
6757,50,29448,27,17906,0,5,290.34,20,0.56,135,0.72,-1495,Home,On-Time,Gold
6758,52,48844,15,18125,20157,4,51.43,2,0.01,95,0.15,3206,Food,On-Time,Standard
6759,75,26030,50,25577,11357,8,230.83,19,0.39,102,0.45,3738,Home,On-Time,Platinum
6760,47,20692,32,22034,11186,9,422.6,1,0.55,135,0.68,3945,Food,On-Time,Gold
6761,57,138648,24,21746,16291,6,166.64,1,0.97,102,0.4,2145,Travel,On-Time,Standard
6762,42,96710,17,12458,5355,5,482.03,0,0.44,160,0.64,2110,Food,Delayed,Standard
6763,49,80611,25,21878,9252,3,439.06,0,0.35,163,0.94,4309,Food,Delayed,Standard
6764,70,48736,5,25968,5910,9,216.88,15,0.92,85,0.48,9031,Fashion,On-Time,Standard
6765,18,111304,37,17244,8688,2,230.5,12,0.44,73,0.78,1958,Fashion,On-Time,Standard
6766,51,42031,43,21167,7264,7,253.59,20,0.96,39,0.17,5280,Fashion,On-Time,Gold
6767,77,106745,66,27366,6121,4,336.72,20,0.32,67,0.96,855,Travel,On-Time,Standard
6768,49,40099,42,13588,12711,7,197.5,14,0.75,103,0.66,-2263,Electronics,On-Time,Standard
6769,69,49219,5,13701,0,7,50.48,20,0.84,156,0.7,1201,Food,On-Time,Standard
6770,35,105331,77,19035,19224,1,246.47,18,0.89,152,0.98,3595,Travel,Delayed,Standard
6771,44,109553,63,26240,5017,4,272.65,1,0.3,147,0.39,4448,Electronics,On-Time,Standard
6772,45,98898,81,5000,13402,3,369.2,3,0.98,18,0.42,936,Home,On-Time,Standard
6773,18,33013,79,18435,13800,6,58.17,10,0.74,139,0.57,3054,Travel,On-Time,Standard
6774,27,57130,87,14362,7920,3,334.39,9,0.15,161,0.37,1620,Fashion,Late,Gold
6775,28,81275,12,22859,13039,3,84.3,17,0.76,64,0.07,376,Home,On-Time,Standard
6776,57,41028,64,19212,2419,7,286.42,10,0.83,151,0.53,287,Fashion,Late,Standard
6777,58,129838,37,29142,6167,7,140.5,6,0.18,7,0.05,4563,Food,On-Time,Standard
6778,49,20000,63,25197,8305,7,445.75,12,0.17,149,0.5,49,Fashion,Late,Standard
6779,57,43850,13,18179,13181,4,242.15,2,0.13,19,0.08,4741,Fashion,On-Time,Standard
6780,42,54617,16,11852,7620,4,106.05,17,0.5,147,0.81,5496,Electronics,On-Time,Gold
6781,63,20000,76,22796,8866,7,62.4,2,0.72,157,0.27,-536,Travel,On-Time,Platinum
6782,45,20000,12,17605,15803,9,433.41,0,0.38,34,0.67,4786,Home,Delayed,Standard
6783,45,100011,72,18364,12774,2,471.92,15,0.06,101,0.65,2024,Electronics,Delayed,Standard
6784,41,76211,5,10700,26363,4,376.83,6,0.36,50,0.32,1683,Food,On-Time,Gold
6785,55,137925,5,21221,3661,4,348.84,10,0.7,163,0.49,2649,Food,On-Time,Standard
6786,38,136809,93,15941,1002,5,161.86,4,0.1,47,0.86,2663,Electronics,On-Time,Gold
6787,59,92321,36,16744,23378,8,376.43,2,0.56,60,0.89,2899,Food,Late,Gold
6788,28,87529,56,5000,11836,1,119.08,1,0.6,35,0.24,557,Home,On-Time,Platinum
6789,28,77637,52,20267,19324,4,416.9,16,0.65,49,0.52,4335,Travel,Late,Platinum
6790,55,20000,45,12388,2962,3,246.7,10,0.35,79,0.58,5661,Home,On-Time,Standard
6791,43,20000,77,24127,6583,3,443.61,16,0.93,11,0.86,2971,Travel,On-Time,Standard
6792,38,79027,3,20568,10936,4,204.37,14,0.99,110,0.11,3393,Fashion,On-Time,Standard
6793,58,99641,33,8242,10002,2,55.11,18,0.84,140,0.22,2610,Food,On-Time,Gold
6794,35,86586,65,19171,9467,9,415.42,18,0.11,16,0.2,2635,Travel,On-Time,Standard
6795,41,39301,62,21719,0,7,446.67,5,0.27,87,0.71,3124,Food,Delayed,Standard
6796,65,112496,60,36693,9197,5,58.49,8,0.2,91,0.14,2442,Fashion,On-Time,Standard
6797,68,134297,80,24794,12388,6,165.45,4,0.05,167,0.43,7211,Travel,On-Time,Gold
6798,68,112519,41,9669,7639,7,192.87,8,0.9,16,0.93,3682,Home,On-Time,Gold
6799,40,114583,77,35545,16860,9,319.17,4,0.19,154,0.99,3801,Travel,Delayed,Gold
6800,63,52630,63,17800,16884,3,156.25,18,0.38,61,0.53,1474,Electronics,Late,Platinum
6801,30,118037,16,17766,11527,3,466.72,6,0.38,21,0.99,5629,Travel,Delayed,Gold
6802,31,80830,60,35535,4913,2,483.49,7,0.78,62,0.2,2623,Home,On-Time,Standard
6803,18,95462,29,14972,12505,3,313.42,7,0.45,11,0.37,661,Fashion,On-Time,Standard
6804,70,89617,42,18742,13480,5,493.57,20,0.37,70,0.76,1896,Electronics,On-Time,Standard
6805,32,70140,92,6949,10690,3,126.8,9,0.27,57,0.56,6353,Travel,On-Time,Standard
6806,43,40599,6,19687,4778,7,101.9,3,0.53,114,0.45,3734,Food,On-Time,Platinum
6807,31,71714,72,18791,15910,6,232.59,10,0.11,155,0.96,2057,Home,On-Time,Standard
6808,55,114470,45,16817,12999,10,408.06,10,0.62,62,0.29,699,Travel,On-Time,Standard
6809,39,57340,22,21266,7206,1,315.15,12,0.82,155,0.8,7699,Food,On-Time,Standard
6810,25,110733,35,13448,11087,5,333.47,19,0.93,44,0.12,2507,Travel,On-Time,Platinum
6811,51,104482,13,31716,3545,4,481.45,11,0.63,43,0.87,2693,Fashion,Late,Gold
6812,23,63042,19,20147,0,6,319.1,7,0.82,9,0.27,-892,Food,On-Time,Platinum
6813,32,130552,55,13840,0,8,245.13,13,0.23,25,0.29,3671,Electronics,On-Time,Standard
6814,18,60778,80,8860,11833,11,403.17,12,0.51,71,0.49,1006,Home,On-Time,Standard
6815,23,135381,31,20378,7907,3,394.21,12,0.28,156,0.06,2747,Fashion,On-Time,Standard
6816,47,92365,24,27347,12939,6,476.14,3,1.0,177,0.06,4009,Travel,On-Time,Standard
6817,18,74365,93,22849,15814,5,326.4,5,0.38,89,0.89,5888,Home,On-Time,Platinum
6818,22,39487,48,35884,12433,11,56.67,5,0.22,156,0.44,3697,Electronics,On-Time,Standard
6819,44,71469,56,36057,5493,8,200.21,9,0.77,90,0.0,2820,Fashion,On-Time,Standard
6820,36,66849,26,9766,12882,5,239.66,2,0.46,25,0.55,5463,Home,On-Time,Standard
6821,74,24668,26,8074,7283,4,376.59,9,0.13,64,0.56,3480,Travel,Delayed,Gold
6822,72,66295,45,13842,7741,9,317.63,17,0.79,17,0.72,4228,Travel,On-Time,Standard
6823,31,42847,94,25642,17353,10,335.93,13,0.48,176,0.91,5865,Food,Delayed,Standard
6824,53,98439,44,23120,13992,6,169.24,4,0.79,131,0.8,1064,Travel,On-Time,Standard
6825,56,127251,25,28086,7078,2,423.18,6,0.75,14,0.76,3845,Home,On-Time,Standard
6826,36,25923,13,11714,4276,3,194.01,14,0.57,127,0.24,4707,Home,Late,Gold
6827,22,143492,47,5809,19707,8,372.12,3,0.72,47,0.34,1677,Travel,On-Time,Platinum
6828,44,69857,84,15269,9695,4,168.01,3,0.86,117,0.83,6385,Home,Late,Gold
6829,42,35999,91,24692,1983,6,334.69,12,0.45,32,0.06,3840,Home,On-Time,Gold
6830,38,105310,14,21293,6908,5,278.74,17,0.96,19,0.11,5233,Fashion,On-Time,Standard
6831,51,57141,93,29964,0,3,108.04,5,0.18,57,0.4,1407,Electronics,On-Time,Platinum
6832,33,71730,88,14304,0,4,186.9,16,0.97,117,0.45,-414,Travel,Delayed,Platinum
6833,27,58828,50,27964,16681,5,293.6,19,0.23,115,0.51,1361,Home,On-Time,Gold
6834,46,42330,53,15143,3840,4,247.58,13,0.51,76,0.87,7007,Home,Delayed,Standard
6835,50,103959,10,26226,1467,5,231.72,5,0.47,63,0.54,607,Fashion,Delayed,Gold
6836,27,63547,74,26094,6040,5,375.67,6,0.06,65,0.08,2245,Fashion,On-Time,Gold
6837,58,20000,27,32606,7640,2,372.45,8,0.19,66,0.23,3310,Food,On-Time,Standard
6838,18,97042,54,9287,5839,4,496.87,15,0.83,112,0.8,3899,Electronics,Delayed,Gold
6839,36,26776,68,31066,3657,8,105.09,0,0.28,52,0.94,2771,Food,On-Time,Standard
6840,41,28869,91,23567,9710,3,161.74,11,0.01,50,0.4,4395,Travel,On-Time,Gold
6841,35,122704,71,20482,8320,3,179.79,18,0.82,163,0.41,2951,Food,On-Time,Platinum
6842,36,27146,25,18933,21863,6,189.1,3,0.95,94,0.96,4460,Home,Delayed,Gold
6843,73,20000,69,19417,7441,6,199.05,13,0.53,147,0.7,1692,Food,On-Time,Standard
6844,32,99914,31,20315,9707,4,304.91,3,0.6,168,0.06,5677,Food,On-Time,Platinum
6845,80,62845,47,7129,3593,4,71.38,10,0.11,160,0.66,3147,Electronics,On-Time,Gold
6846,51,66293,95,21952,14533,6,259.56,1,0.95,59,0.6,4896,Travel,On-Time,Gold
6847,46,62419,11,21211,21658,4,368.77,1,0.21,62,0.09,2440,Home,On-Time,Standard
6848,52,84266,69,14736,9325,6,376.31,6,0.55,82,0.36,289,Fashion,Delayed,Gold
6849,80,44891,76,20262,5589,5,298.75,8,0.97,71,0.18,4719,Fashion,Late,Standard
6850,30,134044,60,28826,11263,5,464.46,9,0.45,1,0.3,1206,Travel,On-Time,Gold
6851,28,20000,33,15081,13340,1,136.1,10,0.09,72,0.26,3686,Food,On-Time,Platinum
6852,33,92794,86,10886,30235,5,493.67,2,0.22,160,0.52,2643,Fashion,On-Time,Gold
6853,45,100684,80,14218,8955,6,125.64,1,0.07,27,0.34,1599,Home,On-Time,Standard
6854,19,44613,44,5000,7613,8,204.63,6,0.4,3,0.62,-226,Home,On-Time,Gold
6855,45,34050,59,34325,1913,7,73.24,5,0.59,94,0.61,2494,Electronics,On-Time,Platinum
6856,70,115686,64,13348,7905,4,482.94,20,0.45,110,0.12,3479,Food,On-Time,Platinum
6857,47,35365,70,30102,7052,3,311.44,15,0.34,177,0.89,2388,Food,On-Time,Platinum
6858,40,50733,12,10076,13826,7,353.84,4,0.17,19,0.46,2659,Travel,On-Time,Standard
6859,35,110492,77,15050,8113,3,482.13,7,0.7,89,0.03,5820,Fashion,On-Time,Gold
6860,58,76389,80,20512,2862,3,390.33,19,0.96,77,0.17,5339,Fashion,Delayed,Gold
6861,32,20000,93,25151,2595,4,490.66,1,0.33,41,0.8,3012,Electronics,On-Time,Standard
6862,72,144882,47,19442,7043,3,290.19,4,0.52,131,0.97,3573,Fashion,On-Time,Platinum
6863,74,53799,48,7683,15289,3,374.22,6,0.17,16,0.84,2507,Home,On-Time,Standard
6864,48,58889,97,19556,11248,6,120.57,7,0.07,178,0.77,785,Travel,Delayed,Standard
6865,44,85231,90,30074,13290,5,69.0,10,0.17,131,0.94,751,Fashion,On-Time,Gold
6866,60,100003,57,22605,10095,6,250.26,7,0.09,9,0.56,6205,Home,On-Time,Standard
6867,61,153444,88,37725,12782,5,90.47,18,0.62,27,0.19,345,Food,Delayed,Gold
6868,32,20000,98,21371,7530,3,275.75,3,0.66,73,0.71,4618,Fashion,Late,Standard
6869,37,108038,72,28105,3971,6,208.96,10,1.0,34,0.11,2365,Electronics,On-Time,Standard
6870,25,104720,69,24201,4125,3,133.57,1,0.99,88,0.14,1995,Home,On-Time,Platinum
6871,51,69513,60,14933,3774,4,493.2,10,0.44,53,0.64,1847,Food,On-Time,Standard
6872,54,106490,25,19506,18848,10,473.05,1,0.23,13,0.21,2175,Food,Delayed,Standard
6873,24,112370,38,28901,16841,5,175.44,6,0.49,3,0.67,5462,Electronics,On-Time,Standard
6874,38,20000,57,17224,7011,4,242.52,10,0.9,88,0.05,1059,Home,On-Time,Standard
6875,24,144990,26,23196,11169,5,350.83,16,0.68,34,0.06,5379,Electronics,Delayed,Standard
6876,31,20000,39,15029,14881,3,287.27,5,0.62,38,0.33,2066,Travel,On-Time,Standard
6877,53,29587,30,27433,5863,3,460.46,4,0.7,118,0.84,4206,Electronics,On-Time,Standard
6878,33,64528,2,20661,9137,5,494.43,18,0.15,98,0.13,4309,Electronics,Late,Standard
6879,40,151997,87,26917,3352,6,78.02,3,0.38,28,0.4,5350,Electronics,On-Time,Standard
6880,20,62669,14,29962,3893,2,252.26,10,0.19,49,0.95,6093,Food,On-Time,Standard
6881,47,73722,53,25372,14703,5,219.85,20,0.95,138,0.22,2166,Home,On-Time,Gold
6882,44,132283,69,18554,10454,6,73.59,12,0.19,91,0.07,1840,Home,On-Time,Standard
6883,34,62987,10,18701,10201,3,460.24,2,0.18,116,0.47,-791,Food,Delayed,Standard
6884,42,27862,29,5000,17961,4,120.22,16,0.91,36,0.09,-520,Electronics,On-Time,Standard
6885,47,58310,34,23426,6997,4,66.73,11,0.95,105,0.1,241,Fashion,On-Time,Standard
6886,32,129831,42,28395,15000,7,93.18,9,0.71,98,0.22,4127,Travel,On-Time,Gold
6887,22,77834,60,10095,4214,5,247.0,5,1.0,153,0.2,1830,Home,On-Time,Standard
6888,72,152226,39,18747,7078,5,234.82,6,0.05,53,0.67,2236,Electronics,Delayed,Standard
6889,35,104517,92,18584,4935,7,457.23,9,0.72,26,0.61,4820,Travel,Delayed,Gold
6890,43,49207,86,23710,4453,3,58.7,6,0.19,104,0.92,4659,Fashion,On-Time,Standard
6891,60,77043,41,21173,22457,8,466.09,10,0.38,78,0.93,3463,Fashion,On-Time,Platinum
6892,80,40871,41,12704,1107,4,231.99,13,0.29,19,0.17,-1295,Food,On-Time,Platinum
6893,26,48262,2,32889,5106,6,148.9,17,0.87,73,0.72,2390,Fashion,On-Time,Standard
6894,51,200000,89,6653,0,11,489.82,4,0.12,132,0.97,3408,Home,Delayed,Gold
6895,34,115744,77,15151,6336,7,461.39,20,0.31,154,0.62,3200,Electronics,On-Time,Standard
6896,36,109443,82,9345,8729,5,333.12,3,0.76,25,0.86,3215,Travel,On-Time,Standard
6897,34,50072,84,22845,15922,6,90.41,8,0.75,142,0.93,3718,Fashion,On-Time,Standard
6898,28,137783,20,23715,6486,6,397.38,16,0.54,24,0.2,-427,Fashion,Delayed,Standard
6899,44,118976,72,19065,1852,9,84.77,13,0.81,17,0.95,3712,Food,On-Time,Standard
6900,22,150264,76,10299,6465,6,167.08,5,0.08,150,0.76,7352,Fashion,On-Time,Platinum
6901,59,148324,52,12538,11841,7,322.0,18,0.0,114,0.4,1529,Fashion,On-Time,Standard
6902,45,20000,43,27137,15312,5,65.74,12,0.1,45,0.32,2879,Food,Delayed,Standard
6903,51,30606,45,19361,5540,3,183.89,7,0.82,117,0.45,157,Fashion,On-Time,Gold
6904,38,34848,36,16362,3386,2,211.18,6,0.5,30,0.88,4924,Electronics,On-Time,Gold
6905,39,37242,37,14427,7322,2,73.14,17,0.38,64,0.52,1983,Electronics,On-Time,Platinum
6906,49,87938,87,19040,12401,4,304.57,11,0.23,26,0.23,4034,Travel,Late,Gold
6907,27,52327,37,24554,15581,5,353.89,7,0.13,142,0.75,4608,Fashion,On-Time,Gold
6908,39,157903,10,18041,2832,5,92.48,13,0.58,122,0.46,2211,Electronics,Delayed,Gold
6909,32,151187,92,23462,4953,6,218.93,0,0.64,64,0.55,5258,Food,On-Time,Standard
6910,31,74741,44,7498,0,7,193.53,1,0.05,141,0.3,1662,Electronics,On-Time,Gold
6911,18,153213,63,29074,0,6,271.07,16,0.07,63,0.2,2706,Home,On-Time,Gold
6912,65,134525,43,19696,2242,6,469.74,12,0.73,101,0.56,1271,Electronics,On-Time,Gold
6913,34,56971,80,12154,3074,4,270.07,20,0.44,173,0.02,7760,Food,On-Time,Gold
6914,62,20000,61,23526,6626,3,51.23,10,0.32,1,0.44,3102,Food,On-Time,Standard
6915,61,66281,89,21446,12103,7,66.28,17,0.48,35,0.23,1426,Food,On-Time,Gold
6916,25,49215,60,11012,9400,6,203.55,14,0.19,40,0.59,3812,Electronics,On-Time,Platinum
6917,28,83260,89,19027,11943,9,97.08,2,0.03,147,0.94,1911,Food,Delayed,Standard
6918,80,78569,11,15857,16330,7,184.06,19,0.35,122,0.91,2599,Home,Delayed,Gold
6919,71,77520,81,9858,11722,5,338.1,16,0.33,146,0.5,2939,Fashion,On-Time,Platinum
6920,44,95947,8,16627,8602,5,166.33,10,0.4,175,0.51,4411,Food,On-Time,Standard
6921,48,26499,66,11637,13219,5,101.65,3,0.5,10,0.06,4772,Travel,Late,Gold
6922,35,91454,73,10214,0,5,365.58,10,0.8,61,0.29,2109,Food,Delayed,Gold
6923,51,57415,1,23976,8197,7,462.75,16,0.91,117,0.52,1387,Travel,On-Time,Standard
6924,34,82999,7,22445,14488,5,459.75,7,0.18,112,0.53,7149,Travel,On-Time,Standard
6925,18,113296,42,17945,8977,4,343.75,6,0.4,64,0.43,5083,Fashion,On-Time,Platinum
6926,25,26024,17,5000,11595,4,133.28,10,0.02,142,0.58,3540,Fashion,On-Time,Standard
6927,45,63748,51,19428,8598,7,442.94,9,0.65,1,0.87,4707,Electronics,Late,Platinum
6928,28,70258,38,26083,14251,1,392.79,18,0.35,65,0.71,3934,Home,On-Time,Standard
6929,43,54429,30,29687,16217,1,427.5,5,0.43,58,0.32,5781,Travel,On-Time,Standard
6930,28,110993,13,28140,0,6,116.88,7,0.07,31,0.58,190,Travel,On-Time,Gold
6931,33,46184,63,10482,5367,3,267.85,4,0.84,8,0.28,4152,Travel,On-Time,Platinum
6932,57,52783,96,13777,0,2,289.86,12,0.73,145,0.0,2738,Electronics,On-Time,Standard
6933,48,46603,92,18667,0,8,398.79,17,0.16,85,0.99,2042,Electronics,On-Time,Standard
6934,44,118682,43,19386,14088,9,196.53,19,0.01,135,0.08,4776,Fashion,Delayed,Standard
6935,58,55302,59,20242,15553,3,205.96,4,0.12,46,0.33,2923,Food,Late,Platinum
6936,52,93401,96,28956,6459,4,448.64,17,0.49,58,0.96,2877,Home,Late,Standard
6937,66,154028,98,21563,5158,9,383.16,11,0.81,66,0.78,3764,Travel,On-Time,Gold
6938,38,72007,1,29709,8774,7,337.61,16,0.72,152,0.52,3666,Electronics,Delayed,Gold
6939,38,119482,98,13807,29599,3,104.41,12,0.64,176,0.08,967,Fashion,On-Time,Standard
6940,25,141854,31,16884,2685,6,81.01,4,0.8,88,0.96,2295,Electronics,On-Time,Standard
6941,38,116087,35,16604,553,7,340.53,15,0.51,117,0.05,2851,Fashion,On-Time,Standard
6942,59,74327,54,19549,14196,3,280.79,6,0.67,46,0.93,3265,Fashion,On-Time,Standard
6943,64,100684,86,9148,14572,5,493.05,19,0.83,132,0.01,3636,Fashion,On-Time,Standard
6944,59,23504,62,35371,12699,7,433.47,13,0.55,156,0.58,1914,Food,On-Time,Standard
6945,18,43798,68,20771,10523,6,306.54,10,0.61,22,0.3,3309,Food,Late,Gold
6946,61,50812,79,10852,7806,7,103.68,0,0.62,140,0.44,5309,Food,Late,Standard
6947,18,164624,39,11301,0,1,94.21,8,0.93,99,0.95,6016,Electronics,On-Time,Standard
6948,58,42496,23,20642,23020,5,257.77,13,0.45,175,0.58,2196,Fashion,On-Time,Platinum
6949,39,41900,57,24738,23501,2,117.2,3,0.09,80,0.95,2682,Fashion,On-Time,Gold
6950,55,33243,27,27519,6510,6,358.33,1,0.87,160,0.17,1694,Home,On-Time,Standard
6951,25,97392,61,20378,19850,6,71.22,5,0.06,106,0.21,-733,Food,On-Time,Platinum
6952,62,80704,24,24879,12396,5,497.23,12,0.05,172,0.57,3749,Home,Late,Standard
6953,23,118470,6,22722,0,4,475.63,15,0.2,68,0.04,3814,Food,On-Time,Standard
6954,34,101850,37,19159,0,7,321.83,18,0.07,4,0.1,2325,Fashion,On-Time,Standard
6955,30,20000,70,17275,15331,4,139.11,10,0.52,60,0.97,2765,Travel,On-Time,Standard
6956,18,42708,85,20216,19011,2,177.03,12,0.88,79,0.1,5512,Electronics,Delayed,Gold
6957,46,129613,85,19072,12484,6,182.49,5,0.24,6,0.76,5107,Travel,Delayed,Platinum
6958,72,66868,90,19950,11784,5,133.84,13,0.05,48,0.7,271,Food,On-Time,Standard
6959,80,122503,96,23595,3843,2,99.48,16,0.25,0,0.75,2165,Food,On-Time,Standard
6960,46,69012,44,32959,2125,6,348.38,19,0.29,153,0.57,2121,Food,Late,Standard
6961,61,36293,31,11964,15372,1,386.53,8,0.87,13,0.55,1598,Home,On-Time,Standard
6962,48,62869,31,20758,10336,3,159.97,5,0.66,168,0.58,4081,Fashion,Late,Gold
6963,52,36278,0,22814,9172,5,391.31,17,0.15,100,0.03,2937,Food,Late,Standard
6964,39,52377,73,17029,18782,2,124.24,11,0.29,113,0.74,4739,Home,On-Time,Gold
6965,47,83037,44,28639,21843,4,154.84,11,0.63,167,0.37,5639,Electronics,On-Time,Platinum
6966,53,95464,63,16111,14078,3,402.96,20,0.05,68,0.75,3045,Home,Delayed,Standard
6967,36,20000,67,25396,3478,4,489.97,15,0.68,46,0.92,2055,Home,On-Time,Gold
6968,43,74305,92,30076,10368,6,400.04,3,0.87,36,0.18,3103,Travel,On-Time,Platinum
6969,44,51535,6,23181,7031,3,138.83,18,0.87,148,0.27,6414,Food,Delayed,Standard
6970,57,49063,37,18590,9033,5,184.08,3,0.06,33,0.42,1347,Home,On-Time,Standard
6971,29,80307,69,23846,1588,3,337.86,14,0.81,96,0.75,5118,Home,On-Time,Gold
6972,44,52981,52,16822,18772,10,479.63,19,0.5,133,0.32,4175,Food,Late,Standard
6973,73,130285,74,14330,6689,1,497.6,0,0.5,89,0.54,608,Food,On-Time,Standard
6974,62,122522,72,22929,21227,5,314.42,8,0.58,160,0.63,1768,Food,On-Time,Gold
6975,65,122273,29,25998,9109,5,246.39,11,0.41,140,0.3,3210,Food,On-Time,Standard
6976,45,55203,21,20769,6638,3,158.81,0,0.71,170,0.01,4032,Food,On-Time,Standard
6977,49,36500,57,24470,5312,3,84.29,2,0.32,118,0.38,2563,Home,On-Time,Platinum
6978,60,78281,72,38450,5384,7,188.23,16,0.75,33,0.15,1144,Fashion,On-Time,Standard
6979,68,68986,54,29760,11522,4,301.94,1,0.93,20,0.82,-1167,Home,On-Time,Standard
6980,18,50647,45,15482,9610,1,337.48,14,0.13,85,0.76,426,Home,On-Time,Gold
6981,25,27970,96,21481,15612,8,198.88,2,0.45,81,0.75,3481,Fashion,On-Time,Standard
6982,64,73339,25,22416,4587,2,481.8,4,0.02,180,0.68,5632,Home,On-Time,Standard
6983,40,58837,63,13276,11622,3,92.46,14,0.44,6,0.16,5642,Fashion,Delayed,Standard
6984,34,102533,79,24924,18479,7,369.27,8,0.44,81,0.75,3940,Home,On-Time,Standard
6985,26,101604,8,13953,19670,3,219.64,20,0.73,67,0.63,2635,Fashion,On-Time,Platinum
6986,36,119031,86,25382,4904,3,400.79,13,0.35,72,0.9,72,Food,On-Time,Standard
6987,23,24628,14,35465,7592,1,425.63,6,0.89,52,0.39,3624,Electronics,Delayed,Standard
6988,76,91042,18,18990,5647,9,376.31,15,0.4,110,0.82,-1732,Fashion,Late,Gold
6989,44,45901,15,23498,3958,4,306.91,20,0.55,103,0.4,-48,Travel,On-Time,Gold
6990,44,26183,24,22335,14695,6,84.84,13,0.26,62,0.02,2530,Food,On-Time,Standard
6991,53,57855,98,12529,2133,7,113.34,2,0.16,31,0.84,3214,Electronics,On-Time,Standard
6992,59,117748,50,14108,25127,3,318.62,6,0.66,153,0.63,5046,Electronics,On-Time,Standard
6993,59,60107,76,22874,11633,3,483.99,7,0.42,51,0.31,1659,Travel,Delayed,Standard
6994,61,137618,45,21050,8748,6,288.31,14,0.62,44,0.66,4784,Food,On-Time,Standard
6995,35,96955,6,18933,24089,5,455.13,1,0.61,112,0.37,852,Travel,Late,Standard
6996,40,59236,33,27456,809,3,466.56,3,0.49,1,0.2,5420,Travel,On-Time,Standard
6997,56,121401,57,23728,4563,4,104.06,3,0.3,161,0.91,3697,Electronics,Delayed,Platinum
6998,37,92815,77,37630,1236,2,255.3,10,0.2,105,0.2,-45,Food,Late,Standard
6999,44,37697,22,12572,9833,4,388.77,0,0.18,82,0.3,1458,Travel,On-Time,Gold
7000,50,149352,22,16796,5522,6,233.86,12,0.54,105,0.65,-248,Travel,On-Time,Platinum
7001,56,85379,16,31624,888,3,182.08,3,0.3,33,0.72,5997,Home,On-Time,Gold
7002,18,75751,12,33504,1713,8,461.33,11,0.56,115,0.43,4721,Fashion,On-Time,Gold
7003,55,40778,26,13125,12318,8,318.74,18,0.8,101,0.24,4207,Home,On-Time,Gold
7004,41,122181,65,16885,14435,5,332.67,5,0.5,101,0.19,1561,Travel,On-Time,Gold
7005,55,95691,100,18568,337,3,364.47,13,0.47,95,0.61,4549,Food,Late,Standard
7006,56,100169,29,31268,8645,3,487.78,4,0.95,23,0.04,429,Electronics,On-Time,Gold
7007,69,54698,3,18915,7105,3,326.92,5,0.38,24,0.41,1295,Fashion,Delayed,Standard
7008,65,108364,93,18641,5413,3,57.29,3,0.03,112,0.81,-76,Home,On-Time,Standard
7009,65,111472,66,17885,21271,6,484.85,19,0.88,88,0.93,4928,Electronics,On-Time,Platinum
7010,66,48248,13,20870,9629,6,152.26,7,0.22,38,0.25,7776,Fashion,Late,Gold
7011,49,20000,10,22747,11170,8,482.63,6,0.6,32,0.78,4651,Fashion,Late,Standard
7012,45,98254,39,35027,14780,5,228.59,1,0.94,26,0.25,5919,Food,On-Time,Gold
7013,58,20000,86,31713,10574,6,436.64,20,0.74,113,0.25,-619,Fashion,On-Time,Gold
7014,55,81080,95,11345,9862,4,230.47,1,0.83,26,0.39,5034,Fashion,On-Time,Gold
7015,40,57110,2,18499,15781,2,333.53,8,0.42,115,0.14,1862,Electronics,On-Time,Gold
7016,51,123746,0,20163,5946,8,230.79,5,0.46,58,0.22,693,Fashion,On-Time,Standard
7017,44,59286,8,16450,6840,5,382.5,5,0.06,40,0.42,5197,Food,On-Time,Standard
7018,32,119290,72,28020,3032,4,412.47,12,0.67,9,0.73,1693,Fashion,On-Time,Gold
7019,64,54431,75,30787,19891,8,431.91,17,0.74,100,0.63,2380,Fashion,On-Time,Standard
7020,45,114999,0,16161,13888,2,150.3,11,0.53,48,0.18,4962,Electronics,On-Time,Standard
7021,75,157413,15,20096,11629,3,423.76,0,0.85,164,0.12,4600,Electronics,On-Time,Standard
7022,20,32278,93,27176,20903,4,231.79,5,0.11,117,0.19,2075,Travel,On-Time,Standard
7023,36,86681,71,28547,1427,5,323.11,13,0.09,79,0.28,1792,Food,On-Time,Standard
7024,45,184951,45,15968,9417,7,78.07,8,0.13,115,0.41,3422,Travel,Delayed,Standard
7025,62,77663,9,23825,0,4,319.84,4,0.86,164,0.88,1622,Fashion,Delayed,Platinum
7026,50,77471,32,14455,147,5,421.07,3,0.19,92,0.02,3672,Electronics,Late,Standard
7027,49,106539,40,28453,17886,5,177.32,10,0.07,31,0.64,4044,Electronics,Delayed,Standard
7028,28,76643,50,14179,21828,4,257.71,15,0.79,108,0.11,5115,Travel,Late,Gold
7029,27,20000,21,20896,7086,6,419.67,5,0.7,155,0.75,5150,Travel,On-Time,Gold
7030,49,120291,15,16199,7141,3,185.13,11,0.16,33,0.93,3088,Food,On-Time,Standard
7031,24,20000,82,12137,6911,3,463.66,5,0.76,90,0.03,4941,Fashion,On-Time,Standard
7032,37,58328,74,15434,21811,5,119.51,10,0.29,115,0.88,992,Travel,On-Time,Standard
7033,52,123297,61,17233,5909,7,264.01,20,0.03,18,0.64,3432,Travel,On-Time,Standard
7034,30,60738,52,29986,21662,3,335.26,18,0.03,47,0.53,4004,Home,On-Time,Gold
7035,69,47252,74,16229,10326,3,262.12,2,0.12,177,0.56,4713,Fashion,Delayed,Standard
7036,63,110170,13,20578,6604,8,235.69,5,0.82,49,0.92,2741,Electronics,On-Time,Standard
7037,21,40955,58,14616,11877,6,336.53,18,0.4,149,0.18,-1346,Travel,On-Time,Standard
7038,31,26110,25,27366,23231,6,449.66,16,0.38,150,0.04,7329,Fashion,On-Time,Standard
7039,18,85980,43,28448,11145,1,348.2,12,0.79,60,0.87,1740,Travel,On-Time,Gold
7040,33,67683,19,26273,8633,6,330.85,5,0.65,66,0.59,4831,Food,On-Time,Standard
7041,56,25253,83,17165,13735,5,385.3,20,0.88,4,0.16,5088,Electronics,Delayed,Standard
7042,38,100478,4,14682,8378,3,231.8,4,0.02,157,0.7,4200,Food,On-Time,Gold
7043,51,93579,64,12627,2108,6,57.81,7,0.17,136,0.91,5592,Fashion,On-Time,Gold
7044,22,60609,10,26151,9485,4,472.52,19,0.85,77,0.01,-762,Home,On-Time,Gold
7045,56,63346,46,16322,16091,9,187.82,18,0.96,138,0.65,5444,Home,Delayed,Gold
7046,36,93815,9,26809,13076,6,395.68,11,0.29,62,0.37,-519,Travel,Late,Platinum
7047,45,122614,60,13160,986,4,315.2,2,0.04,118,0.07,2836,Travel,Late,Platinum
7048,43,63688,91,18331,15583,9,362.39,6,0.01,83,0.34,6297,Food,Delayed,Standard
7049,25,101187,44,16355,13569,3,418.01,7,0.03,14,0.93,2767,Home,On-Time,Gold
7050,27,97608,46,14282,10873,5,271.66,11,0.66,161,0.32,3703,Travel,On-Time,Gold
7051,59,110172,33,6038,17581,5,65.33,3,0.25,26,0.61,-1314,Electronics,On-Time,Gold
7052,50,76572,12,9409,16419,8,483.47,18,0.37,162,0.3,5230,Fashion,Delayed,Standard
7053,60,38506,88,29025,16178,8,411.3,1,0.37,19,0.35,3158,Electronics,On-Time,Gold
7054,49,56500,22,13310,0,9,339.06,20,0.25,90,0.49,8289,Electronics,On-Time,Standard
7055,47,88714,35,25358,14490,5,449.92,13,0.18,135,0.92,-183,Electronics,On-Time,Platinum
7056,19,147738,62,20121,7949,5,465.73,18,0.52,173,0.36,1550,Travel,On-Time,Standard
7057,40,55639,75,17243,12353,4,444.78,6,0.07,167,0.43,907,Electronics,On-Time,Standard
7058,44,107191,46,16608,3448,11,114.09,17,0.46,135,0.89,5881,Electronics,Delayed,Standard
7059,74,61877,65,19343,16429,5,377.97,4,0.42,94,0.46,3104,Home,On-Time,Standard
7060,55,79418,83,25329,17477,2,193.53,4,0.29,123,0.79,7417,Fashion,On-Time,Platinum
7061,68,135615,79,10177,9316,6,69.06,6,0.08,76,0.03,2578,Electronics,On-Time,Gold
7062,53,105571,13,19473,0,4,175.49,4,0.66,55,0.13,1827,Food,On-Time,Standard
7063,34,25348,52,23077,13737,4,344.58,20,0.6,149,0.68,4147,Food,On-Time,Standard
7064,46,52100,65,25953,11416,1,460.76,15,0.74,87,0.78,4359,Fashion,On-Time,Standard
7065,48,125248,48,28082,0,5,360.85,3,0.53,95,0.77,2928,Travel,On-Time,Gold
7066,30,80675,15,18532,9977,5,311.76,14,0.51,39,0.55,6163,Food,On-Time,Standard
7067,39,29046,67,8788,15709,3,200.17,10,0.24,6,0.23,-806,Food,On-Time,Gold
7068,41,42241,42,23248,0,5,149.68,11,0.4,51,0.24,533,Fashion,Delayed,Gold
7069,69,103139,76,19047,10421,6,298.2,6,0.54,141,0.2,6020,Fashion,On-Time,Standard
7070,18,114776,64,29638,11565,1,267.71,10,0.07,52,0.45,2819,Food,On-Time,Gold
7071,63,75714,8,21600,11615,2,358.33,0,0.7,17,0.55,4306,Travel,Late,Standard
7072,30,174012,20,29719,8374,10,291.95,1,0.93,14,0.01,1052,Home,On-Time,Standard
7073,24,107966,81,15795,11058,3,237.14,16,0.97,26,0.33,3144,Fashion,On-Time,Gold
7074,62,65260,95,29717,8520,5,431.31,8,0.81,100,0.85,3640,Food,On-Time,Platinum
7075,55,42371,97,21254,8086,3,407.8,12,0.81,178,0.4,5315,Travel,On-Time,Gold
7076,63,36004,83,23341,13317,6,416.06,20,0.17,58,0.52,1866,Travel,On-Time,Standard
7077,57,88416,42,6265,27911,4,91.0,6,0.33,57,0.46,5138,Home,On-Time,Standard
7078,75,55448,65,28882,9651,4,117.14,18,0.76,149,0.15,-314,Electronics,On-Time,Gold
7079,53,141949,3,18529,5177,11,140.19,3,0.04,25,0.1,1965,Electronics,On-Time,Gold
7080,42,133652,6,23960,9097,7,459.46,16,0.08,78,0.23,4476,Fashion,On-Time,Gold
7081,50,100322,85,17373,9377,3,212.79,7,0.64,172,0.66,2509,Home,On-Time,Standard
7082,63,27840,83,29218,5371,5,344.78,18,0.43,60,0.87,4409,Food,On-Time,Gold
7083,33,48111,57,21814,5345,2,69.06,12,0.68,78,0.26,4946,Electronics,On-Time,Standard
7084,35,125227,98,21176,4049,5,379.94,0,0.26,44,0.33,1134,Electronics,On-Time,Gold
7085,40,52477,3,35148,6023,3,393.38,2,0.08,121,0.35,1016,Fashion,Delayed,Gold
7086,18,119885,19,5000,10514,3,385.52,17,0.83,153,0.74,7075,Food,Delayed,Gold
7087,47,93984,34,16721,9353,1,69.56,16,0.78,15,0.39,3532,Home,On-Time,Standard
7088,18,77068,96,18750,17956,5,94.23,18,0.46,10,0.52,7129,Food,On-Time,Standard
7089,45,46886,58,13375,0,6,384.17,5,0.88,175,0.68,946,Food,On-Time,Standard
7090,57,71230,84,22655,8780,2,332.08,18,0.22,93,0.91,2580,Food,On-Time,Standard
7091,37,82585,44,9291,5979,5,213.82,3,0.37,139,0.1,1482,Home,On-Time,Standard
7092,70,116301,13,9615,1506,7,299.45,4,0.24,79,0.94,2574,Electronics,On-Time,Standard
7093,23,39570,94,23494,4235,1,51.63,13,0.09,54,0.5,4931,Travel,Delayed,Platinum
7094,62,64487,21,12684,0,4,244.03,11,0.65,138,0.1,3566,Electronics,On-Time,Standard
7095,55,76792,47,24094,8887,4,125.17,20,0.59,130,0.52,3772,Electronics,On-Time,Platinum
7096,19,101507,29,15212,10015,5,484.69,0,0.44,100,0.46,1360,Home,On-Time,Gold
7097,80,38661,28,13298,178,10,192.62,1,0.86,175,0.18,1794,Electronics,On-Time,Gold
7098,44,22337,35,12100,9573,4,408.67,18,0.49,159,0.31,1890,Electronics,Late,Standard
7099,31,101958,41,12385,10534,5,107.23,1,0.45,86,0.34,3532,Food,On-Time,Gold
7100,23,20000,28,16573,3539,4,131.04,6,0.68,123,0.44,5819,Travel,On-Time,Standard
7101,41,126399,6,13617,10643,4,364.13,2,0.04,144,0.82,840,Home,On-Time,Platinum
7102,43,68762,31,19000,10361,8,397.84,7,0.28,111,0.42,6400,Fashion,On-Time,Standard
7103,46,20000,12,5116,8656,10,454.44,18,0.83,41,0.84,1376,Home,Late,Standard
7104,40,55783,12,13223,15488,8,362.48,11,0.13,11,0.41,2010,Food,On-Time,Gold
7105,54,90164,53,29993,17316,7,368.41,3,0.82,34,0.26,-2509,Electronics,Delayed,Platinum
7106,39,53691,13,9940,17632,6,154.67,15,0.63,114,0.39,-309,Travel,On-Time,Platinum
7107,18,75801,5,14693,3955,4,475.66,3,0.8,29,0.04,4881,Fashion,On-Time,Standard
7108,42,104603,15,29913,8677,1,370.74,0,0.08,129,0.53,2136,Fashion,On-Time,Standard
7109,18,66912,40,19672,0,6,129.85,0,0.71,97,0.01,4297,Electronics,On-Time,Standard
7110,50,37517,51,6220,14794,3,342.03,4,0.78,136,0.81,2682,Electronics,On-Time,Standard
7111,30,63040,84,24765,15939,5,414.32,6,0.03,168,0.55,1627,Food,Late,Gold
7112,47,131593,15,29483,17772,8,258.48,5,0.73,34,0.78,6325,Travel,On-Time,Standard
7113,64,142402,4,19805,23020,4,201.92,10,0.49,85,0.67,-1715,Fashion,On-Time,Gold
7114,30,20000,23,15532,17465,6,436.86,3,0.01,157,0.42,4037,Fashion,Late,Standard
7115,60,118641,42,6062,13756,8,434.65,10,0.65,155,0.15,1734,Home,On-Time,Gold
7116,38,85005,64,16113,10699,6,403.37,13,0.24,131,0.39,2832,Fashion,Delayed,Standard
7117,71,111959,9,10029,28201,9,142.21,4,0.97,44,0.89,2562,Food,On-Time,Standard
7118,39,52980,58,19932,11843,3,301.99,0,0.98,105,0.02,3061,Fashion,Late,Platinum
7119,32,20000,34,26621,26873,7,248.04,14,0.0,48,0.87,-2170,Electronics,On-Time,Standard
7120,55,98379,30,12088,5227,4,363.91,13,0.13,97,0.77,5642,Fashion,On-Time,Gold
7121,38,37360,78,25479,7818,1,452.82,2,0.51,18,0.31,2075,Fashion,On-Time,Gold
7122,32,20000,10,5973,15319,4,161.09,15,0.63,96,0.5,-2266,Food,On-Time,Platinum
7123,37,22263,8,18018,0,8,189.52,0,0.63,163,0.31,1158,Food,On-Time,Gold
7124,44,99036,65,5000,8322,2,156.42,20,0.72,18,0.94,3539,Fashion,Delayed,Standard
7125,65,80578,43,21456,18385,5,390.52,20,0.17,149,0.28,1371,Travel,Late,Platinum
7126,18,106298,93,29016,7335,4,273.64,13,0.3,36,0.55,5689,Fashion,On-Time,Standard
7127,45,101763,15,16520,9996,7,264.34,8,0.54,173,0.59,4329,Fashion,On-Time,Standard
7128,54,58162,47,21293,0,5,272.98,8,0.14,31,0.89,3028,Home,On-Time,Gold
7129,47,72181,52,15971,7148,9,188.62,7,0.81,46,0.87,-347,Fashion,On-Time,Gold
7130,64,54542,64,22829,4239,5,152.98,19,0.78,22,0.57,1395,Home,Late,Standard
7131,43,66586,47,26485,15269,0,411.58,10,0.68,180,0.99,4397,Electronics,On-Time,Standard
7132,42,36309,69,19890,15655,6,333.35,4,0.33,157,0.74,1695,Travel,Delayed,Standard
7133,53,90619,45,15747,4431,6,374.3,3,0.58,141,0.36,2241,Food,On-Time,Gold
7134,46,118004,74,22295,3369,8,184.61,10,0.01,90,0.08,1689,Home,Late,Standard
7135,39,42335,32,34521,20928,6,127.61,7,0.6,150,0.07,3321,Food,On-Time,Standard
7136,52,126250,51,22519,770,5,171.9,4,0.05,64,0.47,769,Food,Delayed,Gold
7137,35,79540,80,9814,15466,7,451.76,10,0.22,34,0.06,2687,Home,Delayed,Standard
7138,35,84643,54,35137,10271,3,201.57,12,0.35,174,0.22,2281,Fashion,On-Time,Standard
7139,37,20000,50,13482,17800,3,78.79,7,0.65,31,0.16,2583,Food,Delayed,Standard
7140,65,20000,97,13729,11411,5,270.44,12,0.24,35,0.51,4556,Fashion,Delayed,Standard
7141,18,80764,39,28066,6292,4,198.09,15,0.13,140,0.79,5554,Food,On-Time,Standard
7142,50,106589,24,16639,1846,4,265.72,0,0.5,120,0.11,324,Home,On-Time,Standard
7143,45,48144,62,23978,2021,5,360.2,18,0.75,179,0.23,3138,Travel,On-Time,Standard
7144,19,141803,21,23400,1168,8,479.76,7,0.39,176,0.15,-1149,Travel,On-Time,Standard
7145,49,104397,89,23520,9207,6,400.55,16,0.86,156,0.28,1929,Fashion,On-Time,Platinum
7146,52,38666,90,31554,15680,2,272.6,18,0.94,15,0.81,2839,Food,On-Time,Platinum
7147,53,76233,37,17855,3580,8,398.0,20,0.71,19,0.91,415,Food,On-Time,Standard
7148,18,174077,8,20271,2755,5,157.76,9,0.81,104,0.62,587,Home,On-Time,Standard
7149,65,25297,36,12664,11255,9,422.24,20,0.55,112,0.87,2745,Food,Delayed,Standard
7150,33,96130,4,25973,19734,5,298.26,15,0.58,102,0.43,5576,Fashion,On-Time,Platinum
7151,55,62090,81,21647,15408,10,415.53,0,0.04,167,0.34,2728,Food,On-Time,Standard
7152,56,103275,21,30064,9360,4,307.91,10,0.53,39,0.43,438,Electronics,On-Time,Platinum
7153,31,125690,11,22946,2808,7,199.21,0,0.53,164,0.12,469,Home,Delayed,Gold
7154,54,59550,59,33850,10337,4,99.07,8,0.56,120,0.98,3682,Travel,On-Time,Standard
7155,39,119756,43,18980,16193,4,259.38,20,0.22,26,0.91,3504,Travel,Delayed,Standard
7156,18,163848,21,21881,14087,6,381.7,19,0.39,83,0.21,2523,Electronics,Delayed,Gold
7157,62,77650,5,20552,11806,4,183.42,18,0.95,86,0.85,1610,Fashion,Late,Gold
7158,33,106395,99,14447,17768,5,183.28,20,0.85,97,0.28,1958,Home,Delayed,Standard
7159,32,51382,26,5000,20481,7,395.91,2,0.45,19,0.39,2805,Electronics,On-Time,Gold
7160,38,75770,54,21797,15851,1,134.02,19,0.42,134,0.35,2257,Fashion,On-Time,Standard
7161,49,67932,14,7193,0,5,233.11,9,0.78,134,0.68,6638,Food,On-Time,Standard
7162,44,106877,63,23713,16767,5,328.25,2,0.4,103,0.12,2084,Food,On-Time,Gold
7163,53,123187,16,29248,8968,6,216.39,1,0.6,15,0.64,3443,Home,On-Time,Gold
7164,24,70613,2,19523,10938,4,483.96,9,0.87,154,0.76,3005,Travel,On-Time,Gold
7165,33,136344,9,23055,8223,3,463.78,5,0.19,92,0.49,2589,Travel,On-Time,Gold
7166,43,136201,62,23327,5245,7,477.04,13,0.74,130,0.61,3022,Home,Delayed,Standard
7167,73,108874,62,27600,0,3,492.02,13,1.0,106,0.69,1389,Electronics,Late,Gold
7168,43,54358,88,19213,12086,6,488.05,19,0.04,112,0.84,4662,Electronics,Delayed,Gold
7169,61,50526,61,10331,871,5,192.26,4,0.03,20,0.99,2310,Home,Delayed,Standard
7170,45,42504,84,5993,13645,3,287.41,5,0.7,57,0.92,4341,Home,On-Time,Gold
7171,37,112966,8,17229,7229,4,402.7,8,0.44,32,0.22,4550,Fashion,On-Time,Platinum
7172,41,26529,23,6960,17850,4,373.83,3,0.18,157,0.11,4087,Home,On-Time,Gold
7173,42,102073,31,20302,22196,6,168.03,5,0.52,80,0.85,1599,Electronics,On-Time,Standard
7174,54,31755,2,22011,9103,4,213.49,5,0.89,123,0.72,4547,Food,On-Time,Platinum
7175,65,107941,32,15778,6378,6,472.08,8,0.52,19,0.15,-122,Travel,On-Time,Platinum
7176,50,75688,42,25905,4912,6,470.06,3,0.94,122,0.19,39,Home,On-Time,Standard
7177,62,128345,11,21284,13148,7,376.67,1,0.57,119,0.34,2732,Electronics,On-Time,Standard
7178,30,120658,92,14700,5945,4,52.93,19,0.19,146,0.52,4512,Fashion,On-Time,Standard
7179,38,132402,84,16358,9822,4,282.29,14,0.84,101,0.99,5420,Electronics,On-Time,Standard
7180,34,133432,97,30799,3486,5,144.38,1,0.38,77,0.32,4690,Food,On-Time,Standard
7181,49,80745,96,6393,10361,6,398.66,13,0.6,129,0.18,3353,Food,On-Time,Gold
7182,39,28648,31,18074,21649,4,86.54,18,0.39,173,0.26,3311,Fashion,Delayed,Standard
7183,55,32899,19,21587,4837,5,413.51,11,0.42,64,0.69,6354,Fashion,On-Time,Platinum
7184,31,20000,66,15139,10102,1,187.69,8,0.17,6,0.34,-1319,Travel,On-Time,Standard
7185,45,31653,67,14221,13437,7,217.2,6,0.63,32,0.92,1421,Electronics,On-Time,Standard
7186,55,77752,16,28835,19349,4,362.34,10,0.32,8,0.47,390,Food,Delayed,Standard
7187,18,52613,80,36334,18073,8,153.17,4,0.35,77,0.15,3234,Travel,On-Time,Standard
7188,76,67794,18,17324,15088,1,429.0,3,0.19,89,0.08,4959,Home,On-Time,Gold
7189,40,94708,3,20203,12857,7,468.54,16,0.34,148,0.51,4512,Food,On-Time,Standard
7190,18,62837,92,24641,30085,7,494.68,11,0.82,55,0.86,3682,Food,Delayed,Standard
7191,47,30126,16,11851,14956,9,361.76,12,0.95,157,0.59,1167,Home,On-Time,Gold
7192,45,72870,63,20561,12021,3,302.41,4,0.44,102,0.57,7005,Travel,On-Time,Standard
7193,43,39060,21,32268,18434,4,451.05,5,0.75,116,0.64,5645,Fashion,On-Time,Platinum
7194,59,64168,65,39068,14051,7,177.57,13,0.91,18,0.95,5385,Travel,On-Time,Standard
7195,56,128711,41,10015,27804,7,289.77,2,0.25,162,0.84,4189,Food,Delayed,Gold
7196,49,64179,75,12841,6078,6,147.72,14,0.13,28,0.71,2980,Food,Delayed,Standard
7197,51,145838,44,16544,9664,4,196.64,4,0.24,33,0.89,4460,Fashion,Late,Gold
7198,43,132265,10,17033,655,4,366.05,4,0.89,156,0.62,2393,Home,On-Time,Platinum
7199,71,51827,52,28669,9226,8,93.83,15,0.31,69,0.54,3203,Food,On-Time,Standard
7200,22,30555,59,20273,1764,7,268.65,17,0.53,72,0.02,2496,Electronics,On-Time,Standard
7201,47,72897,28,28017,10850,2,428.63,16,0.96,15,0.48,2148,Food,On-Time,Gold
7202,45,121133,19,21933,5143,1,273.15,10,0.48,5,0.04,3581,Fashion,On-Time,Platinum
7203,57,55392,4,19090,15523,4,158.42,2,0.37,105,0.79,3587,Electronics,On-Time,Standard
7204,32,111323,24,23574,6552,5,209.96,4,0.92,167,0.02,4153,Food,On-Time,Standard
7205,18,123337,33,5000,14979,4,310.56,14,0.11,52,0.04,4019,Electronics,Late,Platinum
7206,47,44038,11,17381,8525,5,330.16,16,0.71,112,0.04,1452,Food,Delayed,Gold
7207,49,47957,27,17674,18338,9,53.66,10,0.43,113,0.41,1590,Travel,On-Time,Standard
7208,67,103506,97,8860,9351,4,130.57,13,0.79,0,0.63,4824,Fashion,On-Time,Standard
7209,25,81073,5,30749,6959,6,361.28,11,0.47,112,0.91,4348,Fashion,On-Time,Standard
7210,62,47557,18,18038,0,4,87.42,7,0.83,5,0.46,6034,Home,Delayed,Platinum
7211,80,60912,11,22943,556,9,432.94,17,0.43,53,0.82,4964,Food,On-Time,Standard
7212,39,72179,24,26919,15230,3,187.44,10,0.16,162,0.52,4331,Fashion,On-Time,Gold
7213,25,20000,12,13339,1011,4,404.48,11,0.4,16,0.2,2570,Travel,Late,Gold
7214,38,105625,80,22279,16689,9,428.75,1,0.13,19,0.89,4125,Food,On-Time,Standard
7215,45,55852,75,6915,6956,3,472.27,4,0.06,88,0.77,3706,Electronics,On-Time,Gold
7216,53,20000,2,24366,9899,4,368.96,8,0.24,121,0.61,1413,Home,On-Time,Platinum
7217,36,74045,23,15577,13939,5,437.8,16,0.42,146,0.91,4406,Travel,On-Time,Standard
7218,68,45337,7,17760,17528,4,172.74,4,0.13,140,0.76,4691,Food,On-Time,Platinum
7219,28,142552,99,28975,0,6,57.04,20,0.69,141,0.16,3042,Electronics,On-Time,Platinum
7220,18,51582,89,34550,336,4,355.77,6,0.63,29,0.13,5455,Food,Late,Standard
7221,61,31094,44,14238,8165,1,165.23,1,0.8,74,0.41,3536,Electronics,Delayed,Standard
7222,18,95317,71,13199,18372,4,387.39,17,0.24,133,0.18,4700,Food,On-Time,Gold
7223,41,48582,95,25516,10134,4,218.85,4,0.38,170,0.37,660,Food,On-Time,Gold
7224,80,43821,95,25140,18116,6,395.66,2,0.66,131,0.18,2127,Food,Delayed,Platinum
7225,44,95380,0,10487,0,6,392.81,10,0.41,84,0.91,7494,Electronics,On-Time,Gold
7226,28,33381,2,19812,6058,4,248.72,2,0.38,145,0.31,3646,Home,Delayed,Standard
7227,44,20000,64,19828,10520,5,436.77,2,0.35,145,0.86,5276,Food,On-Time,Gold
7228,44,144039,14,19665,2488,4,261.15,9,0.5,76,0.33,2453,Electronics,On-Time,Standard
7229,47,98179,49,25290,1940,8,481.53,6,0.41,5,0.06,4172,Home,On-Time,Standard
7230,54,64431,19,32132,4378,6,67.95,3,0.55,148,0.74,2226,Travel,On-Time,Gold
7231,29,74860,2,18137,7313,6,293.92,5,0.99,20,0.64,3457,Food,On-Time,Standard
7232,70,95234,60,34379,2033,6,58.37,12,0.49,139,0.84,7129,Fashion,Delayed,Platinum
7233,48,113933,14,19014,18523,10,191.9,14,0.78,167,0.88,3082,Electronics,On-Time,Standard
7234,55,44760,58,33075,11413,7,257.87,11,0.67,17,0.79,1837,Travel,On-Time,Standard
7235,35,89645,53,23396,12199,7,126.85,16,0.56,78,0.85,1993,Travel,On-Time,Platinum
7236,64,54731,59,28686,11983,4,416.35,14,0.74,86,0.37,2444,Fashion,On-Time,Gold
7237,41,67440,36,27566,21045,3,238.68,2,0.64,152,0.31,3431,Electronics,On-Time,Standard
7238,49,81427,20,13501,24140,0,114.99,6,0.07,19,0.43,1014,Home,On-Time,Gold
7239,31,74732,22,22920,8057,5,181.29,13,0.75,78,0.9,4699,Fashion,Late,Standard
7240,30,104422,98,12674,13721,7,110.23,1,0.91,109,0.77,4385,Fashion,On-Time,Gold
7241,55,94483,17,19177,7914,3,294.49,8,0.8,2,0.61,-969,Travel,Late,Standard
7242,38,20000,16,10846,16196,2,260.39,10,0.38,42,0.34,6419,Fashion,On-Time,Standard
7243,32,20687,30,18385,19906,3,145.01,11,0.9,126,0.75,1775,Food,On-Time,Gold
7244,35,60211,63,20486,9958,9,487.19,6,0.1,48,0.17,-1631,Electronics,On-Time,Platinum
7245,55,148145,47,13175,16624,5,346.82,5,0.38,42,0.59,4041,Fashion,Late,Standard
7246,35,40936,25,19994,7716,10,193.92,17,0.0,128,0.7,5751,Home,On-Time,Platinum
7247,43,66671,21,26432,18122,6,215.69,2,0.36,12,0.03,4663,Food,On-Time,Standard
7248,45,53546,44,12165,3767,8,474.1,18,0.04,118,0.57,1165,Electronics,Delayed,Gold
7249,18,52838,35,27112,2483,6,310.04,11,0.75,143,0.98,6237,Electronics,On-Time,Standard
7250,22,82129,63,27395,14212,6,100.37,18,0.27,49,0.39,5686,Home,On-Time,Platinum
7251,50,131031,34,12381,17996,1,412.92,5,0.55,57,0.78,347,Home,Delayed,Standard
7252,33,93238,74,5000,14556,5,445.34,10,0.59,85,0.71,5607,Food,On-Time,Standard
7253,60,42858,90,28721,17411,5,342.62,11,0.31,60,0.07,3618,Food,On-Time,Platinum
7254,59,185129,97,18038,4042,5,71.3,1,0.25,7,0.01,1486,Home,Delayed,Standard
7255,55,78142,81,20002,9520,3,182.88,9,0.55,15,0.78,6186,Food,On-Time,Gold
7256,72,51911,26,36173,0,2,379.51,12,0.24,95,0.19,5334,Fashion,Delayed,Standard
7257,43,131483,67,23399,1644,4,163.83,16,0.16,143,0.33,1725,Home,Delayed,Platinum
7258,54,56237,16,23721,20185,7,247.53,15,0.74,36,0.55,4790,Travel,On-Time,Standard
7259,36,141516,69,19934,7418,4,177.24,19,0.32,52,0.53,3446,Fashion,On-Time,Standard
7260,80,40174,10,18464,23002,1,95.8,2,0.45,88,0.16,3491,Fashion,On-Time,Standard
7261,74,132201,4,19494,11168,7,254.19,10,0.91,57,0.07,2729,Fashion,On-Time,Platinum
7262,45,83041,57,18800,8455,3,332.35,18,0.13,86,0.66,3409,Fashion,On-Time,Standard
7263,50,126642,81,6518,8255,3,180.19,8,0.06,82,0.86,4409,Electronics,On-Time,Gold
7264,65,151070,56,12014,17017,3,151.97,7,0.43,152,0.98,2765,Fashion,On-Time,Gold
7265,42,29695,88,19544,9168,4,106.1,0,0.61,0,0.55,5557,Home,On-Time,Standard
7266,35,126030,73,36296,10293,3,356.75,17,0.47,31,0.57,5697,Home,Late,Gold
7267,58,20000,79,8895,12182,6,152.4,14,0.01,44,0.75,2034,Fashion,On-Time,Gold
7268,46,33112,73,15846,596,5,243.98,17,0.41,117,0.25,461,Electronics,On-Time,Gold
7269,47,42863,73,15766,10685,3,125.76,0,0.48,49,0.77,4481,Fashion,Delayed,Standard
7270,32,95145,99,25526,9651,5,327.16,14,0.95,80,0.15,245,Fashion,On-Time,Standard
7271,19,76320,84,20746,13195,5,330.96,17,0.08,140,0.59,6348,Electronics,On-Time,Gold
7272,48,68314,13,14856,16948,9,435.41,20,0.69,151,0.98,4219,Fashion,On-Time,Standard
7273,58,80849,71,29233,8346,3,493.4,12,0.39,115,0.38,2799,Travel,On-Time,Standard
7274,41,98651,0,12061,13545,11,455.62,0,0.87,29,0.41,2052,Home,On-Time,Platinum
7275,66,101729,15,15940,511,8,420.27,12,0.66,42,0.81,1295,Electronics,On-Time,Standard
7276,34,118766,25,11106,23964,5,447.51,12,0.39,61,0.55,2838,Electronics,On-Time,Standard
7277,29,147801,48,27941,20787,5,74.21,15,0.64,54,0.89,3606,Home,On-Time,Standard
7278,43,74145,41,19612,7666,6,392.71,15,0.45,20,0.23,3281,Food,On-Time,Gold
7279,43,54156,69,14305,10752,9,216.32,4,0.72,171,0.75,147,Travel,On-Time,Platinum
7280,56,99541,65,23568,0,5,134.76,19,0.79,22,0.92,3122,Food,On-Time,Platinum
7281,33,29229,52,32630,14694,7,244.57,12,0.69,87,0.47,2620,Food,On-Time,Gold
7282,65,47851,8,5000,4863,8,101.88,18,0.37,141,0.65,2721,Fashion,On-Time,Gold
7283,74,114975,68,24927,0,5,170.67,12,0.03,32,0.56,4333,Home,Late,Gold
7284,44,70034,39,33869,12414,7,235.74,6,0.14,112,0.6,3349,Fashion,On-Time,Gold
7285,63,26672,55,32439,3642,6,314.32,4,0.46,80,0.65,3630,Travel,On-Time,Gold
7286,29,20000,4,18001,2792,4,470.45,5,0.59,109,0.24,3366,Fashion,On-Time,Gold
7287,61,76948,55,20770,15450,6,83.2,0,0.09,2,0.27,4867,Home,On-Time,Standard
7288,60,120675,71,21664,21422,6,329.42,19,0.46,91,0.34,2540,Electronics,On-Time,Standard
7289,57,120141,4,17936,11954,1,84.49,8,0.29,135,0.19,3696,Fashion,On-Time,Standard
7290,44,79435,68,27391,18807,2,316.98,12,0.07,108,0.86,3535,Home,On-Time,Standard
7291,18,155356,51,7150,7623,8,321.65,18,0.35,49,0.31,3159,Electronics,On-Time,Platinum
7292,35,70807,80,24604,14148,6,225.39,3,0.63,70,0.58,3460,Electronics,Late,Standard
7293,35,69457,72,19392,11701,7,73.42,14,0.78,58,0.13,5233,Electronics,On-Time,Gold
7294,30,20000,97,28086,13190,3,419.47,19,0.76,34,0.55,4812,Electronics,Delayed,Gold
7295,46,57105,32,28879,3396,8,201.67,0,0.51,137,0.53,5236,Home,On-Time,Standard
7296,38,109080,21,20880,0,4,76.9,12,0.09,145,0.5,5527,Home,Late,Standard
7297,32,137558,84,15019,19793,5,73.85,10,0.6,5,0.59,2975,Travel,On-Time,Standard
7298,29,41790,14,28305,8231,7,89.39,3,0.05,121,0.09,3909,Fashion,Late,Standard
7299,34,93490,64,9808,0,7,439.61,10,0.43,125,0.99,5347,Fashion,Delayed,Platinum
7300,61,116875,70,11577,9903,3,263.23,7,0.66,100,0.9,1895,Electronics,On-Time,Standard
7301,35,75448,22,19388,12623,6,442.76,2,0.12,57,0.19,1872,Fashion,Late,Standard
7302,37,20000,5,15841,10350,5,386.97,20,0.62,55,0.65,2780,Home,On-Time,Standard
7303,38,84891,83,18278,11847,4,56.33,9,0.67,38,0.68,8627,Food,On-Time,Standard
7304,50,105457,57,17568,10689,7,187.16,10,0.89,158,0.1,3446,Food,On-Time,Standard
7305,51,37103,25,19788,7744,11,285.05,4,0.22,176,0.09,2956,Travel,Delayed,Standard
7306,18,64833,11,31899,11233,4,63.42,13,0.82,165,0.51,3373,Fashion,On-Time,Gold
7307,60,28780,76,10760,8922,1,481.24,3,0.34,45,0.88,5191,Home,On-Time,Standard
7308,66,20000,76,16268,11393,6,459.23,18,0.39,53,0.03,2203,Travel,On-Time,Standard
7309,29,116080,1,26597,12779,10,156.15,11,0.97,84,0.3,2987,Electronics,Delayed,Gold
7310,30,74850,31,20292,14070,5,214.64,6,0.51,97,0.89,2729,Fashion,On-Time,Gold
7311,38,138906,49,12235,6531,8,377.05,9,0.87,117,0.32,5264,Home,On-Time,Standard
7312,33,109292,94,19303,14765,3,57.74,19,0.7,32,0.15,4189,Electronics,On-Time,Standard
7313,48,60831,60,7941,13086,6,151.21,20,0.42,178,0.36,1696,Food,On-Time,Platinum
7314,18,71672,10,28258,18598,5,280.79,20,0.04,78,0.91,-436,Home,On-Time,Gold
7315,28,97647,100,20946,11352,7,213.34,20,0.49,134,0.3,3922,Fashion,Late,Standard
7316,68,113675,67,37602,17078,3,99.69,0,0.37,70,0.39,4694,Electronics,On-Time,Standard
7317,31,87906,33,11038,0,4,299.7,4,0.52,59,0.26,1863,Home,Late,Standard
7318,63,119223,79,14680,2594,4,420.04,12,0.73,142,0.25,3922,Travel,Late,Gold
7319,50,63133,94,21369,17787,0,154.02,13,0.54,25,0.4,1944,Food,Delayed,Gold
7320,18,35114,88,30537,12341,10,150.17,6,0.67,105,0.2,462,Fashion,On-Time,Standard
7321,54,72407,7,16118,2647,3,81.82,3,0.7,146,0.62,3756,Fashion,On-Time,Standard
7322,43,83207,7,14370,11308,2,299.43,4,0.78,180,0.31,4751,Travel,On-Time,Standard
7323,38,26938,97,20606,17494,5,232.11,6,0.65,108,0.62,2297,Home,On-Time,Gold
7324,48,21531,14,14625,1366,6,334.39,18,0.88,165,0.62,3356,Home,On-Time,Gold
7325,52,92895,4,23807,11971,2,65.62,7,0.3,53,0.9,3248,Food,On-Time,Standard
7326,55,58745,18,20611,25319,6,338.03,10,0.84,119,0.57,2742,Home,On-Time,Standard
7327,62,68366,73,25588,4382,11,469.31,14,0.63,102,0.84,2730,Home,On-Time,Gold
7328,51,60612,8,27153,3645,7,419.82,7,0.61,17,0.72,2523,Food,Delayed,Platinum
7329,24,135824,56,22930,0,7,205.39,20,0.19,0,0.16,2538,Fashion,On-Time,Standard
7330,37,125470,53,29230,7430,4,99.75,16,0.84,147,0.11,974,Travel,Delayed,Standard
7331,80,25505,28,17299,16482,5,292.3,4,0.6,158,0.88,227,Fashion,On-Time,Standard
7332,55,53688,100,8448,6378,5,177.71,17,0.18,108,0.06,3843,Electronics,Late,Gold
7333,80,109000,18,11378,28211,10,54.85,9,0.05,17,0.25,4275,Food,Delayed,Standard
7334,65,99077,76,19317,33848,2,233.9,16,0.49,117,0.67,6722,Home,On-Time,Gold
7335,48,73341,45,23342,22634,0,292.98,9,0.28,144,0.63,2334,Home,On-Time,Gold
7336,49,29495,79,24669,4975,5,398.96,17,0.3,31,0.9,2550,Fashion,On-Time,Standard
7337,44,47698,61,14818,12182,5,490.88,1,0.08,55,0.26,-911,Travel,On-Time,Standard
7338,18,54329,93,26923,5897,4,439.98,7,0.22,88,0.26,4056,Electronics,Delayed,Standard
7339,45,86079,59,5000,5450,4,293.69,3,0.97,169,0.36,1869,Home,On-Time,Gold
7340,63,143149,4,15623,12407,2,413.02,9,0.56,77,0.99,1570,Electronics,Delayed,Gold
7341,36,47524,32,23953,2634,1,423.14,17,0.54,68,0.07,2625,Food,Delayed,Standard
7342,51,33958,82,27301,0,5,485.02,11,0.51,62,0.35,3374,Electronics,On-Time,Gold
7343,57,70656,54,26057,220,7,161.13,19,0.77,143,0.11,4166,Fashion,On-Time,Standard
7344,31,116269,18,27443,11883,5,163.33,4,0.68,134,0.78,2840,Travel,On-Time,Gold
7345,38,20000,16,21388,23265,2,148.35,2,0.19,56,0.25,709,Travel,On-Time,Gold
7346,29,133145,87,19029,16579,4,455.54,17,0.5,19,0.05,2891,Home,On-Time,Standard
7347,32,68118,91,5000,9221,1,357.83,9,0.71,57,0.49,2140,Travel,On-Time,Platinum
7348,25,45627,41,18063,15330,7,112.94,8,0.45,7,0.64,2604,Home,On-Time,Gold
7349,31,20000,100,10821,9525,5,482.6,0,0.54,122,0.83,2801,Home,On-Time,Standard
7350,66,103260,21,24930,17474,6,322.45,0,0.08,80,0.01,3084,Electronics,On-Time,Standard
7351,31,68153,38,9057,15291,4,50.95,15,0.01,126,0.76,3411,Home,On-Time,Standard
7352,46,81828,79,18758,0,5,246.48,1,0.77,72,0.14,1129,Electronics,Late,Standard
7353,37,38967,98,10478,5456,5,397.76,6,0.78,48,0.77,6098,Electronics,Delayed,Platinum
7354,62,62236,26,19905,14772,3,189.63,8,0.51,174,0.15,3388,Electronics,On-Time,Gold
7355,64,55536,75,18947,15708,7,352.0,9,0.82,112,0.3,2952,Fashion,Late,Platinum
7356,57,70976,45,5971,6755,6,373.11,3,0.78,105,0.05,1009,Food,On-Time,Standard
7357,49,48217,27,22754,0,3,422.86,14,0.36,125,0.37,3016,Home,On-Time,Standard
7358,41,20000,51,17723,11472,3,311.2,9,0.49,142,0.25,5179,Home,On-Time,Standard
7359,27,184139,64,20223,0,5,136.19,19,0.47,10,0.13,1751,Food,On-Time,Standard
7360,74,20463,38,16678,4176,9,429.0,11,0.02,23,0.29,1881,Fashion,Late,Standard
7361,33,82258,17,14265,19861,9,132.48,6,0.0,155,0.01,-4416,Electronics,On-Time,Standard
7362,54,20000,86,26054,6797,2,256.34,5,0.84,118,0.88,1138,Fashion,Delayed,Standard
7363,60,20000,21,28249,5050,8,90.48,14,0.98,22,0.45,6571,Fashion,On-Time,Gold
7364,36,78913,67,27752,9107,5,121.65,18,0.76,129,0.44,2518,Home,On-Time,Platinum
7365,60,81974,10,9060,16366,9,136.32,15,0.07,141,0.66,5746,Fashion,On-Time,Platinum
7366,56,125459,81,31108,8256,4,373.77,17,0.61,151,0.17,1321,Home,On-Time,Standard
7367,70,90981,63,24503,20283,2,148.92,20,0.63,135,0.85,2623,Home,On-Time,Platinum
7368,37,69007,70,29995,3554,5,280.47,20,0.27,124,0.09,1711,Electronics,On-Time,Platinum
7369,25,37015,84,29861,2702,4,354.86,14,0.49,180,0.41,5676,Fashion,On-Time,Gold
7370,37,134960,56,22792,13304,1,297.5,20,0.01,58,0.75,5186,Travel,On-Time,Gold
7371,48,112154,34,13644,5116,6,347.24,0,0.47,0,0.42,2462,Food,On-Time,Standard
7372,45,25146,36,13933,13358,5,454.76,20,0.27,150,0.36,1489,Travel,Late,Gold
7373,39,76518,49,14556,26041,3,484.66,13,0.22,77,0.61,2313,Home,On-Time,Platinum
7374,18,80762,29,18551,1123,4,357.82,17,0.97,107,0.85,1230,Electronics,On-Time,Standard
7375,52,61173,16,12090,12291,3,134.05,2,0.67,19,0.68,5572,Electronics,On-Time,Standard
7376,74,105874,32,6278,16466,3,490.66,2,0.89,16,0.16,1939,Travel,On-Time,Standard
7377,51,108269,15,6529,5390,2,81.6,0,0.15,38,0.62,2467,Fashion,On-Time,Gold
7378,54,67380,14,19729,10090,6,467.48,6,0.23,78,0.97,1654,Home,On-Time,Gold
7379,53,63765,12,17845,0,8,253.28,12,0.93,28,0.52,3023,Home,On-Time,Gold
7380,50,134958,2,24078,9981,3,429.12,7,0.28,178,0.34,4107,Home,On-Time,Standard
7381,58,112313,23,18556,3037,6,203.08,17,0.88,114,0.62,1482,Fashion,Delayed,Standard
7382,50,77894,22,29219,3122,5,302.67,14,0.74,69,0.06,3534,Fashion,Late,Gold
7383,40,20000,58,15285,8552,4,113.75,10,0.04,103,0.75,3920,Travel,On-Time,Standard
7384,33,88760,54,22643,6860,6,457.3,10,0.15,145,0.32,-2348,Home,Delayed,Standard
7385,41,102923,64,24416,1323,7,184.91,10,0.56,59,0.06,5286,Food,On-Time,Platinum
7386,49,20000,31,20427,20945,4,168.04,19,0.92,174,0.7,2907,Home,On-Time,Gold
7387,40,85074,96,28109,11035,9,250.55,9,0.58,128,0.15,2089,Electronics,On-Time,Gold
7388,49,58332,59,24209,12757,4,214.48,16,0.7,3,0.14,440,Fashion,On-Time,Gold
7389,51,66165,29,26442,6045,7,112.06,8,0.67,45,0.27,5410,Fashion,On-Time,Standard
7390,57,38704,65,14871,9573,4,61.08,4,0.11,36,0.31,4093,Fashion,On-Time,Standard
7391,64,69072,17,18245,0,3,194.47,5,0.83,85,0.46,6840,Travel,On-Time,Standard
7392,46,130679,58,5000,2334,1,373.92,11,0.73,129,0.82,3030,Travel,Late,Gold
7393,25,57144,52,19497,20439,5,135.07,5,0.32,34,0.92,2722,Fashion,On-Time,Standard
7394,39,113622,63,9037,14349,2,127.62,8,0.46,18,0.02,1937,Home,On-Time,Gold
7395,45,42746,29,38775,6620,0,289.53,10,0.48,120,0.31,4489,Fashion,On-Time,Gold
7396,18,105350,17,22410,12740,6,352.25,9,0.79,74,0.56,4509,Food,On-Time,Gold
7397,65,75066,4,16812,0,5,494.07,6,0.95,24,0.4,3386,Food,On-Time,Standard
7398,47,89080,68,26020,7169,5,87.53,2,0.86,169,0.85,2973,Home,On-Time,Platinum
7399,50,75286,7,8874,10027,2,258.58,13,0.48,169,0.11,2693,Home,On-Time,Platinum
7400,65,100665,8,16048,15523,7,485.94,18,0.34,134,0.77,3584,Food,On-Time,Gold
7401,35,20000,31,17210,4340,3,339.44,2,0.23,34,0.59,3547,Electronics,On-Time,Gold
7402,53,20000,13,25157,10295,3,342.77,20,0.69,65,0.45,6867,Food,On-Time,Standard
7403,43,91683,12,12174,8273,8,454.54,20,0.42,112,0.61,5822,Home,On-Time,Standard
7404,42,20000,17,14422,12628,1,202.94,19,0.14,97,0.97,1234,Travel,On-Time,Standard
7405,33,53776,67,20892,11652,3,296.65,4,0.05,39,0.08,2467,Food,Delayed,Gold
7406,69,72826,21,25051,9706,5,260.72,13,0.58,110,0.32,6726,Electronics,On-Time,Gold
7407,39,41874,19,21691,12384,3,203.89,14,0.87,8,0.58,3021,Food,On-Time,Standard
7408,55,47337,14,12750,5787,6,447.33,0,0.33,2,0.65,4655,Travel,On-Time,Standard
7409,18,85863,6,20852,6334,6,238.38,13,0.21,50,0.09,5288,Travel,Delayed,Standard
7410,62,115371,76,14519,0,8,113.56,16,0.5,90,0.18,4372,Home,Late,Gold
7411,60,36662,97,12456,14922,3,119.84,6,0.75,28,0.09,334,Fashion,On-Time,Standard
7412,46,51997,29,23265,9068,8,101.57,17,0.04,13,0.57,3852,Travel,Delayed,Standard
7413,41,45749,4,24370,2441,1,385.34,3,0.88,40,0.89,1608,Travel,On-Time,Standard
7414,51,20000,0,19891,4473,5,482.46,1,0.99,63,0.94,912,Travel,On-Time,Gold
7415,79,80668,59,24088,21551,3,158.79,12,0.45,151,0.35,2159,Travel,Late,Gold
7416,18,112388,30,26159,8180,3,72.35,3,0.84,153,0.28,5015,Travel,On-Time,Standard
7417,56,115665,19,5000,12949,4,106.97,1,0.42,10,0.04,2469,Fashion,On-Time,Standard
7418,31,40169,82,23284,6412,6,382.2,7,0.11,4,0.41,2351,Food,On-Time,Standard
7419,44,24932,63,32389,1961,3,408.77,12,0.5,161,0.01,-569,Food,On-Time,Gold
7420,41,75864,63,17726,10283,7,206.8,3,0.18,55,0.85,4952,Travel,Delayed,Gold
7421,38,108170,28,32297,17707,12,53.8,8,0.19,38,0.49,-124,Home,On-Time,Standard
7422,44,81194,9,22522,20326,4,440.29,8,0.8,135,0.97,488,Fashion,On-Time,Gold
7423,27,86572,28,20637,19531,8,90.9,8,0.1,172,0.24,8524,Travel,On-Time,Standard
7424,60,120673,30,22130,14577,5,118.93,14,0.29,142,0.5,843,Travel,On-Time,Gold
7425,18,45434,74,7829,13954,1,161.05,0,0.36,114,0.81,6712,Electronics,On-Time,Gold
7426,53,66201,86,33372,3616,2,336.03,18,0.91,116,0.22,6387,Fashion,On-Time,Standard
7427,40,140384,29,16023,10548,7,207.27,0,0.61,163,0.42,3495,Food,On-Time,Standard
7428,27,67127,24,10414,17011,2,70.47,4,0.06,152,0.87,2374,Fashion,On-Time,Standard
7429,48,24306,79,15730,20056,1,391.95,5,0.28,111,0.68,2487,Food,Delayed,Gold
7430,21,48225,57,20184,9528,4,299.16,0,0.06,63,0.65,1952,Food,On-Time,Standard
7431,45,37472,56,29035,7106,4,423.6,18,0.74,168,0.57,7813,Electronics,On-Time,Gold
7432,23,89286,86,19396,3567,7,79.62,1,0.19,164,0.53,1328,Travel,On-Time,Gold
7433,51,39162,62,17430,9994,6,478.13,19,0.22,41,0.48,3004,Fashion,On-Time,Gold
7434,31,85841,96,17556,18234,8,96.3,7,0.12,69,0.11,3519,Food,On-Time,Standard
7435,38,45557,36,9151,6586,4,301.08,1,0.69,145,0.37,-5,Electronics,On-Time,Gold
7436,49,20000,57,15784,14683,6,284.05,15,0.52,53,0.49,4564,Home,On-Time,Standard
7437,33,87264,27,15277,18167,1,451.46,14,0.26,70,0.97,1498,Home,On-Time,Platinum
7438,44,80938,26,22000,7213,1,302.86,5,0.79,99,0.33,3041,Home,On-Time,Gold
7439,22,95710,69,6216,8791,4,175.4,1,0.58,167,0.21,3838,Travel,On-Time,Standard
7440,54,48080,36,16468,18919,6,127.35,1,0.18,145,0.03,4980,Electronics,On-Time,Standard
7441,71,43818,5,30461,12603,6,166.85,16,0.02,1,0.47,1037,Travel,On-Time,Standard
7442,80,91058,88,23359,21414,5,171.65,15,0.09,134,0.22,2339,Travel,On-Time,Gold
7443,46,135760,76,27519,10421,2,145.21,19,0.33,36,0.64,3150,Food,Late,Platinum
7444,56,75446,61,16855,18225,6,155.28,4,0.08,37,0.56,5253,Travel,On-Time,Standard
7445,18,91983,96,33328,2035,7,435.67,14,0.24,137,0.56,4666,Fashion,On-Time,Standard
7446,67,62136,32,26375,15525,5,441.78,0,0.08,64,0.45,-469,Home,On-Time,Standard
7447,56,20000,88,20547,7355,1,288.95,13,0.07,72,0.7,2626,Electronics,On-Time,Standard
7448,37,113697,77,25169,1101,6,461.7,18,0.31,61,0.62,1301,Home,On-Time,Gold
7449,63,111336,39,10114,6811,1,277.15,9,0.51,34,0.78,3551,Travel,On-Time,Standard
7450,41,103430,40,9947,9068,7,319.93,18,0.34,64,0.73,3116,Travel,Delayed,Platinum
7451,38,67722,41,26456,14112,4,497.3,8,0.1,35,0.12,687,Electronics,On-Time,Gold
7452,52,98882,8,29070,9342,5,217.95,10,0.06,40,0.97,2513,Travel,On-Time,Standard
7453,29,110750,17,12641,0,2,332.41,2,0.2,161,0.22,-1079,Electronics,On-Time,Standard
7454,60,139806,14,26836,7796,7,357.82,11,0.7,22,0.75,4323,Food,On-Time,Gold
7455,29,114541,3,24277,10058,10,317.98,1,0.67,145,0.78,5566,Fashion,On-Time,Standard
7456,29,77552,33,13640,14586,7,191.86,5,0.89,10,0.56,4086,Home,On-Time,Gold
7457,31,22669,61,12051,16570,3,464.73,3,0.91,83,0.11,3365,Travel,Late,Standard
7458,56,81226,37,14229,5056,6,453.24,11,0.77,19,0.16,-1514,Electronics,On-Time,Standard
7459,35,85263,80,16090,4919,9,478.2,17,0.02,31,0.94,3599,Fashion,On-Time,Gold
7460,24,103361,70,16826,4432,7,221.03,19,0.11,95,0.47,6394,Food,On-Time,Platinum
7461,35,129155,95,7262,3202,3,449.68,14,0.74,178,0.36,7412,Electronics,On-Time,Gold
7462,44,71193,22,16100,0,5,334.37,20,0.83,26,0.8,5663,Home,On-Time,Standard
7463,27,159039,19,22543,13388,9,498.27,6,0.61,67,0.22,1823,Electronics,On-Time,Gold
7464,27,20000,55,25296,28371,9,234.1,9,0.36,84,0.54,3265,Fashion,Late,Standard
7465,76,91773,52,15274,16081,7,52.31,17,0.18,63,0.52,1593,Fashion,On-Time,Gold
7466,32,43059,1,31954,16825,4,277.01,11,0.68,22,0.03,3843,Travel,Delayed,Standard
7467,40,20000,20,20161,13234,5,292.48,6,0.41,122,0.54,3852,Travel,On-Time,Gold
7468,39,66929,75,40284,568,2,258.63,18,0.37,62,0.49,1722,Fashion,On-Time,Standard
7469,38,20000,41,14026,7837,9,232.64,16,0.47,132,0.69,1215,Fashion,On-Time,Standard
7470,54,68542,56,22893,14882,3,148.96,12,0.84,69,0.8,3563,Home,On-Time,Gold
7471,59,76390,48,19298,1065,2,378.78,15,0.64,159,0.88,5030,Fashion,On-Time,Standard
7472,40,119741,90,14660,6624,3,289.44,19,0.56,41,0.16,9015,Electronics,On-Time,Standard
7473,26,20000,9,26892,835,5,96.95,9,0.32,89,0.17,607,Home,Delayed,Platinum
7474,64,111337,71,26102,6519,2,95.26,9,0.33,58,0.89,4952,Electronics,Delayed,Gold
7475,43,78923,60,17948,23897,4,399.75,1,0.99,136,0.06,4848,Fashion,On-Time,Standard
7476,70,116153,20,22547,21358,2,313.59,17,0.47,64,0.69,4123,Electronics,On-Time,Gold
7477,18,57729,59,22077,11136,2,277.33,12,0.23,20,0.6,6738,Electronics,On-Time,Standard
7478,47,21710,85,17909,20942,4,149.51,6,0.72,21,0.67,1642,Travel,On-Time,Gold
7479,73,26300,12,13953,14694,8,190.97,14,0.75,100,0.98,1214,Travel,Delayed,Gold
7480,39,23327,47,19985,8233,3,416.92,3,0.38,84,0.33,-518,Food,Delayed,Standard
7481,41,94112,39,18474,1364,6,175.58,20,0.79,9,0.69,-721,Travel,On-Time,Standard
7482,49,134076,62,11508,7551,9,129.41,19,0.87,119,0.89,-591,Food,Delayed,Standard
7483,36,52401,75,25261,7982,4,346.57,1,0.83,73,0.84,1494,Fashion,On-Time,Standard
7484,40,100165,80,20358,7256,2,396.46,8,0.07,170,0.57,5587,Travel,Late,Gold
7485,39,20000,8,18913,9208,6,128.69,1,0.79,6,0.8,2547,Food,On-Time,Standard
7486,35,82212,56,8070,2718,6,163.6,15,0.4,8,0.48,3680,Home,Delayed,Standard
7487,63,101742,50,22536,942,3,64.42,14,0.11,55,0.2,-6,Food,On-Time,Platinum
7488,51,20000,39,8093,507,8,63.22,7,0.89,76,0.14,3314,Home,Late,Platinum
7489,48,66844,75,21128,13117,7,74.67,12,0.49,95,0.3,-1138,Home,On-Time,Gold
7490,57,103636,72,26818,3303,4,75.86,15,0.88,115,0.06,1240,Home,On-Time,Standard
7491,41,20000,63,33297,11477,3,400.13,6,0.6,151,0.27,2875,Home,On-Time,Standard
7492,33,128418,93,20535,10330,8,314.55,18,0.33,102,0.29,1722,Electronics,Late,Gold
7493,35,89147,69,34066,12417,4,171.52,18,0.58,159,0.6,5236,Home,Delayed,Gold
7494,45,103669,63,25861,7594,8,101.33,14,0.96,127,0.85,-847,Electronics,Late,Platinum
7495,29,58491,24,23779,2341,7,478.42,11,0.62,177,0.62,4086,Electronics,Late,Gold
7496,37,20000,27,28927,22123,3,217.65,19,0.81,174,0.87,2558,Electronics,Delayed,Platinum
7497,37,96362,9,30712,5091,6,56.18,3,0.86,120,0.37,2521,Travel,On-Time,Standard
7498,76,71696,27,26587,23539,6,57.2,19,0.39,153,0.03,7370,Food,Delayed,Standard
7499,18,76284,92,18871,629,4,145.78,16,0.16,81,0.05,2182,Food,On-Time,Standard
7500,42,118504,35,15709,2902,8,412.62,5,0.98,132,0.94,1712,Fashion,On-Time,Gold
7501,70,105482,10,9672,0,7,406.03,20,0.89,180,0.19,3778,Electronics,Late,Standard
7502,46,151849,20,21344,10581,3,60.63,7,0.59,162,0.29,2204,Home,On-Time,Gold
7503,56,81154,25,29450,14558,5,140.44,1,0.95,123,0.07,6333,Fashion,On-Time,Platinum
7504,46,47351,17,12306,0,4,381.96,6,0.61,32,0.97,1864,Food,Delayed,Platinum
7505,34,67463,67,11387,10207,7,82.93,3,0.62,180,0.94,4475,Food,On-Time,Platinum
7506,18,91626,40,34383,7118,6,237.06,6,0.63,97,0.51,2593,Home,On-Time,Standard
7507,48,115634,14,17950,0,3,482.25,8,0.83,97,0.43,1360,Food,On-Time,Standard
7508,33,20000,22,6234,9277,1,310.39,0,0.31,134,0.15,1561,Food,Delayed,Gold
7509,32,75341,40,8348,16442,5,243.88,10,0.31,114,0.83,1720,Travel,On-Time,Standard
7510,37,139381,5,23541,20257,5,482.35,17,0.03,31,0.47,4242,Electronics,On-Time,Standard
7511,71,65391,70,16191,0,5,277.91,6,0.81,25,0.9,597,Food,On-Time,Standard
7512,80,112240,59,23827,17155,6,320.82,1,0.26,156,0.51,3542,Home,On-Time,Gold
7513,48,94724,78,18226,15607,2,280.57,4,0.22,17,0.04,2626,Travel,On-Time,Standard
7514,38,113234,51,21690,7404,5,387.65,15,0.48,165,0.11,3828,Home,On-Time,Standard
7515,27,42609,8,34138,0,1,199.55,7,0.86,88,0.9,355,Fashion,Delayed,Gold
7516,52,42783,29,18507,12325,3,118.44,19,0.6,155,0.57,3384,Home,On-Time,Standard
7517,71,75810,43,29419,0,5,262.35,3,0.84,64,0.87,1288,Electronics,Late,Gold
7518,41,20000,61,20907,12202,3,379.71,5,0.0,15,0.05,5213,Food,Delayed,Standard
7519,18,64210,42,10794,5880,7,259.99,1,0.19,134,0.91,3197,Fashion,On-Time,Standard
7520,55,85115,27,35810,4048,4,141.05,14,0.72,123,0.49,2906,Fashion,On-Time,Gold
7521,59,146385,93,36978,11982,4,117.37,5,0.28,179,0.33,4067,Food,On-Time,Platinum
7522,21,91108,7,18774,26133,5,486.96,14,0.94,129,0.05,6070,Fashion,On-Time,Gold
7523,47,100009,98,21214,20210,6,464.71,1,0.76,146,0.83,689,Home,Delayed,Gold
7524,51,121579,50,29916,9940,2,189.93,5,0.7,12,0.51,2921,Travel,On-Time,Standard
7525,43,36413,98,18521,12056,3,483.53,14,0.02,124,0.46,3214,Electronics,On-Time,Gold
7526,33,68396,89,27731,9238,4,328.85,0,0.69,74,0.66,2198,Electronics,On-Time,Standard
7527,60,172016,29,13489,7966,8,188.65,3,0.52,162,0.27,3367,Fashion,Late,Standard
7528,38,71835,98,34664,21267,7,187.2,3,0.17,83,0.95,-183,Fashion,On-Time,Gold
7529,22,119657,10,22907,11988,8,455.02,2,0.59,28,0.19,6092,Electronics,On-Time,Standard
7530,18,113549,19,26006,13679,5,216.75,16,0.11,167,0.98,2298,Travel,On-Time,Platinum
7531,63,20000,30,30851,12855,7,85.05,19,0.49,97,0.66,1781,Home,Late,Platinum
7532,54,87419,33,26549,9581,4,382.86,14,0.19,76,0.89,2247,Travel,On-Time,Gold
7533,46,80869,11,19594,2693,4,116.24,20,0.01,171,0.78,5227,Travel,On-Time,Standard
7534,38,88198,47,33764,3953,8,360.98,6,0.37,91,0.29,3713,Home,On-Time,Standard
7535,37,44835,27,26680,12205,8,361.64,11,0.37,140,0.8,4675,Electronics,On-Time,Standard
7536,28,30323,66,18682,14197,5,306.69,6,0.52,68,0.08,5051,Fashion,On-Time,Standard
7537,38,55959,62,7974,1598,4,307.92,1,0.96,115,0.1,-678,Home,On-Time,Standard
7538,18,71088,47,19883,5160,8,207.61,3,0.08,88,0.55,5278,Electronics,On-Time,Gold
7539,33,122399,41,15763,6185,4,234.91,4,0.22,40,0.99,1866,Electronics,Late,Platinum
7540,40,147692,51,20196,3414,6,104.45,18,0.45,54,0.67,2463,Fashion,On-Time,Gold
7541,54,130863,4,14866,0,4,299.58,14,0.35,57,0.14,261,Electronics,Late,Platinum
7542,44,109407,76,23073,799,6,417.43,1,0.56,104,0.89,3823,Food,On-Time,Standard
7543,56,34826,11,16407,9704,6,63.61,0,0.8,157,0.68,2502,Fashion,On-Time,Standard
7544,65,58644,58,31416,13952,6,368.99,10,0.42,43,0.9,3701,Fashion,On-Time,Gold
7545,60,83397,64,24911,5188,8,110.41,4,0.31,46,0.74,1633,Home,On-Time,Gold
7546,52,49702,51,16276,13174,4,409.42,1,0.23,8,0.06,5420,Travel,Delayed,Standard
7547,45,98088,42,20072,10658,5,50.44,13,0.79,1,0.42,4142,Travel,Delayed,Platinum
7548,30,103819,82,24070,14873,3,84.56,14,0.09,71,0.25,4526,Fashion,On-Time,Standard
7549,56,96451,92,7978,21540,6,419.88,17,0.49,69,0.35,3028,Food,Delayed,Standard
7550,70,116005,62,23746,3845,6,171.24,1,0.37,108,0.32,2908,Travel,Delayed,Gold
7551,50,38816,49,6322,6632,9,452.18,1,0.63,70,0.95,5554,Electronics,On-Time,Platinum
7552,73,112313,38,32280,1389,3,401.5,3,0.54,132,0.15,3484,Fashion,Delayed,Standard
7553,22,47174,41,17015,20577,3,338.58,18,0.35,65,0.38,4545,Food,Delayed,Gold
7554,27,37362,88,28391,6945,9,184.9,10,0.11,35,0.92,1205,Home,On-Time,Platinum
7555,57,96284,79,10840,11660,5,427.79,8,0.14,39,0.13,3490,Home,On-Time,Standard
7556,48,123634,16,24595,14531,3,137.19,7,0.68,54,0.19,3670,Home,Late,Gold
7557,64,94520,91,10615,20014,7,451.34,19,0.49,105,0.77,2540,Travel,On-Time,Platinum
7558,44,75832,42,17647,0,5,390.39,3,0.79,21,0.46,4001,Electronics,On-Time,Standard
7559,31,87406,48,27741,16577,3,206.79,15,0.93,25,0.01,-695,Food,On-Time,Platinum
7560,41,80457,4,24935,0,9,128.45,8,0.67,99,0.49,278,Travel,Delayed,Standard
7561,22,29961,0,24524,2010,4,248.82,9,0.91,151,0.43,1141,Travel,On-Time,Gold
7562,28,25295,66,17169,8452,2,108.98,4,0.03,52,0.74,2140,Fashion,Delayed,Gold
7563,59,71846,23,11635,9863,7,268.37,11,0.54,27,0.29,2174,Food,Delayed,Platinum
7564,58,78194,28,26249,20655,4,152.1,6,0.27,10,0.05,3714,Travel,Delayed,Gold
7565,50,75453,14,12639,10332,6,52.02,7,0.2,31,0.26,1008,Home,Delayed,Standard
7566,19,102044,3,15022,9737,1,289.22,6,0.28,31,0.98,3299,Fashion,On-Time,Gold
7567,39,66380,43,31418,11328,3,184.96,14,0.82,86,0.35,1488,Home,On-Time,Standard
7568,26,97519,64,24626,17979,8,325.0,9,0.63,83,0.7,3643,Travel,On-Time,Gold
7569,62,69216,78,9091,4975,7,190.74,11,0.78,81,0.26,1560,Fashion,On-Time,Platinum
7570,36,147934,87,19913,0,3,357.99,7,0.5,50,0.15,2196,Home,Late,Standard
7571,28,78228,30,18735,10664,0,350.05,1,0.27,176,0.74,240,Food,Late,Standard
7572,45,168628,19,17002,10594,3,61.25,6,0.47,124,0.83,864,Home,On-Time,Platinum
7573,35,89080,9,17246,8739,10,359.83,11,0.21,177,0.97,1591,Travel,On-Time,Standard
7574,67,66452,10,30468,21486,0,132.33,14,0.99,58,0.35,2084,Travel,Delayed,Standard
7575,33,39022,81,35956,15923,6,419.33,1,0.77,12,0.46,140,Electronics,On-Time,Gold
7576,24,20000,97,19660,0,2,103.55,7,0.06,122,0.61,3192,Fashion,Late,Standard
7577,18,35342,27,21310,6485,3,161.36,8,1.0,58,0.81,3930,Travel,On-Time,Gold
7578,44,39815,37,9086,13481,9,308.14,17,0.15,74,0.9,4984,Food,On-Time,Standard
7579,36,90792,79,33557,12941,1,238.82,10,0.66,169,0.81,1877,Fashion,On-Time,Standard
7580,23,53953,23,14731,17733,5,496.14,19,0.38,73,0.09,2563,Electronics,On-Time,Gold
7581,62,82477,38,16616,20574,9,373.82,19,0.54,94,0.31,2224,Fashion,On-Time,Gold
7582,55,126279,50,26323,12816,2,149.13,11,0.71,146,0.54,-210,Travel,On-Time,Gold
7583,44,71487,75,22247,14274,3,380.0,16,0.3,170,0.35,2854,Home,On-Time,Standard
7584,65,158166,49,24394,353,3,210.33,5,0.1,111,0.91,4365,Fashion,On-Time,Gold
7585,54,27967,6,25435,5226,4,60.19,2,0.66,118,0.53,5200,Electronics,On-Time,Gold
7586,32,68976,99,19934,6133,8,176.74,15,0.03,31,0.15,2824,Travel,On-Time,Platinum
7587,29,53427,80,27063,63,5,473.46,13,0.22,162,0.66,2715,Travel,On-Time,Platinum
7588,57,112460,67,6342,15312,4,107.65,16,0.01,6,0.41,4769,Food,On-Time,Platinum
7589,50,20000,52,33085,10867,6,307.56,9,0.74,21,0.83,3570,Food,On-Time,Gold
7590,47,20000,36,18546,22836,8,489.9,9,0.88,84,0.86,3487,Travel,On-Time,Gold
7591,32,70706,96,26985,14581,8,284.36,8,0.32,127,0.79,987,Electronics,Late,Platinum
7592,54,137055,82,23941,12280,4,198.57,6,0.31,174,0.04,-2134,Home,On-Time,Standard
7593,33,84033,53,5000,20929,8,319.35,0,0.1,106,0.17,2303,Electronics,On-Time,Standard
7594,43,20938,89,21747,4952,5,165.46,7,0.04,115,0.75,-372,Food,On-Time,Standard
7595,66,27113,54,5000,0,2,399.02,9,0.24,101,0.48,7447,Food,On-Time,Standard
7596,35,141919,74,23952,16577,7,438.2,12,0.86,25,0.76,2651,Fashion,On-Time,Gold
7597,21,50154,30,21738,12907,2,208.52,9,0.6,57,0.43,4781,Travel,On-Time,Standard
7598,29,37281,64,9765,9062,7,397.81,15,0.01,45,0.28,3412,Travel,On-Time,Gold
7599,59,134094,99,21506,6640,7,425.88,10,0.61,132,0.15,1171,Electronics,On-Time,Standard
7600,48,115443,92,16199,4914,6,233.59,16,0.05,99,0.61,3749,Fashion,Delayed,Standard
7601,43,125962,88,18690,9942,7,477.39,15,0.42,165,0.55,3445,Home,On-Time,Standard
7602,37,36998,58,5000,11469,10,360.41,0,0.93,102,0.26,2720,Travel,On-Time,Platinum
7603,52,20000,46,10094,14896,4,255.48,16,0.63,155,0.26,3320,Electronics,On-Time,Gold
7604,32,80326,48,13703,0,3,324.73,9,0.61,122,0.64,2288,Travel,On-Time,Standard
7605,49,88405,17,10903,17766,5,273.63,12,0.67,166,0.1,1950,Travel,On-Time,Standard
7606,34,89584,2,15796,8613,6,124.24,1,0.14,131,0.94,5280,Home,Delayed,Platinum
7607,31,134127,17,14622,10444,4,258.03,17,0.09,59,0.61,6003,Home,Delayed,Standard
7608,35,20000,57,22413,4806,2,300.93,11,0.37,53,0.55,2785,Electronics,On-Time,Platinum
7609,39,109387,70,5000,13247,8,122.27,2,0.19,4,0.11,-229,Electronics,Delayed,Standard
7610,44,31134,91,35939,22866,5,451.26,17,0.02,134,0.08,4186,Electronics,On-Time,Gold
7611,48,109229,80,15078,15524,7,318.5,7,0.34,119,0.29,2836,Electronics,On-Time,Standard
7612,18,56001,24,17548,6903,7,258.73,17,0.5,86,0.86,4223,Food,Delayed,Standard
7613,32,42441,17,24757,0,4,403.01,6,0.05,47,0.79,3026,Food,On-Time,Standard
7614,39,50603,51,33911,5715,5,394.82,9,0.97,168,0.57,5715,Electronics,On-Time,Gold
7615,67,20000,42,15287,6165,3,224.12,2,0.77,86,0.73,-684,Fashion,On-Time,Platinum
7616,28,76617,66,25514,12905,5,251.04,16,0.74,19,0.99,3507,Travel,Delayed,Standard
7617,47,44093,88,14632,5400,4,261.29,8,0.88,171,0.19,3665,Home,On-Time,Gold
7618,67,106451,6,27522,4511,3,116.92,13,0.59,90,0.75,3632,Fashion,Late,Standard
7619,25,100602,73,25577,7503,4,376.23,8,0.44,39,0.63,5747,Travel,Late,Gold
7620,50,142526,43,11472,9661,4,129.73,9,0.48,76,0.97,3388,Food,On-Time,Standard
7621,32,89653,43,24632,7733,5,82.53,8,0.2,138,0.02,1524,Food,Late,Platinum
7622,37,95827,50,8581,7150,7,352.2,17,0.38,0,0.16,4673,Travel,Late,Platinum
7623,32,131003,82,14068,488,6,87.04,16,0.8,76,0.13,2797,Home,On-Time,Platinum
7624,34,49893,78,9284,13119,3,440.06,19,0.5,53,0.17,3271,Home,Delayed,Standard
7625,80,20000,84,20007,2757,5,199.04,15,0.18,127,0.72,4313,Travel,On-Time,Standard
7626,57,83003,20,27986,16387,0,154.73,16,0.86,177,0.19,3372,Fashion,Delayed,Standard
7627,61,20000,36,10059,17773,7,242.48,15,0.65,107,0.63,3408,Fashion,On-Time,Gold
7628,52,173157,27,23207,1363,7,267.34,11,0.6,71,0.52,-365,Electronics,On-Time,Gold
7629,20,133219,31,18064,22125,6,113.94,1,0.97,97,0.43,4412,Food,Late,Gold
7630,50,161559,56,11786,17701,6,451.22,14,0.93,62,0.45,4007,Electronics,On-Time,Standard
7631,61,77497,40,16623,11164,6,129.9,6,0.15,34,0.42,3076,Electronics,Delayed,Standard
7632,32,97022,53,24631,3085,9,279.75,1,0.74,23,0.99,4468,Home,On-Time,Standard
7633,59,56620,26,27521,0,6,320.47,7,0.9,2,0.99,923,Travel,On-Time,Gold
7634,55,110316,86,22459,10028,8,342.87,20,0.86,167,0.32,5226,Travel,On-Time,Standard
7635,72,26378,73,19703,10896,1,279.17,15,0.89,9,0.22,4844,Home,Delayed,Gold
7636,38,20000,39,20183,16214,9,167.08,20,0.81,34,0.2,152,Electronics,On-Time,Gold
7637,28,43371,40,14146,0,5,81.77,19,0.99,177,0.51,4326,Home,On-Time,Standard
7638,39,20000,69,20775,16916,7,474.56,12,0.27,168,0.8,1169,Home,On-Time,Gold
7639,66,134117,23,8238,17893,5,409.56,16,0.16,163,0.49,3661,Food,On-Time,Standard
7640,18,147627,17,19051,12988,10,174.23,18,0.08,172,0.99,4519,Electronics,On-Time,Standard
7641,18,20000,73,33594,541,8,95.87,9,0.82,41,0.94,4080,Electronics,On-Time,Standard
7642,46,126668,55,16488,8387,5,489.74,1,0.45,13,0.78,5622,Fashion,Delayed,Gold
7643,38,113055,14,28969,1929,7,444.8,7,0.26,126,0.83,1557,Electronics,Late,Gold
7644,45,20000,97,25367,812,7,324.65,19,0.68,23,0.78,4050,Food,On-Time,Gold
7645,59,59389,71,31502,1829,6,282.68,18,0.0,104,0.84,4855,Fashion,On-Time,Standard
7646,36,51793,34,5000,11535,1,179.16,16,0.2,48,0.25,5781,Food,On-Time,Gold
7647,18,104919,26,21416,4188,7,207.97,19,0.38,119,0.46,4361,Electronics,Late,Standard
7648,75,25848,88,24704,8356,1,439.95,17,0.21,8,0.2,2470,Travel,Delayed,Standard
7649,30,71045,2,26387,14665,3,310.51,16,0.34,172,0.59,3872,Home,Delayed,Standard
7650,29,47562,20,29610,9963,7,453.49,16,0.17,63,0.32,1665,Home,On-Time,Standard
7651,61,93933,38,25571,7218,7,440.15,4,0.0,169,0.73,3914,Home,On-Time,Gold
7652,39,66328,31,21892,9005,7,239.51,2,0.5,170,0.74,2980,Travel,On-Time,Standard
7653,44,53590,49,12329,21217,3,115.16,18,0.07,102,0.93,99,Electronics,On-Time,Gold
7654,52,66468,84,5000,19055,6,474.48,10,0.72,162,0.92,2698,Fashion,On-Time,Gold
7655,61,156441,8,30714,0,5,411.83,2,0.06,105,0.15,5536,Food,On-Time,Gold
7656,39,58324,49,15141,6603,6,214.58,12,0.77,175,0.19,3639,Home,On-Time,Gold
7657,67,33359,0,17197,10101,4,448.55,16,0.06,177,0.7,1317,Home,On-Time,Standard
7658,18,98337,3,27244,24415,4,213.58,7,0.97,132,0.96,3840,Electronics,Late,Standard
7659,56,69259,3,19847,8702,4,342.03,0,0.36,80,0.09,1221,Home,On-Time,Platinum
7660,32,20000,89,10741,7180,5,191.19,6,0.3,127,0.49,2966,Electronics,Delayed,Standard
7661,65,164259,33,6340,8328,5,458.48,4,0.31,44,0.98,2987,Fashion,On-Time,Standard
7662,47,60900,26,17132,9186,7,67.17,3,0.24,10,0.49,2507,Travel,Late,Standard
7663,34,59885,14,20767,11500,8,355.83,19,0.18,125,0.1,2142,Food,On-Time,Standard
7664,54,81393,31,26369,12559,1,136.32,17,0.83,149,0.79,1854,Electronics,On-Time,Standard
7665,58,144204,40,19000,8640,5,92.86,3,0.46,171,0.78,1622,Electronics,Late,Gold
7666,54,20000,70,20160,22908,5,311.59,13,0.1,43,0.3,1898,Home,On-Time,Platinum
7667,29,86039,60,9441,10229,5,379.34,9,0.82,48,0.8,6259,Food,On-Time,Platinum
7668,37,158490,62,28330,18104,5,496.09,8,0.86,110,0.44,2768,Food,Delayed,Standard
7669,44,80149,60,44104,10528,5,105.66,18,0.92,144,0.25,6898,Home,Delayed,Gold
7670,44,25586,13,30409,7074,2,153.71,6,0.05,106,0.1,5947,Home,Delayed,Gold
7671,56,50264,22,29685,13272,6,490.89,16,0.47,52,0.36,2070,Home,On-Time,Standard
7672,18,83275,64,22760,0,6,152.88,7,0.6,14,0.74,3780,Fashion,On-Time,Standard
7673,50,128232,31,11639,8898,3,329.49,0,0.84,143,0.73,3350,Food,On-Time,Gold
7674,40,61426,40,13105,0,3,350.49,0,0.62,12,0.77,3206,Electronics,On-Time,Gold
7675,32,108066,25,25269,1420,4,414.15,13,0.46,34,0.93,4227,Food,On-Time,Gold
7676,33,20000,47,27126,4413,2,213.98,16,0.76,8,0.48,1082,Fashion,On-Time,Gold
7677,41,20000,72,12486,9831,5,108.68,15,0.46,67,0.54,3610,Electronics,On-Time,Standard
7678,18,55687,15,23636,12344,7,71.34,20,0.29,103,0.62,1561,Food,Late,Standard
7679,34,132521,30,20904,0,5,89.83,11,0.58,161,0.56,895,Travel,On-Time,Gold
7680,31,77754,65,23961,6512,5,301.82,18,0.51,176,0.96,6293,Food,On-Time,Gold
7681,52,86592,31,22862,7554,7,213.76,2,0.49,1,0.16,6163,Travel,On-Time,Standard
7682,32,86123,9,23274,24373,3,421.33,1,0.19,52,0.79,5952,Electronics,On-Time,Standard
7683,41,119368,24,5000,9500,4,232.71,15,0.85,151,0.1,4260,Electronics,On-Time,Standard
7684,68,50591,81,34590,1088,4,284.17,19,0.06,34,0.27,687,Electronics,On-Time,Standard
7685,59,102531,97,31322,15983,6,477.65,11,0.05,23,0.02,532,Food,On-Time,Standard
7686,58,41764,92,19880,8102,6,289.46,13,0.14,155,0.3,6520,Food,On-Time,Gold
7687,37,154330,44,10559,15215,7,408.44,8,0.11,131,0.26,4886,Home,On-Time,Standard
7688,53,42984,23,24505,17038,5,393.26,13,0.88,151,0.42,920,Electronics,On-Time,Gold
7689,41,39704,2,8304,4026,2,164.96,2,0.79,14,0.1,6244,Electronics,Delayed,Standard
7690,42,96986,61,33415,7135,5,292.45,17,0.28,23,0.13,1261,Fashion,On-Time,Gold
7691,51,78191,78,18708,7339,2,116.94,4,0.27,51,0.02,376,Electronics,Delayed,Standard
7692,36,88074,66,15228,16169,8,154.25,20,0.41,58,0.87,3760,Fashion,On-Time,Standard
7693,67,84092,54,24669,21356,7,483.47,8,0.52,30,0.35,3164,Home,On-Time,Standard
7694,42,31384,94,16243,21623,4,125.4,13,0.33,70,0.75,4481,Food,On-Time,Gold
7695,54,139534,9,17759,8519,4,482.47,11,0.91,138,0.77,2640,Travel,Delayed,Standard
7696,66,110741,54,13651,20749,10,365.95,6,0.05,132,0.93,765,Electronics,On-Time,Platinum
7697,60,129357,21,25000,12611,6,439.45,15,0.96,157,0.48,2525,Home,On-Time,Standard
7698,23,53866,13,22460,7469,6,146.23,16,0.57,47,0.27,2758,Food,On-Time,Standard
7699,51,91660,72,28402,4495,8,223.9,7,0.95,107,0.13,2781,Home,On-Time,Standard
7700,57,82894,81,6999,13327,10,426.48,9,0.7,169,0.56,3727,Home,On-Time,Gold
7701,58,120120,7,10262,21187,12,403.56,13,0.15,100,0.56,1993,Electronics,On-Time,Gold
7702,28,121409,14,15859,18585,8,372.4,10,0.69,138,0.08,1957,Electronics,On-Time,Gold
7703,35,82722,14,28889,4432,8,183.94,6,0.97,33,0.16,3820,Fashion,Delayed,Standard
7704,59,20000,51,8599,12421,3,262.74,20,0.5,175,0.61,-1189,Travel,On-Time,Standard
7705,33,146186,69,13203,4019,8,261.9,4,0.88,159,0.83,4106,Fashion,Late,Gold
7706,40,97239,53,31363,11469,1,475.59,1,0.99,22,0.25,1976,Electronics,Delayed,Platinum
7707,68,50662,75,24237,13262,3,341.18,18,0.34,41,0.92,4888,Fashion,On-Time,Standard
7708,44,91261,41,28642,12193,5,204.02,11,0.41,60,0.29,4467,Fashion,On-Time,Standard
7709,34,20000,18,19271,16946,6,280.53,16,0.27,1,0.15,-905,Food,On-Time,Standard
7710,31,117214,39,34146,4971,6,449.33,16,0.93,172,0.56,2729,Home,On-Time,Gold
7711,49,20000,68,8391,19362,4,374.81,10,0.63,177,0.67,1012,Fashion,Delayed,Gold
7712,25,66166,26,18284,7406,3,324.2,12,0.76,136,0.3,2614,Electronics,Delayed,Platinum
7713,41,84778,73,17627,2043,3,293.3,4,0.2,163,0.54,5334,Home,Delayed,Standard
7714,49,116553,42,17726,17028,4,278.14,10,0.43,145,0.6,4065,Food,On-Time,Gold
7715,64,79261,51,9955,13206,4,253.96,11,0.64,64,0.49,-2062,Fashion,On-Time,Standard
7716,55,100398,45,24435,16797,8,450.92,3,0.74,59,0.1,4966,Food,Delayed,Gold
7717,34,73873,13,10203,11061,1,67.38,15,0.66,33,0.54,2811,Electronics,On-Time,Standard
7718,62,73712,63,9341,0,2,186.6,4,0.71,151,0.9,422,Fashion,Delayed,Standard
7719,40,78419,60,5000,4130,6,369.06,9,0.62,31,0.11,4818,Home,On-Time,Gold
7720,26,67437,97,14062,10820,1,444.28,18,0.19,110,0.96,2590,Food,On-Time,Standard
7721,42,20000,57,21173,9590,7,485.76,10,0.55,100,0.63,3927,Electronics,On-Time,Standard
7722,66,44267,48,22307,22615,3,478.13,19,0.89,27,0.78,1378,Travel,On-Time,Standard
7723,47,84790,78,18207,4410,6,219.17,1,0.12,22,0.36,1025,Travel,On-Time,Gold
7724,45,65035,28,14642,16076,3,444.09,17,0.24,166,0.77,3770,Fashion,Delayed,Gold
7725,69,68767,25,16755,14095,3,296.78,0,0.44,101,0.29,4816,Travel,On-Time,Gold
7726,23,62065,26,14603,0,1,217.13,1,0.07,91,0.68,4766,Food,On-Time,Gold
7727,25,40456,66,36431,9868,5,457.95,20,0.38,40,0.2,869,Fashion,On-Time,Standard
7728,20,55276,66,10173,10782,3,323.49,9,0.42,128,0.72,3236,Electronics,On-Time,Standard
7729,50,62726,34,13797,19196,3,396.18,0,0.82,163,0.49,4054,Fashion,Delayed,Standard
7730,47,75205,59,19996,0,5,163.26,4,0.99,157,0.39,-1784,Home,On-Time,Standard
7731,68,90735,60,11230,15412,8,228.12,13,0.19,91,0.97,7010,Electronics,On-Time,Standard
7732,48,67777,98,20368,12770,3,71.91,8,0.21,142,0.41,5896,Food,On-Time,Standard
7733,38,33813,69,6895,19204,2,107.22,2,0.91,92,0.11,3772,Electronics,On-Time,Platinum
7734,45,20000,77,20990,5581,5,342.28,17,0.89,38,0.05,3357,Food,Delayed,Platinum
7735,46,178897,89,16446,15400,5,149.81,11,0.96,102,0.42,3275,Food,On-Time,Standard
7736,19,29807,2,14037,2220,4,237.01,18,0.84,148,0.15,347,Food,On-Time,Gold
7737,80,54254,32,17665,24436,7,235.53,7,0.55,160,0.71,1927,Food,On-Time,Gold
7738,52,95680,41,15672,7030,5,395.44,0,0.58,80,0.13,6616,Travel,On-Time,Gold
7739,48,89434,12,16777,0,4,305.16,2,0.43,122,0.61,5063,Electronics,On-Time,Standard
7740,54,95834,28,26132,3917,4,354.84,16,0.01,26,0.53,6701,Electronics,On-Time,Standard
7741,55,57291,8,34392,16780,4,104.79,19,0.49,24,0.22,3936,Home,On-Time,Standard
7742,42,84542,31,5000,9759,5,323.03,7,0.88,47,0.5,4307,Fashion,On-Time,Platinum
7743,35,77453,21,18142,17066,2,328.21,14,0.11,44,0.41,654,Electronics,Delayed,Standard
7744,53,62514,85,9737,21066,3,289.89,18,0.21,31,0.21,1991,Food,On-Time,Standard
7745,50,84816,57,17270,16806,7,95.53,10,0.17,105,0.23,4071,Home,On-Time,Gold
7746,32,117214,56,23221,16531,1,397.1,13,0.01,78,0.1,3776,Electronics,On-Time,Standard
7747,66,74111,97,39097,3025,3,295.05,11,0.14,110,0.58,1725,Food,On-Time,Standard
7748,49,74378,9,17420,4643,3,293.96,13,0.45,129,0.85,-236,Home,On-Time,Standard
7749,55,117726,24,21038,1718,4,432.36,4,0.8,138,0.97,4770,Travel,On-Time,Standard
7750,65,113454,61,12688,10214,5,159.41,16,0.04,66,0.67,-1776,Fashion,On-Time,Gold
7751,45,138357,62,12270,23481,5,278.03,7,0.42,80,0.77,4326,Travel,On-Time,Standard
7752,49,20000,75,11889,8235,3,383.08,16,0.84,152,0.26,6355,Food,On-Time,Standard
7753,57,111204,2,14259,22293,5,460.21,12,0.93,55,0.93,3273,Electronics,On-Time,Gold
7754,34,99063,82,16202,0,5,432.57,10,0.08,169,0.9,2363,Travel,Delayed,Gold
7755,45,39573,96,31372,6832,6,397.85,2,0.66,24,0.47,5886,Electronics,On-Time,Standard
7756,46,85063,46,17230,3538,7,443.2,10,0.69,163,0.41,6255,Home,Delayed,Standard
7757,30,117044,54,24440,13080,5,170.49,14,0.97,55,0.32,2689,Fashion,On-Time,Gold
7758,79,41833,25,22352,12535,7,250.65,5,0.03,114,0.38,4415,Travel,On-Time,Gold
7759,23,92702,12,27617,0,4,490.94,0,0.8,169,0.58,864,Travel,Delayed,Gold
7760,25,109854,6,5000,4178,3,56.77,11,0.62,86,0.92,2011,Electronics,Late,Standard
7761,64,32159,33,22744,18094,4,495.52,12,0.07,88,0.49,5160,Electronics,On-Time,Standard
7762,55,69308,21,21836,16748,6,97.21,16,0.34,18,0.3,85,Food,Late,Standard
7763,29,87038,83,19201,4132,2,459.67,19,0.55,99,0.08,2951,Fashion,On-Time,Standard
7764,54,43154,22,28610,4796,7,302.94,0,0.05,172,0.3,-4917,Travel,On-Time,Standard
7765,67,39833,47,19033,9160,3,183.3,17,0.71,64,0.82,2701,Home,On-Time,Platinum
7766,44,69598,13,27031,3856,7,477.56,17,0.87,7,0.23,1055,Food,Delayed,Standard
7767,80,107065,93,21360,12840,6,321.61,9,0.55,155,0.18,5741,Home,On-Time,Platinum
7768,19,100749,86,21978,8584,1,449.76,10,0.68,23,0.93,1139,Home,On-Time,Gold
7769,55,40543,51,22529,16807,8,222.23,15,0.63,63,0.15,3465,Home,On-Time,Gold
7770,62,101086,82,18405,8263,4,344.41,1,0.06,145,0.68,2302,Travel,Delayed,Standard
7771,58,41562,38,32511,16222,4,208.62,12,0.32,14,0.87,7220,Home,On-Time,Standard
7772,41,20000,40,28604,6372,4,496.27,14,0.84,117,0.75,2885,Electronics,On-Time,Standard
7773,40,60314,35,19523,6524,9,298.42,13,0.78,180,0.83,-1730,Food,On-Time,Standard
7774,51,119918,5,21367,9661,5,367.45,9,0.34,42,0.77,2723,Fashion,On-Time,Gold
7775,57,101238,22,23847,0,4,187.94,17,0.52,175,0.58,4220,Home,On-Time,Standard
7776,54,74937,9,26480,9481,8,396.53,8,0.93,105,0.31,2221,Travel,On-Time,Gold
7777,60,58331,98,32901,17678,2,244.26,19,0.98,7,0.37,1512,Travel,On-Time,Standard
7778,29,59409,84,27254,1980,2,455.74,11,0.8,75,0.06,1874,Home,On-Time,Gold
7779,41,79351,95,18604,16968,6,295.81,18,0.28,87,0.6,2491,Fashion,Late,Gold
7780,30,32262,59,13459,10529,9,222.05,3,0.1,139,0.09,5626,Travel,Delayed,Standard
7781,39,61075,29,27937,11247,5,420.97,5,0.9,15,0.63,2304,Home,On-Time,Standard
7782,60,66377,96,22312,12847,5,321.26,7,0.66,161,0.57,4398,Home,Delayed,Standard
7783,46,20957,69,12139,7940,8,403.32,3,0.84,108,0.22,-414,Electronics,Delayed,Gold
7784,80,41462,4,26826,12454,10,365.59,17,0.08,143,0.83,4465,Travel,On-Time,Standard
7785,47,91420,78,32131,8370,4,263.25,1,0.56,148,0.87,2011,Home,On-Time,Platinum
7786,45,75380,56,20056,5896,5,345.73,15,0.87,37,0.03,4864,Fashion,On-Time,Standard
7787,46,62649,42,32532,18246,6,391.1,19,0.06,56,0.36,3865,Electronics,On-Time,Platinum
7788,35,38542,51,26129,1293,11,364.03,17,0.93,90,0.63,-798,Electronics,On-Time,Gold
7789,44,138073,88,10731,6542,4,194.96,16,0.66,143,0.53,292,Fashion,On-Time,Gold
7790,61,41480,76,23380,15794,4,227.72,14,0.37,48,0.51,4104,Electronics,On-Time,Standard
7791,46,85063,5,5830,3581,3,478.23,7,0.68,86,0.99,642,Fashion,On-Time,Platinum
7792,33,55485,100,22832,8777,4,189.43,18,0.71,34,0.4,4738,Travel,On-Time,Standard
7793,31,76451,1,11802,387,4,415.55,1,0.64,152,0.82,2011,Electronics,On-Time,Standard
7794,38,93304,16,21538,7063,5,133.57,11,0.73,43,0.56,2023,Food,On-Time,Gold
7795,46,20189,87,25420,0,6,226.38,17,0.13,151,0.76,3076,Travel,On-Time,Standard
7796,62,74735,11,15293,4935,6,202.23,11,0.54,131,0.32,4828,Electronics,Late,Gold
7797,24,122629,43,33523,11159,2,327.06,4,0.32,105,0.31,-695,Travel,On-Time,Gold
7798,40,145460,53,12628,9601,6,467.77,7,0.13,141,0.8,8094,Travel,On-Time,Standard
7799,47,69799,77,5000,17656,2,375.29,0,0.71,84,0.03,3888,Fashion,On-Time,Gold
7800,18,76667,6,19768,15035,7,117.4,20,0.6,161,0.05,6833,Food,On-Time,Gold
7801,32,163453,89,30921,7440,2,375.15,6,1.0,129,0.84,4230,Home,On-Time,Platinum
7802,34,120396,31,19832,16665,4,58.57,10,0.84,6,0.86,3402,Home,Delayed,Standard
7803,33,50308,28,15255,9019,5,348.62,11,0.41,162,0.35,1367,Fashion,Delayed,Platinum
7804,47,50240,45,6810,5235,10,445.31,9,0.78,22,0.27,4599,Fashion,Late,Standard
7805,42,113261,72,15428,1344,5,214.21,2,0.19,83,0.48,4815,Fashion,On-Time,Platinum
7806,36,34558,77,10862,20229,5,372.92,0,0.47,24,0.16,1739,Food,On-Time,Platinum
7807,51,118509,52,21949,18926,4,334.46,5,0.4,126,0.7,790,Food,On-Time,Standard
7808,70,88371,80,22627,8582,7,91.58,7,0.61,122,0.73,3085,Home,Delayed,Standard
7809,69,95708,24,12408,9415,2,189.47,7,0.8,107,0.2,1857,Travel,Delayed,Standard
7810,18,64730,52,17389,8360,4,356.77,20,0.46,67,0.03,2860,Travel,On-Time,Gold
7811,53,49807,93,31569,0,5,62.98,18,0.86,99,0.71,3501,Food,On-Time,Standard
7812,42,133479,28,16592,9230,1,297.0,6,0.75,134,0.65,2125,Food,On-Time,Gold
7813,47,65130,92,16389,0,5,295.44,18,0.27,17,0.31,2463,Travel,Delayed,Gold
7814,39,58562,81,21492,1735,4,401.64,19,0.53,53,0.78,2582,Electronics,On-Time,Gold
7815,46,71794,94,8720,9907,3,489.65,8,0.85,15,0.93,5720,Travel,On-Time,Standard
7816,47,82720,82,27598,15685,6,72.21,4,0.75,138,0.02,3668,Home,On-Time,Standard
7817,36,33766,80,16695,0,4,91.47,1,0.82,1,0.2,2035,Fashion,On-Time,Standard
7818,31,52405,5,10735,8870,1,188.45,3,0.26,44,0.21,2869,Fashion,On-Time,Gold
7819,38,50278,75,24298,9493,3,308.56,9,0.78,179,0.98,804,Fashion,Delayed,Gold
7820,48,108811,37,16098,8854,6,58.62,0,0.41,125,0.31,2185,Home,On-Time,Gold
7821,53,39561,2,12993,12302,6,181.03,16,0.96,87,0.76,1852,Home,On-Time,Standard
7822,57,20000,34,20581,15394,5,103.99,4,0.47,167,0.35,2335,Home,On-Time,Gold
7823,37,20000,54,28414,10309,5,332.27,4,0.9,99,0.33,4612,Travel,On-Time,Standard
7824,49,20000,46,16714,20772,3,370.94,4,0.66,69,0.09,-1120,Food,On-Time,Gold
7825,59,129461,32,12278,8471,6,59.89,13,0.93,39,0.12,1921,Food,Late,Gold
7826,62,75648,92,5000,2881,3,470.92,19,0.57,155,0.74,5567,Electronics,On-Time,Gold
7827,44,95049,2,8399,22681,6,381.55,5,0.24,152,0.19,1489,Electronics,On-Time,Standard
7828,41,96459,68,16141,27112,6,198.36,8,0.65,84,0.98,3788,Home,On-Time,Gold
7829,47,77247,58,9540,14192,4,375.02,13,0.26,167,0.89,1695,Fashion,Delayed,Standard
7830,27,72008,77,14409,0,10,255.06,18,0.85,107,0.55,2958,Food,On-Time,Standard
7831,42,116781,99,35424,11852,3,355.18,9,0.09,20,0.86,4637,Electronics,Delayed,Standard
7832,56,80839,91,29849,5142,7,239.88,15,0.24,84,0.29,3496,Food,On-Time,Gold
7833,54,130963,95,13455,20408,5,248.86,1,0.78,178,0.22,1400,Travel,Delayed,Standard
7834,40,99833,17,21104,9918,3,134.98,3,0.42,180,0.74,-1921,Food,On-Time,Standard
7835,48,50288,76,11355,5242,5,440.21,2,0.16,88,0.48,-899,Food,On-Time,Standard
7836,32,55114,65,32496,12375,8,460.88,11,0.99,138,0.4,2381,Fashion,Delayed,Standard
7837,55,45901,24,20569,19026,2,229.59,9,0.46,10,0.64,5294,Travel,On-Time,Standard
7838,43,123701,19,28401,4295,6,224.19,4,0.48,89,0.74,3863,Electronics,On-Time,Standard
7839,40,58797,70,13706,15424,6,121.17,16,0.35,24,0.34,3844,Fashion,On-Time,Standard
7840,39,43061,74,32810,0,7,195.9,6,0.07,135,0.35,1686,Travel,On-Time,Platinum
7841,44,87791,68,16480,9395,2,410.93,1,0.24,25,0.35,1179,Travel,On-Time,Gold
7842,38,71113,28,5873,349,8,237.39,3,0.28,121,0.95,3297,Fashion,Late,Standard
7843,54,86782,17,18611,4056,6,403.74,9,0.57,105,0.72,3570,Fashion,Late,Gold
7844,39,150592,71,14505,18341,5,434.46,18,0.94,135,0.9,5981,Home,On-Time,Gold
7845,68,111522,26,28040,7543,10,204.34,19,0.14,87,0.09,1468,Food,Delayed,Standard
7846,66,76080,41,15036,4899,2,494.8,15,0.97,137,0.49,2229,Fashion,Delayed,Gold
7847,31,20000,65,24302,18202,4,317.61,12,0.47,113,0.87,3618,Home,On-Time,Platinum
7848,46,55001,98,14542,14049,6,201.22,19,0.58,175,0.49,-125,Home,On-Time,Gold
7849,35,103441,25,13233,0,5,101.85,18,0.04,85,0.82,4508,Food,On-Time,Platinum
7850,40,28158,22,20006,9510,4,193.89,18,0.85,177,0.15,3152,Electronics,On-Time,Gold
7851,75,160638,4,24254,10437,5,116.86,11,0.87,130,0.66,1778,Electronics,On-Time,Gold
7852,40,75576,79,7516,15466,7,394.92,7,0.75,36,0.22,1867,Food,Delayed,Gold
7853,50,76953,10,27383,8015,3,167.82,20,0.15,68,0.58,2162,Home,On-Time,Standard
7854,53,48334,18,27496,23597,2,205.24,14,0.4,107,0.93,4980,Electronics,On-Time,Gold
7855,29,94869,79,17563,12014,4,193.43,7,0.96,148,0.82,713,Electronics,Delayed,Platinum
7856,32,28679,95,18477,0,2,321.18,14,0.42,73,0.86,2170,Travel,On-Time,Platinum
7857,26,161595,11,5000,7387,5,209.31,7,0.35,69,0.38,4211,Travel,On-Time,Standard
7858,31,127694,1,34421,17609,8,114.72,8,0.09,49,0.35,2215,Electronics,On-Time,Standard
7859,18,114371,42,17426,7931,9,331.62,5,0.08,165,0.26,3205,Fashion,On-Time,Standard
7860,53,20000,21,28671,10762,6,278.41,13,0.43,135,0.3,1919,Food,On-Time,Gold
7861,75,83216,25,15159,9757,9,391.28,18,0.54,45,0.69,1481,Home,On-Time,Standard
7862,47,123363,32,20023,0,2,165.05,6,0.82,94,0.94,3553,Electronics,Late,Standard
7863,23,98724,23,24184,7150,5,437.72,2,0.91,64,0.79,7633,Electronics,Late,Gold
7864,35,34915,68,16328,6815,4,221.77,12,0.4,89,0.2,4689,Food,Delayed,Standard
7865,38,48996,20,7478,21555,10,330.44,16,0.84,96,0.21,5332,Home,On-Time,Standard
7866,29,56922,45,18993,19286,7,496.04,16,0.54,50,0.41,1819,Home,Late,Standard
7867,57,50862,17,8684,1712,3,360.39,7,0.97,153,0.99,1955,Home,On-Time,Gold
7868,57,136151,4,13097,0,7,282.63,14,0.93,75,0.08,3047,Electronics,Late,Standard
7869,27,20000,7,14959,15012,5,171.26,19,0.71,17,0.35,3391,Home,On-Time,Standard
7870,55,101236,84,20631,10070,7,229.48,2,0.19,83,0.17,4041,Electronics,On-Time,Platinum
7871,67,23307,56,14856,11196,7,89.27,16,0.92,162,0.15,3275,Home,On-Time,Standard
7872,73,36549,4,10245,1864,2,163.3,15,0.12,172,0.83,4101,Home,On-Time,Gold
7873,80,20000,12,21502,9546,1,203.0,5,0.82,166,0.96,1275,Food,On-Time,Standard
7874,31,53037,82,25218,5185,4,428.17,5,0.49,77,0.46,3840,Electronics,Delayed,Gold
7875,80,135429,92,8908,2042,5,91.66,18,0.61,29,0.25,3514,Travel,On-Time,Gold
7876,39,85592,65,20152,7564,6,234.48,16,0.87,50,0.4,165,Travel,On-Time,Gold
7877,36,27065,36,26019,8721,3,280.34,11,0.79,36,0.49,2702,Travel,Delayed,Standard
7878,49,115685,89,20811,1389,5,480.9,11,0.06,43,0.85,-270,Home,On-Time,Standard
7879,36,124252,28,10316,7303,12,218.71,13,0.37,108,0.41,3562,Electronics,On-Time,Standard
7880,50,79161,68,21915,5092,8,491.09,15,0.97,23,0.22,5483,Home,On-Time,Standard
7881,25,156389,31,19997,8625,2,274.1,9,0.36,80,0.43,4246,Travel,On-Time,Platinum
7882,41,107862,47,21215,7091,3,369.99,13,0.81,152,0.33,3167,Travel,On-Time,Standard
7883,64,102306,1,20302,21673,7,91.5,17,0.73,37,0.57,5140,Electronics,On-Time,Platinum
7884,44,42864,68,5000,11612,8,359.65,11,0.96,121,0.03,1598,Food,On-Time,Standard
7885,47,100095,96,18611,6585,4,93.85,12,0.95,143,0.44,6621,Travel,On-Time,Gold
7886,52,83671,50,27602,16956,5,290.35,0,0.46,58,0.59,-790,Food,On-Time,Standard
7887,62,95793,34,31496,0,7,200.8,18,0.23,169,0.97,1485,Food,On-Time,Standard
7888,20,47616,82,27955,13932,2,194.95,3,0.3,4,0.52,2742,Food,Late,Gold
7889,53,80123,14,20206,11424,4,87.67,1,0.29,109,0.03,3415,Travel,On-Time,Gold
7890,40,42325,98,25534,12056,5,360.69,15,0.63,132,0.49,3770,Home,Delayed,Gold
7891,47,20000,71,24343,6340,1,299.12,4,0.37,64,0.66,1813,Food,On-Time,Gold
7892,60,114932,64,18143,15858,6,226.75,16,0.87,24,0.92,4360,Fashion,Delayed,Standard
7893,27,20000,37,29194,12428,4,489.48,15,0.3,96,0.44,780,Travel,On-Time,Platinum
7894,29,79287,85,14826,16055,7,63.65,20,0.99,130,0.44,3507,Home,On-Time,Gold
7895,18,88320,16,19138,3868,4,341.07,4,0.66,6,0.59,1534,Electronics,On-Time,Gold
7896,36,88062,79,27217,17780,8,263.53,13,0.36,68,0.07,4353,Food,On-Time,Standard
7897,64,63676,44,12665,6288,7,434.38,3,0.59,36,0.02,-1472,Home,On-Time,Gold
7898,43,85848,0,9313,0,4,400.03,2,0.36,125,0.26,4686,Travel,On-Time,Gold
7899,24,93838,2,12237,22811,6,120.43,18,0.52,47,0.57,2812,Fashion,On-Time,Standard
7900,37,104398,69,23553,15805,1,216.89,20,0.53,91,0.05,4824,Electronics,On-Time,Standard
7901,22,144337,51,37868,23441,9,367.81,4,0.77,78,0.95,3175,Fashion,On-Time,Gold
7902,28,84367,52,29582,9862,6,235.99,17,0.45,94,0.93,7675,Home,Delayed,Platinum
7903,50,77561,2,26262,16923,5,358.49,14,0.95,162,0.73,4657,Travel,On-Time,Gold
7904,27,38730,93,32527,18685,9,439.82,2,0.1,115,0.22,6562,Travel,Delayed,Gold
7905,61,92437,46,22315,7575,5,375.42,16,0.32,12,0.94,2115,Fashion,Delayed,Standard
7906,43,101695,74,15057,0,4,293.23,0,0.75,18,0.99,3591,Home,Delayed,Standard
7907,46,67307,90,19509,12898,8,407.01,7,0.6,77,0.85,1593,Travel,On-Time,Platinum
7908,40,96784,85,17859,11990,2,444.75,11,0.12,167,0.88,545,Travel,On-Time,Standard
7909,56,63299,5,12295,12290,10,231.52,13,0.81,83,0.87,332,Home,On-Time,Gold
7910,56,101839,45,18333,10005,5,435.51,11,0.66,115,0.13,4257,Home,Delayed,Gold
7911,50,111504,94,7520,6387,2,411.75,4,0.58,121,0.46,3856,Travel,Late,Gold
7912,53,110945,60,17419,5736,2,234.76,9,0.88,101,0.27,4406,Food,On-Time,Platinum
7913,41,79713,42,19218,14831,0,76.13,5,0.83,115,0.77,3375,Electronics,On-Time,Gold
7914,53,33401,55,18616,0,4,455.34,16,0.32,142,0.13,506,Fashion,On-Time,Standard
7915,39,50523,69,33463,0,9,154.66,16,0.54,61,0.74,6062,Travel,Delayed,Standard
7916,45,98806,19,21602,0,4,444.47,9,0.86,154,0.52,2495,Food,On-Time,Standard
7917,40,172952,46,34117,0,4,367.05,15,0.06,175,0.3,4856,Food,On-Time,Standard
7918,38,61371,53,9020,9000,6,495.47,20,0.33,168,0.68,5201,Home,Delayed,Gold
7919,34,93233,40,27010,13922,4,143.38,14,0.39,70,0.04,4223,Electronics,On-Time,Gold
7920,52,52757,74,21711,13674,9,180.09,12,0.27,40,0.01,3640,Travel,On-Time,Standard
7921,64,36041,65,19220,1469,5,91.64,1,0.51,120,0.07,3639,Fashion,On-Time,Standard
7922,62,47947,30,9394,0,5,495.08,14,0.8,172,0.52,5998,Fashion,On-Time,Platinum
7923,26,20000,63,22721,11156,3,328.82,11,0.48,164,0.9,2367,Food,On-Time,Platinum
7924,64,129137,89,38194,13588,4,171.03,4,0.04,174,0.48,4643,Food,On-Time,Standard
7925,40,20000,90,23525,14053,4,267.71,0,0.85,95,0.77,3564,Food,Late,Standard
7926,54,64446,57,19630,64,6,487.02,10,0.21,59,0.76,4909,Travel,On-Time,Platinum
7927,31,27874,54,21189,15795,11,206.34,1,0.43,34,0.82,4146,Fashion,On-Time,Standard
7928,47,39624,45,24717,11264,6,413.76,16,0.02,146,0.37,4779,Food,Late,Platinum
7929,49,130060,94,32500,3026,7,108.71,14,0.44,104,0.1,3726,Fashion,Late,Platinum
7930,22,83042,23,17042,5612,4,377.19,12,0.37,91,0.07,-534,Fashion,On-Time,Standard
7931,54,36384,76,21479,3762,4,221.86,13,0.29,6,0.23,2384,Fashion,Delayed,Standard
7932,65,51419,88,20038,4312,6,137.24,9,0.94,83,0.83,-536,Electronics,On-Time,Standard
7933,42,44380,36,16355,17676,5,446.33,10,0.68,173,0.29,384,Travel,On-Time,Platinum
7934,65,73258,40,21569,13646,4,297.45,11,0.92,176,0.23,4062,Travel,On-Time,Standard
7935,42,81915,24,32245,2239,0,218.94,20,0.47,103,0.32,5560,Travel,Late,Standard
7936,57,150822,28,14783,6837,5,231.91,17,0.52,113,0.49,3223,Travel,On-Time,Platinum
7937,18,20000,30,22947,14208,7,82.82,0,0.95,151,0.83,2292,Travel,On-Time,Standard
7938,80,73607,1,23220,0,3,271.76,4,0.46,92,0.56,4285,Home,On-Time,Standard
7939,67,62377,11,19921,14192,10,376.42,17,0.03,13,0.16,2072,Electronics,On-Time,Standard
7940,40,112861,4,23443,23847,9,420.38,19,0.65,154,0.12,1181,Electronics,On-Time,Platinum
7941,18,89192,60,23093,12206,6,424.2,9,0.2,119,0.43,4315,Food,On-Time,Platinum
7942,49,98614,90,12685,8716,6,429.69,16,0.95,52,0.11,1293,Home,On-Time,Platinum
7943,23,88803,55,19519,0,3,431.64,0,0.07,144,0.32,2849,Home,On-Time,Standard
7944,51,37720,97,19878,0,5,261.01,4,0.9,101,0.82,3382,Electronics,On-Time,Gold
7945,51,123450,77,11607,6430,4,244.89,2,0.15,75,0.28,5286,Travel,On-Time,Standard
7946,30,106940,70,20471,13445,8,99.94,12,0.26,126,0.19,952,Food,Delayed,Gold
7947,61,111621,36,19779,8865,1,181.19,5,0.15,131,0.59,1733,Fashion,Delayed,Gold
7948,57,125562,35,36186,18585,5,151.47,8,0.33,76,0.94,6667,Home,On-Time,Gold
7949,59,91707,73,13402,12583,4,324.7,7,0.11,6,0.31,2587,Home,Delayed,Platinum
7950,45,134239,28,28002,4417,3,195.71,17,0.37,179,0.32,-947,Travel,On-Time,Standard
7951,23,90105,79,23786,18807,5,289.8,2,0.31,126,0.8,1591,Home,On-Time,Gold
7952,59,66237,37,28263,14141,6,220.01,2,0.74,52,0.62,6339,Electronics,On-Time,Platinum
7953,40,74735,84,13590,0,4,450.56,8,0.61,100,0.1,3763,Home,Late,Standard
7954,24,74046,40,5000,3052,4,241.15,0,0.68,100,0.92,4654,Fashion,On-Time,Platinum
7955,65,54224,32,19141,6561,6,427.14,0,0.49,107,0.26,5610,Fashion,On-Time,Gold
7956,76,140275,92,26164,22362,4,68.54,3,0.85,32,0.01,5018,Electronics,On-Time,Gold
7957,44,86851,80,17427,15180,6,64.76,14,0.35,124,0.63,2574,Food,Late,Gold
7958,77,78789,12,18820,2785,5,378.74,5,0.4,14,0.56,4395,Travel,On-Time,Platinum
7959,46,90530,5,35803,32178,6,369.35,5,0.1,146,0.71,1347,Food,On-Time,Gold
7960,39,194194,65,14179,15502,6,60.53,9,1.0,24,0.33,2876,Electronics,On-Time,Standard
7961,35,29731,7,27403,1691,9,269.48,2,0.45,145,0.78,1084,Food,On-Time,Standard
7962,69,41198,63,12153,7916,11,72.27,1,0.92,60,0.52,741,Home,On-Time,Platinum
7963,33,20000,95,29201,6378,5,125.0,9,0.85,104,0.56,2972,Fashion,On-Time,Gold
7964,56,65696,99,19441,4118,6,483.26,12,0.26,44,0.98,3156,Travel,Late,Gold
7965,36,84820,8,23906,19123,5,203.07,8,0.5,112,0.84,-307,Electronics,On-Time,Standard
7966,38,56387,22,14859,9108,9,261.2,7,0.59,2,0.29,2159,Home,On-Time,Platinum
7967,60,53410,70,20753,16506,5,357.19,4,0.84,60,0.64,3442,Food,On-Time,Gold
7968,39,80696,94,21350,9130,3,464.15,10,0.1,50,0.67,5034,Travel,On-Time,Gold
7969,38,54915,20,8691,7485,4,116.97,12,0.83,3,0.33,209,Fashion,Delayed,Standard
7970,61,87407,0,16053,5819,7,152.09,11,0.11,139,0.17,4747,Food,On-Time,Gold
7971,68,119569,45,22137,10127,4,301.83,8,0.45,90,0.23,4835,Travel,On-Time,Standard
7972,54,102081,61,13969,4547,7,347.42,4,0.86,44,0.44,3930,Home,On-Time,Standard
7973,35,110240,1,21402,9786,5,245.8,4,0.23,98,0.62,5743,Fashion,On-Time,Platinum
7974,37,118436,74,18518,6010,4,343.97,17,0.05,174,0.06,4494,Food,Delayed,Platinum
7975,46,86313,100,24754,589,7,55.14,9,0.05,9,0.3,3104,Food,Delayed,Standard
7976,49,68654,81,18652,7491,5,138.93,16,0.19,0,0.72,2953,Electronics,On-Time,Gold
7977,30,44109,43,39047,0,1,426.66,2,0.54,94,0.74,1223,Electronics,Delayed,Gold
7978,55,59352,87,5000,19491,6,390.16,6,0.89,172,0.96,4479,Home,Late,Gold
7979,46,54052,82,13655,13514,6,336.07,5,0.71,55,0.58,-871,Electronics,On-Time,Gold
7980,19,104266,4,25424,6749,4,296.94,1,0.8,72,0.7,1766,Electronics,On-Time,Platinum
7981,31,88871,92,21484,0,3,140.08,14,0.25,127,0.7,-1655,Travel,Delayed,Standard
7982,37,102870,38,23490,10100,1,172.29,1,0.38,88,0.72,1676,Home,On-Time,Gold
7983,43,28586,65,5000,11591,5,483.9,10,0.52,97,0.5,1259,Home,On-Time,Standard
7984,73,132269,80,18543,12928,6,50.83,0,0.37,179,0.99,5819,Travel,On-Time,Standard
7985,48,57920,44,20049,4586,6,248.53,10,0.75,51,0.67,4495,Electronics,Late,Standard
7986,32,30999,74,24867,11470,7,54.63,17,0.97,124,0.12,683,Food,On-Time,Standard
7987,48,57431,100,22844,23374,3,204.06,6,0.77,124,0.77,3657,Fashion,On-Time,Gold
7988,39,174350,12,20104,6361,3,196.27,0,0.94,124,0.71,4110,Home,On-Time,Platinum
7989,49,59491,92,19183,17245,1,102.13,1,0.98,55,0.34,4920,Fashion,On-Time,Standard
7990,53,61996,31,9923,9900,4,81.24,2,0.32,67,0.88,5467,Travel,On-Time,Standard
7991,63,67315,42,22760,9008,3,433.47,6,0.62,102,0.48,2842,Electronics,On-Time,Standard
7992,44,69055,7,19015,10912,4,195.89,8,0.77,90,0.62,6098,Electronics,On-Time,Standard
7993,69,43740,73,16545,6245,5,301.86,14,0.62,103,0.94,1906,Fashion,On-Time,Gold
7994,58,80728,88,19895,10986,3,390.61,17,0.6,20,0.6,1473,Fashion,On-Time,Gold
7995,34,118023,58,17121,16760,8,292.44,1,0.37,128,0.78,955,Electronics,Delayed,Standard
7996,78,87571,10,8423,16317,3,246.82,18,0.53,84,0.74,4022,Electronics,On-Time,Standard
7997,49,30553,27,25255,18045,8,270.11,19,0.34,62,0.49,4344,Home,On-Time,Standard
7998,32,61226,96,34974,5634,4,425.95,15,0.23,32,0.46,1725,Travel,On-Time,Platinum
7999,69,52938,38,22217,10404,1,288.85,9,0.38,59,0.25,1753,Home,On-Time,Gold
8000,76,77117,25,22362,25239,6,132.78,2,0.4,135,0.42,3062,Fashion,On-Time,Standard
8001,44,128218,71,31996,3189,4,133.61,3,0.14,103,0.09,-461,Electronics,On-Time,Standard
8002,37,69044,25,35225,9220,1,275.64,7,0.49,161,0.64,3916,Fashion,Late,Standard
8003,42,71473,31,18594,1516,8,140.79,0,0.64,118,0.23,1173,Fashion,Late,Standard
8004,55,146105,45,14222,10767,10,406.01,2,0.1,49,0.87,1966,Fashion,Late,Platinum
8005,64,110048,27,23491,17292,5,443.19,11,0.53,87,0.1,3166,Travel,On-Time,Standard
8006,53,97963,6,21260,22013,6,122.58,8,0.09,26,0.16,334,Home,On-Time,Standard
8007,46,153325,34,27729,3009,4,247.53,18,0.86,109,0.03,703,Home,On-Time,Standard
8008,67,94592,65,20029,4212,3,387.57,5,0.41,66,0.26,-3958,Home,On-Time,Standard
8009,40,20000,21,20613,21062,4,87.65,8,0.24,41,0.16,4060,Home,On-Time,Standard
8010,60,108306,21,12317,0,8,317.42,10,0.38,58,0.14,180,Travel,On-Time,Platinum
8011,40,20000,2,28170,5526,6,297.56,14,0.65,112,0.48,3532,Electronics,On-Time,Standard
8012,51,93080,45,14917,16798,3,399.71,3,0.48,52,0.08,3254,Home,On-Time,Standard
8013,43,20000,49,10452,0,3,478.74,7,0.6,132,0.29,3463,Travel,Delayed,Standard
8014,44,56325,7,5000,2657,11,269.06,13,0.6,55,0.48,2620,Fashion,On-Time,Gold
8015,39,60448,3,19190,18814,3,176.85,12,0.7,36,0.35,1009,Food,On-Time,Standard
8016,65,44195,14,14316,0,2,71.44,6,0.93,106,0.62,928,Food,Delayed,Standard
8017,34,61045,43,18130,0,5,419.41,18,0.65,118,0.36,2948,Travel,On-Time,Gold
8018,33,116302,38,16090,15880,4,129.82,12,0.16,178,0.16,7034,Travel,On-Time,Gold
8019,76,46441,75,17077,21365,5,434.15,11,0.46,87,0.91,6048,Electronics,On-Time,Standard
8020,59,96805,28,13412,20032,6,327.31,7,0.19,148,0.49,4017,Food,Late,Gold
8021,18,36374,72,14016,0,5,126.55,13,0.14,8,0.92,3715,Electronics,On-Time,Standard
8022,36,67420,61,12407,20238,5,265.53,14,0.74,142,0.51,4147,Fashion,On-Time,Standard
8023,18,87953,83,18426,10552,6,335.95,20,0.16,2,0.37,3115,Fashion,Delayed,Standard
8024,30,35138,33,10838,4345,0,323.83,14,0.78,131,0.73,4456,Home,On-Time,Standard
8025,18,22531,25,30062,3446,3,58.64,4,0.52,17,0.04,3574,Home,On-Time,Standard
8026,42,94675,84,19927,14896,9,314.84,6,0.42,44,0.45,2666,Travel,On-Time,Standard
8027,27,119923,86,7716,13059,7,459.59,12,0.87,158,0.14,2648,Home,Delayed,Platinum
8028,45,71837,17,21758,19836,7,334.12,7,0.9,43,0.29,6091,Electronics,Delayed,Gold
8029,20,56707,62,12814,5618,3,305.8,11,0.22,25,0.84,6920,Electronics,Delayed,Standard
8030,46,81227,51,28359,6587,5,390.32,13,0.8,84,0.26,3908,Home,Delayed,Gold
8031,38,77219,53,15094,15644,6,285.54,0,0.61,39,0.43,-80,Food,Delayed,Standard
8032,67,84716,87,31146,4453,5,384.15,19,0.5,148,0.21,859,Travel,On-Time,Standard
8033,66,20000,41,27997,15738,5,128.18,4,0.24,169,0.53,945,Food,On-Time,Standard
8034,56,32235,92,49121,2186,7,464.08,16,0.8,54,0.11,3005,Electronics,On-Time,Gold
8035,40,41190,53,20779,24267,6,245.74,17,0.88,121,0.6,2639,Electronics,On-Time,Standard
8036,74,81034,51,25516,23954,6,222.17,9,0.73,105,0.64,2104,Food,Delayed,Standard
8037,21,82435,12,20100,4849,1,385.22,17,0.28,98,0.25,-1325,Travel,Late,Standard
8038,23,100447,31,20680,10437,1,314.04,10,0.07,89,0.3,6391,Fashion,On-Time,Gold
8039,43,85303,82,29863,10859,2,159.0,7,0.48,176,0.87,3109,Home,On-Time,Standard
8040,78,22970,80,26180,9063,0,171.97,18,0.27,95,0.47,5749,Travel,On-Time,Platinum
8041,41,132880,65,19263,2991,5,336.79,19,0.34,61,0.41,3255,Electronics,On-Time,Standard
8042,42,125876,81,30566,10733,3,225.81,17,0.33,176,0.55,6412,Fashion,Delayed,Standard
8043,23,24672,57,28010,0,4,235.27,19,0.21,120,0.68,5516,Home,On-Time,Standard
8044,59,88308,38,32452,20756,3,353.76,4,0.98,142,0.71,4994,Home,Delayed,Gold
8045,59,51183,26,29762,21218,6,328.04,16,0.86,27,0.74,3166,Travel,On-Time,Gold
8046,56,80554,77,17172,19439,6,125.9,15,0.08,72,0.24,2043,Home,On-Time,Gold
8047,35,117132,53,16315,19929,3,446.59,20,0.84,68,0.39,7539,Electronics,Delayed,Gold
8048,34,160204,78,16596,15196,5,197.74,14,0.03,134,0.92,2659,Travel,Delayed,Standard
8049,25,105051,71,26247,3636,5,351.51,6,0.83,149,0.49,4408,Fashion,On-Time,Gold
8050,46,86797,72,30743,803,7,465.54,18,0.19,56,0.08,3632,Food,On-Time,Standard
8051,28,61407,84,28466,2478,3,247.93,14,0.47,84,0.31,3591,Home,On-Time,Gold
8052,27,82285,42,8575,13164,3,271.21,9,0.32,80,0.91,4882,Home,On-Time,Standard
8053,38,129390,98,14283,639,4,353.78,10,0.58,113,0.0,3722,Travel,Delayed,Standard
8054,37,73211,51,25466,11220,7,197.9,4,0.45,121,0.08,1153,Travel,On-Time,Standard
8055,36,39555,13,29831,13894,5,209.01,20,0.04,94,0.52,-755,Travel,On-Time,Standard
8056,51,20000,90,22464,8707,7,316.13,17,0.75,63,0.8,4219,Electronics,Delayed,Gold
8057,46,95521,7,32223,10259,1,191.34,5,0.48,135,0.88,3043,Travel,On-Time,Gold
8058,40,84891,34,5000,28246,6,190.9,20,0.21,33,0.83,2140,Home,On-Time,Gold
8059,47,49163,17,18325,9777,7,410.59,0,0.6,66,0.14,2517,Travel,On-Time,Standard
8060,30,116040,54,31337,12825,6,65.16,8,0.18,174,0.16,2935,Food,Delayed,Platinum
8061,46,58128,77,22713,18234,4,61.59,5,0.54,59,0.9,-1126,Fashion,On-Time,Standard
8062,47,69614,51,13559,16335,6,182.61,12,0.43,17,0.71,3073,Food,Late,Standard
8063,22,74333,71,26318,15844,10,360.44,13,0.53,99,0.88,1241,Electronics,On-Time,Standard
8064,59,60961,48,21099,11923,3,187.54,18,0.57,38,0.74,2422,Travel,On-Time,Standard
8065,31,84434,7,16304,11942,4,333.15,5,0.04,131,0.02,4103,Travel,On-Time,Standard
8066,46,121060,36,7427,0,2,178.82,0,0.64,155,0.93,4192,Food,Delayed,Gold
8067,62,29300,65,25569,22148,9,63.8,15,0.3,107,0.86,-891,Travel,Delayed,Standard
8068,58,94540,80,11306,5852,4,377.3,1,0.34,90,0.65,3511,Food,Late,Standard
8069,45,81886,76,37137,16150,3,294.48,3,0.77,136,0.26,2209,Electronics,On-Time,Gold
8070,39,81150,77,5740,8358,9,339.91,18,0.18,49,0.2,2568,Home,Delayed,Standard
8071,59,109873,40,20438,31803,2,129.78,16,0.34,136,0.24,4159,Fashion,On-Time,Gold
8072,55,76971,72,26012,4205,3,327.85,15,0.07,155,0.19,2581,Travel,Late,Platinum
8073,35,94209,26,11863,26564,8,414.09,12,0.97,109,0.86,2482,Electronics,Delayed,Gold
8074,33,103634,19,14323,9107,6,113.18,14,0.23,5,0.87,388,Food,Delayed,Platinum
8075,18,54825,37,26801,15112,6,177.36,2,0.88,126,0.07,3015,Electronics,On-Time,Gold
8076,47,86967,11,12394,10121,8,406.28,4,0.6,112,0.28,5728,Home,On-Time,Gold
8077,43,64968,41,35365,21100,3,339.7,9,0.43,39,0.85,3035,Travel,Delayed,Standard
8078,62,69692,85,20445,10913,5,134.7,17,0.58,94,0.69,1929,Food,Late,Standard
8079,50,62117,100,16643,12256,4,172.34,7,0.57,176,0.62,5322,Electronics,On-Time,Gold
8080,65,93843,49,32977,10722,4,457.36,15,0.6,153,0.76,8080,Food,On-Time,Standard
8081,34,78265,30,11531,13962,6,220.03,7,0.34,108,0.8,2562,Travel,On-Time,Platinum
8082,62,90781,76,33838,3509,5,91.8,6,0.89,87,0.55,4849,Travel,On-Time,Standard
8083,37,74299,64,12140,0,10,348.5,3,0.78,68,0.91,3019,Food,On-Time,Gold
8084,56,20000,52,30075,13226,6,230.72,19,0.98,180,0.71,1000,Electronics,On-Time,Gold
8085,23,76254,39,34915,24919,2,379.13,17,0.83,149,0.1,2258,Fashion,On-Time,Standard
8086,48,77541,72,19168,7122,7,100.73,16,0.36,87,0.31,7023,Electronics,On-Time,Standard
8087,18,84703,38,19142,15375,6,188.33,15,0.32,98,0.63,571,Travel,On-Time,Standard
8088,40,51250,9,17719,0,6,226.73,1,0.47,68,0.82,2670,Travel,On-Time,Standard
8089,51,27181,28,13744,6106,6,308.6,1,0.06,14,0.91,4076,Travel,On-Time,Standard
8090,37,99984,39,20678,10338,7,133.26,14,0.39,166,0.99,3080,Electronics,On-Time,Standard
8091,29,64055,29,27253,9790,1,194.84,2,0.03,165,0.12,49,Food,On-Time,Platinum
8092,57,81849,1,24703,17820,5,394.63,20,0.17,5,0.09,5308,Fashion,On-Time,Gold
8093,43,63741,81,24069,0,3,134.94,19,0.31,18,0.01,1651,Fashion,On-Time,Platinum
8094,37,74757,27,14131,8810,3,221.0,15,0.64,80,0.89,655,Electronics,On-Time,Gold
8095,45,57028,46,11378,5617,6,226.19,1,0.97,121,0.92,1619,Travel,Delayed,Standard
8096,80,36276,31,34142,3622,8,143.5,15,0.16,1,0.77,3451,Home,On-Time,Standard
8097,62,93949,87,9320,4881,4,442.68,7,0.1,50,0.18,2840,Food,Late,Platinum
8098,62,50875,77,18785,11907,8,281.7,15,0.92,28,0.99,578,Home,On-Time,Gold
8099,51,81558,88,26018,11024,6,223.73,12,0.5,24,0.61,5075,Food,On-Time,Platinum
8100,47,91418,88,32169,8623,4,400.13,5,0.61,175,0.87,5215,Fashion,Delayed,Gold
8101,18,51527,31,20171,538,4,66.53,16,0.02,34,0.32,8511,Travel,On-Time,Standard
8102,34,26844,26,22194,8131,9,499.2,6,0.33,100,0.63,2070,Home,On-Time,Standard
8103,37,172043,53,16219,17888,7,482.43,18,0.5,172,0.48,3475,Fashion,On-Time,Gold
8104,18,53889,95,33846,0,8,89.42,6,0.26,19,0.75,-104,Food,On-Time,Platinum
8105,27,99936,55,30978,5003,5,449.67,17,0.81,111,0.94,2898,Home,Delayed,Platinum
8106,18,152578,30,11996,1973,2,189.81,13,0.61,52,0.72,2573,Travel,On-Time,Gold
8107,44,106596,23,25250,2266,6,97.04,5,0.96,71,0.39,3920,Food,On-Time,Gold
8108,57,62982,34,19071,8303,5,306.58,7,0.7,96,0.97,489,Home,On-Time,Gold
8109,61,72315,29,22498,5518,4,440.83,14,0.15,111,0.08,1799,Home,On-Time,Gold
8110,51,41695,96,13589,4002,7,121.85,6,0.52,153,0.47,1171,Electronics,On-Time,Gold
8111,30,110267,54,5000,10134,7,486.59,17,0.15,111,0.36,3840,Electronics,Delayed,Standard
8112,18,97650,63,11131,0,5,181.11,6,0.86,4,0.81,3918,Home,On-Time,Platinum
8113,18,54422,32,15555,23972,3,306.29,9,0.33,63,0.62,1429,Home,On-Time,Gold
8114,25,33313,45,16009,6032,3,349.38,10,0.44,145,0.09,2045,Travel,On-Time,Standard
8115,31,22150,90,5000,7373,8,207.82,2,0.87,160,0.51,1186,Travel,On-Time,Gold
8116,42,114460,96,22491,7599,10,445.07,7,0.26,137,0.8,2581,Travel,On-Time,Gold
8117,29,79814,32,8724,3214,2,496.59,12,0.46,133,0.59,2621,Food,On-Time,Standard
8118,50,83599,67,19686,18760,3,233.78,20,0.78,166,0.34,3250,Food,On-Time,Gold
8119,41,42082,63,10528,11801,4,115.32,3,0.07,38,0.29,4377,Food,On-Time,Gold
8120,45,20000,29,5685,0,3,448.04,16,0.28,40,0.95,2291,Fashion,Late,Gold
8121,62,113504,78,19601,1333,3,286.67,20,0.11,170,0.14,1860,Food,Delayed,Platinum
8122,27,76681,28,18395,5485,1,383.07,6,0.75,120,0.66,557,Travel,On-Time,Gold
8123,51,111289,61,20756,14437,3,211.2,13,0.15,75,0.99,1072,Food,On-Time,Gold
8124,44,59562,91,32769,18336,4,101.0,2,0.96,116,0.17,3606,Travel,On-Time,Gold
8125,39,65527,95,25677,9045,5,436.68,11,0.38,88,0.18,4048,Travel,On-Time,Standard
8126,58,103531,99,35767,21126,5,267.38,7,0.53,129,0.68,5559,Electronics,On-Time,Standard
8127,58,104293,29,17543,15415,3,99.08,13,0.22,117,0.22,3898,Travel,On-Time,Gold
8128,30,106902,11,14226,25005,5,134.31,16,0.84,66,0.06,3396,Home,Late,Standard
8129,42,63191,66,23669,6081,6,383.69,0,0.24,48,0.4,3264,Home,On-Time,Gold
8130,49,99581,14,34866,7176,6,444.12,3,0.48,132,0.08,4388,Home,On-Time,Gold
8131,40,119363,9,11048,11496,4,174.73,9,0.97,42,0.4,1655,Food,Delayed,Gold
8132,53,70809,85,31201,4831,10,176.18,10,0.47,82,0.89,1228,Travel,On-Time,Standard
8133,49,54460,60,23800,15476,7,95.76,10,0.5,129,0.45,3302,Fashion,On-Time,Standard
8134,72,128709,22,16470,1347,5,238.49,10,0.86,50,0.55,3666,Travel,On-Time,Platinum
8135,22,48822,10,32026,0,6,451.14,12,0.89,20,0.41,4495,Fashion,On-Time,Gold
8136,43,100179,15,10403,9608,3,123.95,11,0.71,12,0.22,2192,Food,Late,Standard
8137,31,72663,48,25340,20361,2,400.62,8,0.02,149,0.28,5137,Electronics,Delayed,Standard
8138,54,20000,79,18515,13444,4,148.5,10,0.72,80,0.04,1999,Electronics,On-Time,Standard
8139,20,120143,13,28939,15715,3,141.18,15,0.75,25,0.98,3428,Travel,Delayed,Gold
8140,50,20000,5,22679,21673,4,56.73,16,0.36,57,0.78,4564,Food,Late,Gold
8141,35,20000,41,28776,13028,4,351.38,6,0.64,35,0.09,-345,Travel,On-Time,Platinum
8142,33,96093,16,20385,7579,7,224.1,3,0.27,67,0.83,4711,Fashion,Late,Standard
8143,23,96082,94,16520,20192,7,488.19,12,0.33,162,0.21,3493,Travel,On-Time,Gold
8144,38,49496,41,19352,16762,5,73.25,16,0.36,34,0.29,2086,Electronics,Delayed,Standard
8145,61,80912,9,21463,4864,8,79.67,11,0.87,12,0.33,2607,Home,On-Time,Standard
8146,44,20000,45,22818,4053,7,178.0,0,0.93,179,0.64,-400,Food,On-Time,Standard
8147,54,103279,83,25459,9630,6,292.0,11,0.72,87,0.97,2669,Fashion,Delayed,Platinum
8148,69,84989,48,20132,16292,4,386.79,20,0.19,80,0.81,-389,Home,On-Time,Platinum
8149,48,73174,8,25437,3192,5,186.36,15,0.7,140,0.6,6145,Electronics,On-Time,Gold
8150,36,75833,78,37750,10941,5,200.1,9,0.26,66,0.42,-777,Electronics,Delayed,Standard
8151,52,94730,38,14208,16340,7,373.7,1,0.14,164,0.79,-21,Travel,On-Time,Gold
8152,36,73843,1,28037,8272,3,216.4,10,0.51,16,0.13,5746,Food,On-Time,Platinum
8153,37,20000,67,14553,11972,4,343.65,2,0.9,80,0.27,3775,Travel,On-Time,Platinum
8154,22,162853,51,12452,13429,7,191.39,7,0.37,135,0.85,6794,Food,On-Time,Standard
8155,58,123032,87,31484,15270,8,496.24,15,0.64,77,0.81,2003,Food,On-Time,Gold
8156,39,23602,81,12793,10558,7,462.49,14,0.75,168,0.46,2287,Electronics,On-Time,Standard
8157,47,61194,10,19797,9128,9,314.0,8,0.85,103,0.64,4351,Home,On-Time,Platinum
8158,29,65558,36,13598,17116,6,482.42,13,0.04,62,0.75,2470,Travel,On-Time,Gold
8159,51,118153,89,39345,0,2,302.8,13,0.5,13,0.05,6326,Food,On-Time,Gold
8160,33,20000,71,19773,16024,5,433.02,18,0.9,17,0.46,2380,Electronics,On-Time,Gold
8161,42,55039,21,11194,14083,2,478.68,5,0.29,15,0.48,3167,Fashion,On-Time,Gold
8162,58,20000,51,13055,20663,3,489.13,17,0.07,156,0.85,3085,Electronics,On-Time,Standard
8163,56,63596,4,36973,14024,4,487.35,5,0.37,2,0.2,3484,Travel,On-Time,Gold
8164,44,56099,1,18286,2739,7,442.86,11,0.72,45,0.16,2070,Fashion,On-Time,Standard
8165,18,78187,4,19346,10717,4,227.72,20,0.98,179,0.53,3672,Home,Delayed,Standard
8166,80,50805,98,31875,3142,5,496.44,1,0.56,147,0.64,3515,Electronics,On-Time,Standard
8167,71,44959,31,30188,18025,5,400.79,6,0.93,165,0.07,872,Travel,On-Time,Standard
8168,55,99786,18,12973,0,5,433.08,19,0.94,139,0.46,3139,Food,Late,Standard
8169,33,93186,3,13636,0,5,409.77,9,0.81,34,0.11,5272,Travel,On-Time,Standard
8170,43,97055,86,15576,1596,3,307.83,14,0.44,145,0.35,923,Electronics,On-Time,Standard
8171,36,67923,45,17383,0,3,293.54,15,0.73,90,0.62,5511,Travel,Delayed,Standard
8172,63,52130,82,26658,7724,3,236.31,1,0.92,147,0.95,4272,Electronics,Delayed,Standard
8173,48,70245,25,19304,7066,5,106.38,1,0.85,5,0.49,5374,Home,On-Time,Standard
8174,33,95046,49,17550,15802,4,333.23,6,0.56,52,0.25,2418,Home,On-Time,Standard
8175,37,20000,25,20040,0,3,194.67,8,0.88,46,0.79,-631,Electronics,Delayed,Standard
8176,61,90764,70,15477,6247,5,136.38,20,0.84,103,0.25,4982,Fashion,Late,Gold
8177,69,87365,31,32446,11824,7,167.82,17,0.13,86,0.91,-525,Home,On-Time,Standard
8178,67,77486,96,14425,3479,7,224.24,9,0.28,94,0.24,1284,Food,On-Time,Standard
8179,56,69027,43,20214,0,4,53.52,17,0.84,131,0.54,1377,Travel,On-Time,Standard
8180,41,20000,25,24939,14941,2,207.13,7,0.76,82,0.37,1803,Fashion,On-Time,Platinum
8181,18,57405,60,25398,13985,4,336.81,13,0.38,127,0.23,2699,Travel,On-Time,Gold
8182,49,146577,87,16886,0,6,140.17,13,0.53,27,0.95,6671,Food,Delayed,Standard
8183,44,75516,50,28771,6997,6,145.63,5,0.99,63,0.66,3888,Fashion,Delayed,Gold
8184,47,62708,58,37144,5700,2,120.71,7,0.38,150,0.34,6635,Home,Delayed,Gold
8185,45,75676,86,34417,22713,3,157.35,9,0.22,86,0.62,3979,Electronics,On-Time,Platinum
8186,25,89190,37,5000,0,3,61.86,18,0.68,109,0.05,2330,Fashion,Late,Standard
8187,53,101352,25,19333,6850,2,490.31,6,0.17,67,0.3,1733,Fashion,On-Time,Gold
8188,54,65844,44,14705,15320,2,80.84,3,0.1,31,0.22,2233,Electronics,On-Time,Gold
8189,55,91996,30,24448,9162,4,377.71,19,0.88,48,0.35,5733,Travel,On-Time,Gold
8190,59,142066,69,28416,17493,7,171.41,16,0.88,9,0.47,5959,Fashion,On-Time,Gold
8191,54,115250,44,10806,0,2,273.69,17,0.77,38,0.23,2533,Travel,On-Time,Platinum
8192,38,168612,30,26943,979,5,199.4,11,0.02,32,0.54,5483,Food,On-Time,Gold
8193,43,48729,60,19788,7794,8,486.8,13,0.21,144,0.82,6351,Electronics,On-Time,Standard
8194,46,142047,47,17900,13420,7,211.4,12,0.79,149,0.37,5797,Electronics,On-Time,Standard
8195,46,43373,44,24229,10028,4,251.5,7,0.81,34,0.92,1530,Fashion,On-Time,Gold
8196,59,89142,59,18838,14282,8,494.91,14,0.48,43,0.55,2337,Food,On-Time,Platinum
8197,54,104299,60,29063,7642,10,94.62,1,0.84,57,0.06,3967,Fashion,Delayed,Standard
8198,76,54568,51,16849,833,2,183.04,4,0.85,100,0.3,2940,Food,Delayed,Gold
8199,78,78518,51,30667,13866,4,223.44,6,0.81,145,0.49,4647,Food,On-Time,Gold
8200,46,111418,75,19830,0,6,252.37,17,0.76,87,0.29,3012,Travel,On-Time,Gold
8201,18,46589,80,5000,3219,7,480.81,18,0.82,48,0.39,2268,Home,On-Time,Standard
8202,63,141775,61,13575,420,4,221.8,14,0.12,85,0.7,1938,Travel,Late,Gold
8203,36,20000,25,19163,11278,5,176.69,16,0.52,43,0.8,8973,Fashion,Delayed,Standard
8204,32,152587,66,22956,9437,4,191.42,0,0.44,127,0.25,-298,Home,Delayed,Standard
8205,39,115053,78,19210,2033,5,106.84,2,0.06,36,0.67,485,Electronics,Delayed,Platinum
8206,38,71410,48,14422,4444,4,113.33,10,0.99,67,0.14,4173,Food,On-Time,Standard
8207,54,58893,87,34247,7535,5,158.94,9,0.53,8,0.25,4427,Electronics,On-Time,Gold
8208,21,54718,93,31233,14436,5,127.43,14,0.83,128,0.13,1076,Food,On-Time,Platinum
8209,28,69568,43,10342,10196,4,201.96,6,0.43,123,0.75,4585,Electronics,Delayed,Platinum
8210,50,73060,35,13261,11995,6,113.07,7,0.32,139,0.16,3838,Electronics,On-Time,Platinum
8211,54,125209,52,22553,13029,7,304.53,18,0.52,131,0.63,3927,Electronics,On-Time,Platinum
8212,54,153746,43,18781,9849,6,477.79,17,0.15,81,0.79,1897,Home,On-Time,Standard
8213,33,82975,90,5000,11492,11,274.14,17,0.19,13,0.68,-993,Food,On-Time,Gold
8214,30,41174,21,14248,9002,5,250.93,12,0.06,73,0.51,3384,Food,On-Time,Gold
8215,37,53170,1,25864,20315,4,133.59,10,0.86,17,0.56,3657,Electronics,On-Time,Gold
8216,48,67676,6,20897,13702,6,150.07,12,0.54,57,0.61,4500,Food,On-Time,Standard
8217,67,33795,15,12551,22839,4,329.87,6,0.99,153,0.47,5554,Travel,On-Time,Standard
8218,18,27842,87,15527,18877,2,103.01,1,0.83,18,0.49,6362,Home,Late,Platinum
8219,41,158885,93,18213,8609,8,129.64,12,0.55,150,0.73,4715,Home,On-Time,Standard
8220,25,87104,43,40485,8622,8,313.44,2,0.53,55,0.52,5872,Travel,On-Time,Gold
8221,20,41674,64,20289,0,5,380.81,6,0.5,77,0.54,2795,Home,Late,Gold
8222,59,107664,90,14214,2230,2,473.85,0,0.06,64,0.65,4279,Travel,On-Time,Gold
8223,53,27866,72,34424,17068,8,129.58,9,0.05,94,0.68,3299,Travel,Late,Standard
8224,51,31159,70,24637,16729,3,372.95,11,0.49,170,0.49,4082,Fashion,On-Time,Standard
8225,58,42878,68,13557,0,4,159.42,17,0.9,86,0.22,1839,Travel,On-Time,Standard
8226,37,141180,60,20154,19207,3,122.13,0,0.65,168,0.87,965,Home,On-Time,Standard
8227,38,64884,29,18467,18291,4,419.44,16,0.53,30,0.7,1132,Home,On-Time,Gold
8228,77,20000,41,24388,17825,9,184.1,14,0.62,89,0.24,3179,Electronics,Delayed,Gold
8229,41,123402,90,9940,13585,4,199.26,6,0.31,113,0.17,4981,Food,On-Time,Gold
8230,56,62744,73,10467,13555,6,228.13,14,0.35,3,0.35,5835,Fashion,On-Time,Platinum
8231,45,20000,24,17942,8703,6,70.73,19,0.74,127,0.52,6715,Travel,Delayed,Standard
8232,18,62332,81,12958,5569,6,444.91,16,0.21,157,0.96,4525,Fashion,Delayed,Standard
8233,18,95840,70,28137,17948,4,487.0,20,0.17,82,0.95,5419,Food,Delayed,Platinum
8234,36,91161,56,11772,8165,7,142.42,7,0.52,94,0.42,4969,Fashion,On-Time,Standard
8235,60,146936,94,39259,0,12,84.17,11,0.74,77,0.25,4204,Fashion,On-Time,Platinum
8236,56,40889,31,18785,14343,7,270.52,8,0.31,166,0.68,2650,Food,On-Time,Gold
8237,58,76868,49,21052,2624,4,346.28,12,0.42,173,0.43,4724,Electronics,On-Time,Gold
8238,30,47017,74,22808,11063,4,272.02,2,0.55,47,0.02,259,Food,Delayed,Gold
8239,69,20000,9,19416,21617,7,343.66,10,0.89,162,0.1,4368,Food,Late,Standard
8240,30,110421,21,29437,24715,9,478.01,13,0.63,60,0.39,1930,Food,Late,Standard
8241,48,93530,94,21164,14855,8,199.15,2,0.85,4,0.65,3585,Fashion,Delayed,Gold
8242,44,86347,40,15828,19208,5,449.74,20,0.39,145,0.09,893,Travel,On-Time,Standard
8243,42,92071,46,9079,15214,7,295.08,10,0.59,85,0.87,2882,Home,Delayed,Gold
8244,65,47581,13,23130,15632,3,370.9,3,0.65,162,0.62,3978,Travel,On-Time,Gold
8245,34,34772,2,27315,16435,4,424.46,15,0.91,51,0.25,-1545,Travel,Delayed,Gold
8246,24,76505,87,9861,2523,4,169.86,14,0.81,174,0.58,4980,Fashion,Late,Platinum
8247,45,121448,77,16950,1036,6,209.85,13,0.15,107,0.78,6245,Fashion,Delayed,Gold
8248,39,139323,52,27725,17094,6,68.03,12,0.67,12,0.48,5615,Food,Delayed,Standard
8249,80,106817,15,13189,12144,3,400.65,13,0.05,109,0.34,5246,Food,Delayed,Standard
8250,55,76166,60,13116,11114,6,81.86,15,0.99,20,0.91,6886,Fashion,On-Time,Standard
8251,38,85791,27,18787,6678,4,239.14,12,0.41,160,0.46,5224,Electronics,On-Time,Gold
8252,29,75463,34,30522,7493,6,418.42,20,0.67,81,0.56,2106,Fashion,Late,Standard
8253,18,33962,1,27348,18796,5,96.42,18,0.19,28,0.8,4083,Travel,On-Time,Standard
8254,29,75985,60,30528,4058,6,497.04,6,0.78,55,0.47,3835,Food,Late,Standard
8255,46,21606,55,12050,10093,8,304.02,12,0.7,38,0.15,2032,Fashion,On-Time,Standard
8256,66,70036,97,14723,4482,3,106.25,14,0.35,119,0.62,4798,Travel,On-Time,Platinum
8257,61,140444,54,18572,0,4,56.41,17,0.36,123,0.13,1422,Fashion,On-Time,Standard
8258,48,107914,17,17547,10749,6,201.34,17,0.68,37,0.32,312,Travel,On-Time,Standard
8259,40,38075,70,13785,15186,7,149.24,17,0.37,49,0.11,3023,Food,On-Time,Gold
8260,49,72102,48,23846,2562,6,258.59,10,0.95,107,0.92,-1551,Food,On-Time,Gold
8261,37,41624,41,6961,5027,6,259.75,6,0.32,165,0.07,3061,Fashion,On-Time,Standard
8262,70,72499,6,21196,1712,5,120.15,11,0.27,95,0.58,1540,Electronics,On-Time,Standard
8263,42,116644,3,33294,10931,3,346.52,15,0.76,180,0.97,669,Travel,On-Time,Platinum
8264,43,101120,42,20628,6597,8,235.59,20,0.1,33,0.31,2710,Electronics,On-Time,Gold
8265,18,174365,79,13342,0,7,334.81,9,0.56,126,0.71,7447,Fashion,On-Time,Standard
8266,42,122699,58,9756,7522,6,438.67,1,0.62,121,0.54,4347,Fashion,On-Time,Gold
8267,57,83160,48,22886,17283,4,126.24,12,0.31,172,0.27,785,Electronics,On-Time,Gold
8268,28,102085,59,33891,18113,4,244.85,10,0.95,177,0.78,1488,Fashion,Delayed,Standard
8269,33,66902,5,21707,18463,7,428.61,0,0.42,50,0.03,3011,Fashion,On-Time,Gold
8270,56,29899,19,17318,3044,3,375.02,4,0.28,119,0.25,2405,Travel,Late,Standard
8271,22,127231,30,13896,1697,5,187.43,20,0.68,82,0.1,3017,Electronics,On-Time,Gold
8272,60,115359,82,8181,5466,5,390.32,16,0.72,130,0.82,1710,Fashion,On-Time,Standard
8273,37,65357,21,22179,16810,6,221.89,11,0.43,5,0.41,4314,Food,On-Time,Gold
8274,39,85957,84,7187,16565,6,487.12,3,0.18,98,0.09,4101,Electronics,On-Time,Gold
8275,28,124637,81,27321,10020,6,164.67,10,0.63,80,0.97,2867,Travel,Late,Standard
8276,50,108854,31,25016,17827,7,130.18,20,0.25,35,0.4,2327,Home,On-Time,Gold
8277,80,20000,46,18271,14248,7,445.39,16,0.22,175,0.07,1441,Electronics,On-Time,Gold
8278,56,84744,33,25182,6624,11,273.55,14,0.58,41,0.38,3886,Travel,Delayed,Standard
8279,32,68294,26,21381,7584,4,384.85,11,0.99,98,0.36,6459,Home,On-Time,Gold
8280,62,119520,43,25110,1121,8,477.58,14,0.69,159,0.13,2628,Electronics,Delayed,Gold
8281,40,116241,29,27157,9132,5,138.78,16,0.81,102,0.72,3871,Electronics,On-Time,Gold
8282,65,127744,32,17959,5734,3,95.07,13,0.71,55,0.85,1453,Home,Late,Standard
8283,57,30284,26,9629,2980,3,147.43,6,0.37,70,0.82,2242,Electronics,On-Time,Gold
8284,18,43635,55,38064,4845,6,101.64,14,0.91,17,0.29,-1759,Fashion,Delayed,Standard
8285,29,119563,22,18293,20460,8,482.9,11,0.81,32,0.14,5086,Electronics,On-Time,Standard
8286,59,51334,42,16576,6759,6,371.04,1,0.69,54,0.9,599,Electronics,On-Time,Standard
8287,47,20000,82,23551,21040,2,345.12,14,0.54,4,0.37,3709,Travel,Delayed,Platinum
8288,29,96303,53,18453,10402,7,478.23,7,0.36,161,0.75,1367,Electronics,On-Time,Standard
8289,35,53111,94,9936,8397,10,490.3,15,0.45,167,0.27,2671,Travel,On-Time,Standard
8290,18,146591,67,10465,13651,5,460.86,2,0.31,173,0.39,5464,Travel,Delayed,Gold
8291,43,86847,52,12877,0,3,346.89,17,0.92,74,0.23,3769,Food,Delayed,Standard
8292,78,81410,82,22858,24570,2,273.53,12,0.33,80,0.45,2415,Food,Delayed,Platinum
8293,57,60230,39,14436,16685,3,69.77,17,0.94,150,0.03,1537,Electronics,On-Time,Standard
8294,77,138633,59,27484,11442,3,444.64,18,0.44,1,0.3,7440,Food,On-Time,Gold
8295,58,89342,85,18760,15695,2,95.06,4,0.84,31,0.1,5057,Fashion,Delayed,Gold
8296,60,58660,8,19370,10382,3,88.76,19,0.25,54,0.63,4555,Home,Late,Gold
8297,74,43236,94,20479,5750,3,345.28,0,0.97,142,0.1,3803,Fashion,On-Time,Platinum
8298,50,72061,9,11684,9836,5,424.12,0,0.9,79,0.5,2989,Travel,On-Time,Standard
8299,42,35894,9,30201,7048,7,358.48,5,0.7,13,0.76,1226,Food,On-Time,Gold
8300,60,116155,29,22482,3709,5,214.25,9,0.92,47,0.27,341,Home,On-Time,Standard
8301,66,20000,9,18615,7235,6,423.25,11,0.62,101,0.33,431,Home,On-Time,Gold
8302,37,69419,57,15766,11488,2,52.43,2,0.01,149,0.61,1348,Electronics,On-Time,Standard
8303,34,99405,35,15611,12488,1,124.1,14,0.25,105,0.14,2522,Food,On-Time,Standard
8304,47,88684,81,10742,19873,4,275.46,8,0.09,150,0.29,4770,Electronics,On-Time,Standard
8305,57,46308,43,9347,7834,8,445.1,10,0.07,21,0.87,3438,Fashion,On-Time,Standard
8306,56,101410,56,9349,5055,3,96.7,10,0.47,146,0.79,1392,Electronics,On-Time,Gold
8307,23,39558,42,28503,1198,5,276.02,5,0.98,64,0.24,6070,Home,Delayed,Platinum
8308,73,74104,82,13867,13095,4,142.61,3,0.39,34,0.71,3271,Travel,On-Time,Standard
8309,35,101073,22,11389,20209,4,147.18,18,0.97,44,0.14,3391,Food,On-Time,Standard
8310,41,93516,3,30303,7263,4,428.68,20,0.89,85,0.43,3508,Food,Late,Standard
8311,31,47998,11,20485,6059,4,125.55,5,0.18,162,0.14,5450,Fashion,Delayed,Gold
8312,80,122899,48,10609,16055,6,80.64,11,0.88,38,0.44,4325,Fashion,Late,Standard
8313,48,78467,23,24565,2555,6,88.48,6,0.26,160,0.06,3391,Food,Delayed,Platinum
8314,32,104719,12,31625,21341,1,207.58,6,0.05,26,0.87,1022,Home,Delayed,Platinum
8315,57,136164,67,25424,9471,2,293.53,12,0.12,68,0.69,4670,Electronics,On-Time,Standard
8316,56,119700,90,21105,12629,10,55.16,3,0.52,71,0.37,3793,Food,Delayed,Standard
8317,42,119805,71,23743,10264,5,497.19,6,0.62,154,0.39,4561,Food,On-Time,Gold
8318,57,82707,89,29558,0,2,472.53,14,0.03,100,0.92,2514,Fashion,Late,Standard
8319,32,106757,33,33823,9537,8,259.39,8,0.7,125,0.93,5111,Electronics,On-Time,Gold
8320,37,83543,8,12391,7324,3,115.83,14,0.07,165,0.69,3799,Food,Delayed,Standard
8321,18,26627,9,20179,12727,5,122.6,10,0.65,115,0.48,3561,Food,Late,Gold
8322,25,87109,64,24836,17999,7,225.34,2,0.06,98,0.58,487,Fashion,Late,Platinum
8323,72,85254,71,21375,13451,5,460.68,16,0.3,71,0.4,4011,Fashion,On-Time,Standard
8324,69,98349,73,24237,5338,6,235.73,8,0.88,80,0.14,2934,Fashion,On-Time,Standard
8325,45,69880,53,37668,21529,4,224.29,1,0.96,93,0.51,2740,Home,On-Time,Gold
8326,69,44541,42,17905,10316,7,463.13,13,0.05,121,0.86,2909,Home,On-Time,Standard
8327,42,101260,58,8698,18964,9,497.18,18,0.82,53,0.24,2285,Food,On-Time,Standard
8328,41,22469,88,34800,16174,4,222.74,7,0.6,123,0.47,3336,Electronics,On-Time,Gold
8329,45,133352,94,34142,3025,3,483.14,11,0.93,21,0.3,303,Travel,On-Time,Gold
8330,43,65743,58,24346,17422,6,108.38,3,0.39,167,0.42,2835,Home,On-Time,Standard
8331,41,84821,66,16038,16074,9,139.88,6,0.69,20,0.0,2048,Food,On-Time,Standard
8332,62,97342,60,26860,10541,7,245.63,8,0.08,89,0.87,7769,Home,On-Time,Gold
8333,47,98627,37,20261,6873,6,222.15,1,0.3,109,0.88,-909,Fashion,On-Time,Platinum
8334,55,20000,98,17524,15703,1,153.46,20,0.46,84,0.64,2698,Home,On-Time,Platinum
8335,60,107963,7,14588,16953,5,264.1,17,0.43,145,0.49,3946,Food,Late,Standard
8336,50,87126,64,19869,7133,5,380.25,0,0.78,141,0.86,3907,Electronics,Late,Gold
8337,30,49589,4,24375,14241,4,120.55,13,0.1,169,0.83,4339,Electronics,On-Time,Standard
8338,24,45013,90,21313,7643,3,213.72,16,0.06,103,0.19,2316,Electronics,On-Time,Gold
8339,47,61637,89,27074,6155,4,63.8,1,0.08,14,0.84,-1487,Food,On-Time,Gold
8340,42,23050,42,18246,13027,6,479.83,14,0.0,2,0.76,2009,Electronics,Delayed,Platinum
8341,46,143890,59,16651,15523,7,392.39,19,0.29,94,0.01,2992,Travel,Late,Standard
8342,44,134446,25,23099,13630,5,196.61,6,0.92,5,0.94,4040,Home,On-Time,Standard
8343,80,93068,10,20690,9037,8,128.25,15,0.7,1,0.16,3542,Food,On-Time,Standard
8344,25,66064,33,31872,1972,4,288.7,3,0.34,4,0.52,2112,Home,Late,Standard
8345,18,67115,1,17227,7832,3,150.97,14,0.21,29,0.89,2931,Home,On-Time,Standard
8346,49,105322,20,15981,12608,4,294.18,9,0.73,39,0.94,4884,Home,Delayed,Platinum
8347,39,145313,25,18649,25078,8,233.17,9,0.7,98,0.23,2011,Food,On-Time,Standard
8348,49,52184,75,16694,3192,5,299.97,9,0.6,46,0.76,3920,Fashion,On-Time,Standard
8349,53,30296,72,14958,9191,3,291.88,15,0.87,109,0.36,2445,Electronics,Delayed,Platinum
8350,64,136905,86,6942,8869,5,52.39,6,0.61,100,0.45,2637,Electronics,Delayed,Gold
8351,22,20000,4,10771,0,9,365.27,7,0.36,14,0.7,7130,Home,On-Time,Gold
8352,36,34658,8,19038,5868,3,314.35,18,0.74,161,0.82,154,Travel,Late,Gold
8353,51,65125,49,9539,1642,7,322.27,10,0.24,146,0.56,423,Fashion,On-Time,Gold
8354,56,20000,9,24517,7183,2,172.69,12,0.62,176,0.69,971,Home,On-Time,Platinum
8355,77,119485,57,22959,20524,6,479.16,6,0.04,7,0.14,3889,Travel,On-Time,Standard
8356,59,109276,9,14640,14590,3,218.2,12,0.43,141,0.49,1767,Travel,On-Time,Gold
8357,44,52008,77,19577,11215,6,159.85,9,0.08,176,0.82,1035,Home,Late,Gold
8358,31,126184,35,18466,23648,8,64.42,6,0.96,139,0.85,4697,Fashion,On-Time,Gold
8359,36,132971,73,5561,19868,4,317.9,3,0.15,32,0.71,2420,Fashion,On-Time,Standard
8360,36,70473,55,23559,4378,7,425.4,15,0.3,32,0.16,967,Home,On-Time,Gold
8361,54,56973,61,15220,0,4,136.23,11,0.26,49,0.55,3588,Fashion,On-Time,Gold
8362,48,165384,36,12201,0,3,356.63,19,0.31,122,0.05,6214,Travel,Delayed,Gold
8363,25,103846,40,25425,3841,3,51.92,2,0.44,14,0.91,4992,Home,On-Time,Gold
8364,38,85252,47,21945,6027,6,317.7,6,0.26,55,0.18,491,Travel,On-Time,Gold
8365,58,129541,21,27289,20830,6,81.81,0,0.38,31,0.34,1753,Fashion,On-Time,Standard
8366,50,87077,86,19056,18414,4,453.59,15,0.27,141,0.7,2365,Home,On-Time,Standard
8367,53,54775,79,21722,16435,6,178.58,12,0.98,19,0.77,3229,Food,On-Time,Gold
8368,50,78206,60,26393,6476,4,270.6,3,0.29,97,0.45,3047,Food,On-Time,Platinum
8369,69,116546,74,33410,8679,8,226.11,1,0.3,104,0.45,3340,Travel,Late,Standard
8370,48,20000,98,17508,7144,6,310.37,13,0.37,137,0.41,6421,Electronics,Delayed,Platinum
8371,39,63478,47,21984,25432,4,191.12,2,0.63,66,0.52,1811,Fashion,On-Time,Platinum
8372,31,130322,63,24588,5615,3,466.34,5,0.97,150,0.98,1830,Travel,Delayed,Standard
8373,48,54525,83,24524,4444,2,196.33,12,0.59,9,0.77,2774,Home,On-Time,Platinum
8374,18,136844,36,15894,13954,1,285.53,1,0.98,80,0.15,3001,Travel,Delayed,Gold
8375,42,131589,40,19103,3260,4,230.52,11,0.35,84,0.25,1326,Travel,Late,Platinum
8376,41,72378,4,24510,13904,5,153.8,7,0.92,157,0.96,899,Electronics,On-Time,Gold
8377,24,52258,99,21408,12024,8,495.72,8,0.39,130,0.48,4754,Travel,On-Time,Standard
8378,31,63505,76,35317,4810,5,353.44,9,0.63,129,0.73,5334,Electronics,Delayed,Gold
8379,57,181584,51,17523,7591,4,280.48,2,0.05,24,0.12,4379,Food,On-Time,Gold
8380,48,149976,16,13602,4080,4,341.66,16,0.0,68,0.7,3495,Electronics,On-Time,Gold
8381,46,80015,89,23876,17098,4,279.34,9,0.23,6,0.08,5163,Food,On-Time,Gold
8382,49,50673,61,12492,8967,7,390.29,19,0.04,0,0.77,5388,Home,On-Time,Gold
8383,46,79681,51,16332,8502,3,146.84,20,0.42,31,0.46,4047,Fashion,On-Time,Standard
8384,63,84753,19,20645,15666,9,494.55,5,0.45,96,0.74,634,Electronics,On-Time,Standard
8385,46,25265,96,19736,14726,3,183.03,2,0.95,36,0.44,3440,Food,On-Time,Gold
8386,23,78201,93,19516,11639,3,229.92,4,0.17,66,0.15,2862,Home,Delayed,Gold
8387,69,127896,15,15492,17308,2,486.18,7,0.45,146,0.09,1881,Travel,On-Time,Gold
8388,50,20000,6,22957,8910,8,165.09,14,0.31,61,0.43,3591,Electronics,On-Time,Standard
8389,36,108063,93,37380,3752,2,126.1,2,0.06,112,0.05,2480,Travel,Delayed,Standard
8390,26,129991,65,26635,11037,2,331.37,17,0.11,151,0.68,512,Electronics,Delayed,Gold
8391,50,52577,11,5250,9750,4,484.16,11,0.88,150,0.96,3073,Travel,On-Time,Gold
8392,43,142767,42,16741,20054,4,496.67,13,0.4,118,0.93,2578,Fashion,On-Time,Gold
8393,68,47386,39,24255,8154,6,157.28,8,0.77,112,0.58,1180,Fashion,On-Time,Standard
8394,39,92643,0,8033,21130,9,186.12,7,0.45,73,0.57,2880,Food,On-Time,Standard
8395,32,62729,57,5000,1496,5,404.39,18,0.91,43,0.57,6577,Electronics,On-Time,Gold
8396,58,62720,2,14201,8347,8,119.55,1,0.7,3,0.9,4550,Travel,On-Time,Standard
8397,58,50308,7,13530,7790,4,196.46,15,0.34,76,0.05,4252,Travel,On-Time,Standard
8398,47,102943,89,33120,7750,7,299.01,3,0.86,27,0.65,4096,Food,On-Time,Gold
8399,55,108952,74,22843,17961,3,158.88,16,0.09,23,0.47,231,Food,Delayed,Gold
8400,44,72423,60,18843,6754,6,61.45,18,0.08,116,0.95,6003,Home,On-Time,Gold
8401,48,20601,84,17472,16941,8,58.73,17,0.55,90,0.26,3470,Fashion,On-Time,Standard
8402,62,91126,4,23605,9403,6,487.16,16,0.73,127,0.27,2183,Travel,On-Time,Platinum
8403,54,91880,25,21584,9315,4,268.42,13,0.6,31,0.77,2803,Food,Delayed,Standard
8404,42,66331,84,23590,626,2,487.42,14,0.66,169,0.43,-381,Home,Delayed,Standard
8405,65,149689,72,22585,18781,1,220.64,16,0.26,145,0.36,3465,Travel,Delayed,Platinum
8406,18,20000,16,28313,20734,5,418.55,5,0.88,133,0.31,6018,Electronics,On-Time,Gold
8407,75,20000,100,20262,1251,1,112.92,5,0.97,92,0.15,3671,Travel,Delayed,Standard
8408,19,45766,65,26229,21311,2,74.86,12,0.39,154,0.15,1297,Home,On-Time,Standard
8409,35,103416,50,22854,0,3,207.98,11,0.41,170,0.22,6616,Home,Delayed,Gold
8410,44,32766,46,21619,8821,6,68.15,12,0.45,90,0.72,-78,Fashion,On-Time,Gold
8411,42,35761,39,16802,9291,4,268.94,5,0.2,34,0.6,447,Travel,Late,Gold
8412,60,113040,91,19476,7885,1,337.5,8,0.14,168,0.9,1784,Electronics,On-Time,Platinum
8413,29,93501,26,19616,17621,3,102.91,13,0.78,0,0.55,5610,Electronics,On-Time,Standard
8414,48,90082,39,28630,15232,8,240.3,2,0.61,67,0.74,3245,Electronics,On-Time,Platinum
8415,36,106257,0,21885,0,0,459.99,1,0.15,111,0.32,4048,Home,On-Time,Standard
8416,49,57992,45,12770,20305,5,304.6,3,0.5,94,0.83,493,Fashion,On-Time,Standard
8417,44,59840,10,7626,21715,4,272.77,1,1.0,4,0.83,7882,Fashion,On-Time,Standard
8418,46,107391,38,10897,14751,4,339.91,3,0.53,48,0.08,-290,Travel,On-Time,Standard
8419,36,21204,17,14488,7556,4,448.97,12,0.91,169,0.21,301,Electronics,On-Time,Standard
8420,37,20000,90,23687,11538,6,412.01,4,0.84,66,0.9,-1179,Fashion,On-Time,Standard
8421,49,57668,46,15047,8008,2,164.18,8,0.11,140,0.27,7478,Home,On-Time,Gold
8422,59,112234,73,29811,16844,8,65.19,7,0.4,177,0.5,4475,Electronics,Late,Standard
8423,36,85222,99,10187,0,1,183.39,17,0.56,12,0.92,6776,Food,On-Time,Platinum
8424,31,109291,20,25303,12802,4,455.41,0,0.65,21,0.79,3349,Home,On-Time,Standard
8425,54,20000,27,5096,18083,8,248.35,0,0.29,47,0.94,2926,Food,On-Time,Gold
8426,44,87619,0,11061,8282,4,387.28,16,0.01,18,0.26,1575,Home,On-Time,Standard
8427,57,101154,13,12053,13863,2,398.6,2,0.31,78,0.66,1265,Home,On-Time,Platinum
8428,31,20968,19,11954,0,8,328.06,12,0.57,46,0.4,2901,Fashion,On-Time,Standard
8429,18,109482,72,14899,3324,6,134.33,15,0.35,69,0.24,5010,Travel,On-Time,Platinum
8430,37,70539,44,26293,12776,7,283.33,3,0.38,21,0.51,3309,Food,Delayed,Gold
8431,33,197853,60,25740,13158,7,262.28,18,0.84,80,0.96,1454,Food,On-Time,Standard
8432,43,20000,26,11945,5933,4,337.97,8,0.42,44,0.67,4488,Travel,On-Time,Standard
8433,35,129764,55,18430,12136,3,426.75,19,0.97,7,0.94,8170,Electronics,On-Time,Standard
8434,56,59233,51,23635,9603,9,64.71,2,0.16,120,0.16,4232,Electronics,On-Time,Platinum
8435,40,20000,67,18519,0,4,196.75,15,0.09,96,0.53,4488,Fashion,On-Time,Standard
8436,47,53921,36,32617,8373,8,388.29,20,0.21,110,0.54,3388,Travel,Delayed,Gold
8437,47,86099,81,23056,15070,4,420.35,5,0.09,114,0.21,2193,Food,On-Time,Gold
8438,47,116498,30,13094,19287,2,131.15,15,0.25,129,0.24,5490,Fashion,On-Time,Standard
8439,44,143878,48,13889,8314,4,209.81,6,0.54,116,0.93,7835,Electronics,On-Time,Platinum
8440,52,131875,52,12266,12702,5,275.34,19,0.26,116,0.46,3281,Food,On-Time,Standard
8441,33,36384,38,14405,11207,6,311.48,12,0.82,35,0.91,2357,Fashion,Delayed,Standard
8442,65,120206,9,20172,13742,6,227.95,17,0.36,83,0.22,2467,Food,Delayed,Standard
8443,41,90651,8,18115,5464,3,370.78,10,0.4,169,0.42,4093,Fashion,On-Time,Gold
8444,25,48815,91,16243,9496,7,254.22,5,0.09,86,0.69,1269,Electronics,Delayed,Gold
8445,47,66523,91,24654,13810,4,199.37,14,0.27,65,0.03,6234,Travel,On-Time,Gold
8446,32,46606,12,22743,12819,4,241.08,12,0.12,84,0.62,1146,Food,On-Time,Gold
8447,54,76483,17,7363,14246,3,126.21,6,0.23,54,0.98,5743,Home,On-Time,Standard
8448,78,45813,11,9807,15579,5,115.05,6,0.66,17,0.17,1848,Fashion,Delayed,Platinum
8449,33,33880,71,12124,11118,3,330.26,18,0.38,73,0.97,1733,Home,Delayed,Standard
8450,49,94164,86,13537,12076,2,234.73,19,0.02,22,0.52,3588,Home,On-Time,Standard
8451,18,100149,4,14887,6032,3,473.8,11,0.27,83,0.45,2075,Fashion,Delayed,Standard
8452,51,67496,6,16773,16025,4,202.69,14,0.87,35,0.18,-380,Home,On-Time,Standard
8453,31,129706,14,22851,2442,3,339.19,17,0.38,82,0.54,5445,Home,On-Time,Platinum
8454,35,64582,66,11008,14334,3,365.05,13,0.56,8,0.25,6836,Electronics,On-Time,Standard
8455,28,62889,17,13883,10922,5,404.79,13,0.48,107,0.01,793,Electronics,On-Time,Standard
8456,55,101419,37,7329,4988,1,214.6,17,0.97,46,0.79,2531,Electronics,On-Time,Standard
8457,60,69702,25,12629,5290,3,268.31,20,0.28,79,0.34,3794,Food,On-Time,Gold
8458,45,78391,37,18337,11502,3,402.07,0,0.71,131,0.82,2930,Electronics,Delayed,Standard
8459,32,20000,58,12823,8257,7,440.97,14,0.6,47,0.47,4569,Food,On-Time,Standard
8460,68,75668,51,11745,6994,15,178.18,20,0.62,148,0.02,2534,Fashion,On-Time,Standard
8461,33,20000,32,15900,12938,5,158.96,10,0.81,50,0.84,2149,Food,On-Time,Gold
8462,18,26161,20,21888,0,4,203.04,17,0.17,88,0.65,2934,Electronics,On-Time,Gold
8463,51,21587,16,12655,10644,4,315.69,2,0.84,9,0.39,2536,Food,Delayed,Standard
8464,28,33296,61,28174,7384,1,424.63,19,0.1,99,0.58,5736,Home,Delayed,Standard
8465,59,53045,58,13229,1399,7,339.9,1,0.66,162,0.96,3434,Electronics,On-Time,Standard
8466,39,55540,1,16668,7636,5,141.01,19,0.21,70,0.83,4019,Fashion,On-Time,Gold
8467,54,101571,63,29262,810,6,73.3,10,0.64,14,0.12,3649,Home,On-Time,Gold
8468,66,83895,24,24595,18273,6,300.27,1,0.12,138,0.39,2273,Electronics,On-Time,Standard
8469,26,20000,40,18888,15045,6,393.17,2,0.71,33,0.86,663,Food,On-Time,Standard
8470,36,78331,18,22971,15793,3,277.4,0,0.32,9,0.33,4479,Home,On-Time,Platinum
8471,43,87730,37,9862,13580,3,214.93,2,0.67,67,0.16,1811,Fashion,On-Time,Standard
8472,68,61857,24,34451,0,4,139.02,0,0.55,135,0.83,5197,Travel,On-Time,Standard
8473,35,72564,38,10281,1757,1,308.54,11,0.22,16,0.53,949,Electronics,On-Time,Gold
8474,36,82612,3,21667,16255,7,325.21,15,0.53,112,0.83,471,Fashion,On-Time,Gold
8475,52,105583,2,28984,23805,6,425.51,4,0.16,158,0.67,5351,Food,Delayed,Platinum
8476,36,20000,33,22104,12628,5,382.68,13,0.99,32,0.17,6569,Travel,On-Time,Platinum
8477,47,65227,9,19588,19728,3,281.93,13,0.6,153,0.2,2537,Home,On-Time,Standard
8478,21,135333,26,29004,4303,1,414.3,19,0.51,5,0.91,4874,Fashion,Delayed,Standard
8479,78,131666,89,24962,5633,5,101.01,11,0.92,148,0.72,5972,Home,On-Time,Standard
8480,24,109037,90,16104,14686,7,157.5,14,0.3,72,0.5,3893,Home,On-Time,Gold
8481,40,96472,0,32339,4397,6,388.98,0,0.23,60,0.74,2425,Fashion,Delayed,Gold
8482,44,141185,43,14044,0,3,239.72,6,0.64,57,0.95,4050,Home,On-Time,Standard
8483,73,151713,83,33003,15245,4,308.21,10,0.91,16,0.88,3012,Food,On-Time,Standard
8484,25,69836,51,24745,4969,10,438.39,4,0.65,135,0.45,8292,Food,On-Time,Standard
8485,74,36222,24,16851,0,1,467.8,17,0.02,123,0.02,2199,Electronics,On-Time,Gold
8486,56,64188,73,11831,18123,4,467.82,4,0.86,135,0.33,5515,Travel,On-Time,Gold
8487,51,198867,64,21279,13534,4,209.81,17,0.3,88,0.3,2755,Travel,On-Time,Gold
8488,30,20000,79,15059,14884,3,328.46,3,0.87,96,0.34,2433,Travel,On-Time,Platinum
8489,53,56178,10,20862,15313,5,329.73,9,0.98,129,0.95,990,Food,On-Time,Standard
8490,34,20000,67,26108,16793,2,178.72,13,0.65,97,0.25,370,Electronics,On-Time,Standard
8491,63,79990,98,27071,13522,4,255.96,20,0.28,98,0.31,5832,Travel,Delayed,Gold
8492,30,26892,76,31109,0,10,237.64,14,0.23,70,0.33,3420,Electronics,On-Time,Standard
8493,43,70649,84,11799,2396,3,357.25,20,0.7,89,0.78,831,Travel,Late,Gold
8494,36,20000,14,21930,17047,9,319.06,8,0.05,84,0.62,2809,Travel,On-Time,Standard
8495,30,99704,56,8687,14019,6,458.62,8,0.65,162,0.86,3634,Home,Delayed,Gold
8496,56,123893,73,20031,9085,6,162.4,11,0.31,100,0.14,4159,Travel,On-Time,Standard
8497,53,59642,63,7568,0,5,320.14,17,0.0,163,0.62,2018,Fashion,Delayed,Gold
8498,63,69594,10,36947,4122,5,365.08,5,0.63,118,0.81,1326,Fashion,Delayed,Platinum
8499,18,68463,95,30358,7865,3,76.73,14,0.58,77,0.81,457,Fashion,On-Time,Gold
8500,60,82236,96,7665,4714,3,336.3,12,0.53,130,0.36,4189,Fashion,On-Time,Standard
8501,80,73473,19,14978,2669,4,317.33,6,0.25,30,0.79,2453,Travel,On-Time,Gold
8502,38,105724,99,25786,12333,8,193.65,11,0.91,76,0.86,605,Home,Delayed,Platinum
8503,73,124321,29,21873,20279,10,493.2,3,0.03,9,0.14,1317,Electronics,Late,Standard
8504,41,42437,9,20153,14486,2,233.35,7,0.11,49,0.35,2537,Fashion,On-Time,Gold
8505,24,62626,53,22012,6679,4,128.42,9,0.39,161,0.72,6240,Fashion,On-Time,Gold
8506,40,111064,57,26824,9535,7,299.28,10,0.39,122,0.43,2831,Travel,On-Time,Gold
8507,60,20000,78,36079,14306,2,211.7,15,0.13,178,1.0,4419,Food,Delayed,Standard
8508,32,20000,28,10938,5823,5,154.49,1,0.98,151,0.29,2875,Electronics,On-Time,Platinum
8509,35,84052,0,18361,11496,6,201.16,18,0.99,163,0.43,2671,Home,Late,Standard
8510,53,94853,57,5609,7508,5,380.37,9,0.77,141,0.1,6653,Travel,Delayed,Gold
8511,45,46107,20,19588,7351,11,184.74,11,0.3,102,0.77,6062,Home,Delayed,Standard
8512,53,51853,14,33131,0,2,309.29,7,0.34,160,0.82,1079,Home,On-Time,Standard
8513,48,44592,66,23788,10310,1,50.19,14,0.89,37,0.98,6112,Home,On-Time,Standard
8514,52,40322,32,26174,12861,7,101.36,2,0.01,154,0.79,4580,Fashion,Delayed,Standard
8515,38,102739,37,21451,15904,4,385.48,9,0.16,99,0.29,2873,Food,On-Time,Standard
8516,48,27780,18,14255,0,6,142.5,13,0.28,31,0.74,2223,Home,Delayed,Standard
8517,31,64379,3,7721,16671,2,407.04,11,1.0,155,0.45,2251,Electronics,On-Time,Gold
8518,64,38786,75,31608,15090,8,173.98,15,0.05,142,0.98,1354,Home,Delayed,Platinum
8519,35,20000,88,16420,20307,0,143.85,8,0.65,92,0.79,2613,Electronics,On-Time,Gold
8520,61,109807,97,18548,7452,5,359.4,17,0.81,117,0.37,3926,Fashion,On-Time,Gold
8521,41,54206,80,5000,10480,8,94.33,17,0.1,9,0.79,3638,Travel,On-Time,Standard
8522,48,82537,57,14827,2821,3,213.2,18,0.12,144,0.37,50,Travel,On-Time,Gold
8523,37,20000,69,21055,9566,4,83.93,19,0.28,88,0.64,4155,Travel,On-Time,Standard
8524,29,45322,11,22732,7788,4,140.8,12,0.59,167,0.11,1520,Travel,Late,Standard
8525,18,105243,78,32867,11064,2,120.45,18,0.25,172,0.45,4662,Travel,On-Time,Standard
8526,29,178490,16,17981,9698,5,413.66,16,0.51,46,0.08,-795,Food,On-Time,Standard
8527,40,20000,0,19146,15681,6,310.4,7,0.19,61,0.52,333,Fashion,Delayed,Standard
8528,48,66955,13,32173,8574,10,419.21,18,0.75,9,0.58,4175,Travel,On-Time,Platinum
8529,60,91491,1,29388,18911,3,497.04,19,0.4,48,0.75,6518,Travel,On-Time,Standard
8530,38,50355,3,8737,0,1,299.69,0,0.21,79,0.36,3295,Food,Delayed,Gold
8531,31,108980,65,31587,19051,5,482.1,10,0.8,103,0.78,252,Food,On-Time,Standard
8532,23,40330,89,7161,349,6,93.55,20,0.24,93,0.6,6410,Travel,On-Time,Gold
8533,52,81153,45,23764,15756,0,102.29,16,0.52,31,0.57,3614,Food,On-Time,Standard
8534,65,54117,49,26018,14729,2,274.66,0,0.04,145,0.22,4135,Food,On-Time,Standard
8535,63,123777,59,21498,2490,8,106.89,8,0.31,60,0.93,3901,Food,On-Time,Standard
8536,55,47945,51,16995,18564,6,461.53,0,0.17,75,0.18,3622,Travel,On-Time,Standard
8537,54,60925,96,16419,1704,3,276.97,9,0.26,90,0.07,5507,Electronics,On-Time,Standard
8538,70,112827,47,5000,759,6,444.98,2,0.99,108,0.82,5325,Home,On-Time,Standard
8539,49,33878,38,21211,6863,8,148.72,4,0.37,155,0.36,4288,Food,On-Time,Platinum
8540,54,77750,69,20259,7199,6,344.37,16,0.15,19,0.82,1011,Home,On-Time,Gold
8541,40,20000,59,32042,5759,7,171.58,19,0.99,159,0.93,5680,Home,Late,Gold
8542,24,31482,29,17823,10490,7,301.8,13,0.3,53,0.4,4075,Food,Delayed,Standard
8543,34,90285,85,15787,12592,4,440.58,19,0.74,2,0.14,5813,Home,On-Time,Gold
8544,44,35372,26,15898,9438,8,178.61,15,0.89,130,0.1,1345,Travel,On-Time,Platinum
8545,45,53217,82,13285,1857,3,261.79,3,0.35,159,0.18,1822,Travel,On-Time,Standard
8546,73,94723,73,16359,4031,12,281.11,17,0.65,109,0.27,5242,Home,On-Time,Standard
8547,46,51832,54,11756,24753,6,327.84,12,0.05,120,0.64,2376,Food,Late,Platinum
8548,62,107913,69,24908,2647,9,409.61,6,0.39,136,0.77,1812,Travel,On-Time,Platinum
8549,38,83626,25,23191,2912,7,104.72,3,0.9,80,0.45,3608,Food,On-Time,Standard
8550,40,92427,41,8367,0,4,291.06,12,0.8,15,0.86,2714,Electronics,Delayed,Gold
8551,25,124638,66,20756,16790,9,113.91,20,0.24,85,0.81,3472,Home,Delayed,Gold
8552,33,87792,66,28912,16721,7,131.32,12,0.02,156,0.01,2989,Fashion,On-Time,Standard
8553,52,136553,51,28461,12779,8,271.19,20,0.62,137,0.57,746,Fashion,On-Time,Gold
8554,45,111450,5,11683,19007,4,87.41,14,0.12,48,0.41,3626,Travel,Late,Standard
8555,59,54061,9,30660,4938,4,89.31,4,0.81,126,0.48,1405,Fashion,Delayed,Standard
8556,47,126725,37,15764,1918,2,130.64,20,0.47,15,0.61,5428,Fashion,Late,Gold
8557,39,85554,76,20171,11931,5,262.54,20,0.4,140,0.58,-77,Home,On-Time,Standard
8558,77,59212,11,17185,13310,9,132.44,8,0.25,134,0.89,4172,Travel,Late,Gold
8559,43,86135,45,10374,11332,6,220.38,17,0.55,152,0.36,2105,Home,On-Time,Standard
8560,62,119493,48,13761,7834,7,440.86,12,0.82,97,0.6,3479,Home,On-Time,Standard
8561,38,93201,90,29959,17195,4,467.37,8,0.47,151,0.94,1148,Electronics,On-Time,Gold
8562,55,147895,71,30177,9694,4,298.92,8,0.1,179,0.36,3282,Travel,On-Time,Gold
8563,58,118461,62,25446,11771,1,494.46,8,0.56,49,0.5,340,Travel,On-Time,Standard
8564,48,95926,68,18197,9798,3,367.47,13,0.33,130,0.07,1584,Food,On-Time,Standard
8565,18,33957,99,34409,6553,3,110.83,3,0.52,66,0.91,2435,Food,On-Time,Standard
8566,45,67810,42,27906,2558,5,382.74,10,0.09,34,0.8,3285,Travel,Delayed,Standard
8567,63,77866,93,19063,12950,8,349.15,11,0.07,35,0.06,4090,Food,Late,Gold
8568,52,102865,59,5000,0,5,439.41,4,0.74,84,0.71,751,Electronics,Delayed,Standard
8569,51,100493,100,26890,5557,6,275.5,15,0.49,110,0.91,4501,Food,On-Time,Standard
8570,19,81781,28,29932,6498,2,314.73,14,0.41,50,0.77,1017,Travel,Delayed,Standard
8571,34,79813,85,23429,1507,9,227.66,7,0.95,32,0.58,3940,Travel,On-Time,Standard
8572,51,103818,77,5000,7954,4,57.77,9,0.19,150,0.92,997,Food,On-Time,Standard
8573,51,40656,73,21585,13125,2,321.02,14,0.91,164,0.72,2128,Travel,Delayed,Gold
8574,63,142820,10,37408,10898,4,477.26,13,0.83,82,0.1,2941,Home,On-Time,Standard
8575,42,20000,34,18771,5978,2,124.59,0,0.53,178,0.22,3880,Food,On-Time,Gold
8576,51,133216,22,35709,14328,3,127.43,7,0.45,11,0.15,7799,Travel,On-Time,Gold
8577,45,73192,71,25617,11845,4,234.93,8,0.12,172,0.31,5012,Electronics,On-Time,Standard
8578,30,115103,20,20378,1984,5,429.61,12,0.37,109,0.26,1769,Fashion,Delayed,Gold
8579,18,89553,36,31223,4566,3,314.18,20,0.54,75,0.27,5848,Home,On-Time,Standard
8580,51,88841,27,15135,118,4,279.59,19,0.35,45,0.34,-1643,Home,Late,Standard
8581,47,97170,94,10108,7555,3,439.19,8,0.92,178,0.02,3229,Home,Late,Platinum
8582,35,107362,57,10274,5318,5,140.25,12,0.04,163,0.28,3590,Electronics,On-Time,Gold
8583,20,61846,52,21660,8397,5,479.31,0,0.3,23,0.17,4017,Fashion,Delayed,Standard
8584,54,116391,27,23566,23539,7,483.24,9,0.93,69,0.06,1046,Electronics,On-Time,Standard
8585,41,31621,41,14542,0,1,416.3,14,0.08,114,0.43,2822,Home,Late,Platinum
8586,53,74786,90,29756,0,9,182.62,18,0.47,149,0.8,556,Travel,Delayed,Gold
8587,72,108438,84,20706,20467,5,218.95,13,0.75,100,0.5,942,Food,On-Time,Platinum
8588,18,114800,72,26635,13688,3,231.54,11,0.34,120,0.7,-2276,Home,On-Time,Gold
8589,34,93431,92,14547,16832,7,126.8,15,0.81,76,0.12,3726,Home,On-Time,Standard
8590,41,59264,60,18544,7585,1,70.56,20,0.15,74,0.44,1538,Electronics,Delayed,Standard
8591,66,110868,78,5876,14819,6,79.28,6,0.99,48,0.21,5648,Fashion,Delayed,Standard
8592,20,48225,32,17751,9117,6,327.03,20,0.64,158,0.11,3908,Fashion,On-Time,Gold
8593,74,145056,54,21804,16067,4,485.78,9,0.29,119,0.23,2597,Electronics,On-Time,Platinum
8594,47,71613,36,15515,17122,4,87.97,1,0.07,106,0.79,4108,Electronics,On-Time,Platinum
8595,43,20000,46,19514,16464,7,337.76,10,0.56,163,0.57,3838,Fashion,On-Time,Platinum
8596,42,27212,35,21912,5418,4,104.13,7,0.59,82,0.23,6687,Food,On-Time,Standard
8597,38,76745,27,15721,10646,9,309.59,6,0.44,97,0.23,1605,Electronics,On-Time,Standard
8598,60,80593,9,17884,3290,9,249.36,17,0.94,86,0.24,1005,Electronics,On-Time,Standard
8599,28,153786,22,14151,13871,4,65.67,5,0.32,144,0.79,-157,Home,Delayed,Standard
8600,50,33460,91,12469,12375,8,210.67,11,0.58,90,0.63,3031,Food,On-Time,Standard
8601,39,76578,97,29835,0,4,403.58,1,0.07,118,0.26,3089,Home,Late,Platinum
8602,33,32623,4,8559,13213,9,138.19,15,0.46,112,0.38,-2017,Fashion,On-Time,Platinum
8603,80,55293,81,26831,13051,4,283.11,17,0.79,58,0.35,2743,Food,Delayed,Standard
8604,51,142358,5,9084,13972,2,165.07,0,0.75,141,0.29,5695,Home,On-Time,Standard
8605,54,29546,41,32091,10324,6,466.43,9,0.48,14,0.78,6900,Travel,On-Time,Standard
8606,62,98481,46,24602,13953,7,467.26,8,0.86,88,0.44,4657,Home,On-Time,Platinum
8607,23,90716,86,17010,12200,4,376.95,5,0.95,67,0.25,3186,Travel,On-Time,Gold
8608,71,74033,27,27551,3764,7,360.76,5,0.43,152,0.61,4574,Food,Delayed,Gold
8609,18,95777,12,28697,14417,4,298.37,16,0.35,77,0.59,4072,Electronics,On-Time,Gold
8610,33,28599,24,24631,3330,3,403.21,12,0.63,169,0.6,1121,Travel,On-Time,Gold
8611,38,141252,6,23791,2522,4,492.56,15,1.0,136,0.57,1246,Food,On-Time,Standard
8612,53,151993,65,21790,11479,5,482.77,3,0.04,16,0.92,3719,Fashion,On-Time,Gold
8613,48,76884,79,31333,0,4,413.93,16,0.37,158,0.42,3394,Fashion,On-Time,Standard
8614,42,171924,57,19801,5327,3,111.27,16,0.49,17,0.9,1413,Travel,On-Time,Standard
8615,44,59038,65,20960,7806,7,437.64,0,0.98,14,0.84,1409,Travel,On-Time,Gold
8616,30,91017,35,26898,19271,1,316.43,6,0.83,160,0.94,2683,Travel,Late,Gold
8617,22,132275,1,17453,8491,5,290.01,20,0.3,77,0.67,2118,Electronics,Delayed,Standard
8618,55,56639,37,28800,23481,8,295.23,14,0.78,120,0.8,3565,Fashion,On-Time,Standard
8619,55,20000,73,27135,0,4,164.42,14,0.21,37,0.03,4369,Food,On-Time,Standard
8620,68,20000,13,42767,13301,5,143.04,1,0.59,153,0.84,3792,Home,Delayed,Gold
8621,33,157433,26,19013,14544,6,251.81,0,0.04,55,0.34,3870,Fashion,Late,Gold
8622,55,53839,14,24787,3558,5,334.87,9,0.42,146,0.89,4233,Food,On-Time,Gold
8623,40,67570,84,23735,9369,6,343.0,20,0.77,150,0.4,2769,Travel,Late,Standard
8624,62,30489,11,26481,9265,6,285.41,16,0.29,124,0.72,269,Travel,On-Time,Gold
8625,60,112933,42,19432,17608,5,419.49,17,0.73,177,0.97,1778,Fashion,On-Time,Standard
8626,48,43737,96,23717,0,3,465.11,15,0.33,25,0.73,-1192,Fashion,Delayed,Standard
8627,39,55349,56,21162,23154,0,146.77,4,0.07,105,0.43,4242,Fashion,Delayed,Platinum
8628,59,86980,85,26880,0,1,381.86,11,0.9,76,0.6,3856,Fashion,On-Time,Gold
8629,54,32438,47,5000,12966,5,154.64,15,0.42,176,0.28,2282,Travel,Late,Standard
8630,34,67856,60,18091,3884,2,430.31,18,0.74,169,0.79,1316,Travel,On-Time,Gold
8631,25,131088,81,36970,13338,4,278.34,12,0.59,150,0.54,3411,Food,Delayed,Gold
8632,40,92130,43,32326,5371,2,217.45,16,0.67,98,0.18,4600,Travel,Delayed,Platinum
8633,67,80221,51,22426,19422,1,394.16,9,0.54,93,0.55,2627,Electronics,On-Time,Standard
8634,62,83594,61,24737,10703,0,83.04,18,0.55,55,0.53,5783,Travel,On-Time,Standard
8635,28,59434,1,24158,7064,3,306.15,19,0.87,178,0.15,2688,Home,Late,Standard
8636,27,154846,92,25045,2152,3,295.64,19,0.57,38,0.15,3604,Food,On-Time,Standard
8637,64,42513,70,12987,12715,6,440.47,5,0.81,14,0.55,2589,Travel,On-Time,Gold
8638,27,83437,30,14676,13152,7,193.17,0,0.45,71,0.87,3455,Fashion,On-Time,Standard
8639,52,79601,81,14793,7458,6,186.84,4,0.97,41,0.65,4860,Fashion,On-Time,Standard
8640,35,115350,72,16442,10205,2,92.36,20,0.06,115,0.79,5277,Electronics,On-Time,Standard
8641,69,119126,71,32592,11977,5,294.46,9,0.38,47,0.6,3379,Travel,On-Time,Platinum
8642,33,73719,32,10669,14487,5,60.81,19,0.18,174,0.11,3338,Home,On-Time,Standard
8643,62,86626,4,35710,3011,5,471.69,17,0.3,45,0.2,1707,Fashion,Late,Standard
8644,47,88141,77,23241,6775,3,156.64,0,0.12,41,0.82,2132,Food,On-Time,Standard
8645,48,20000,57,10663,14276,6,250.1,13,0.5,37,0.32,5272,Food,On-Time,Standard
8646,18,20000,76,15441,9258,7,119.69,5,0.01,176,0.78,2747,Electronics,On-Time,Standard
8647,18,50797,10,23508,0,6,201.18,11,0.58,117,0.42,4255,Home,On-Time,Gold
8648,41,52536,83,9661,21145,4,460.7,19,0.94,86,0.48,4982,Food,On-Time,Standard
8649,48,27028,22,17213,15925,3,491.01,12,0.16,53,0.3,2794,Travel,On-Time,Gold
8650,28,104983,44,10903,0,5,178.27,2,0.66,48,0.31,4857,Electronics,On-Time,Standard
8651,28,75084,26,25083,5403,4,417.59,3,0.26,146,0.16,4301,Food,Delayed,Standard
8652,53,66412,78,11030,21008,0,123.02,17,0.15,2,0.6,5051,Travel,On-Time,Standard
8653,53,24753,93,7935,13189,9,111.96,10,0.84,42,0.59,2730,Food,On-Time,Gold
8654,42,73218,55,31713,0,6,111.72,17,0.47,74,0.48,2039,Food,On-Time,Standard
8655,56,20000,58,17559,0,0,474.1,6,0.07,104,0.88,2138,Travel,On-Time,Standard
8656,27,68481,79,16855,0,3,365.04,4,0.54,83,0.01,5274,Food,On-Time,Standard
8657,39,77527,39,23770,6565,4,310.38,16,0.98,120,0.38,2529,Travel,On-Time,Gold
8658,69,84676,17,19778,14682,4,135.54,3,0.8,44,0.59,2525,Food,On-Time,Standard
8659,46,20000,50,13418,0,7,288.45,2,0.56,33,0.07,6079,Food,On-Time,Gold
8660,46,83992,60,15114,13988,4,497.35,16,0.95,169,0.02,2882,Fashion,On-Time,Standard
8661,79,33342,22,25747,3850,6,421.63,20,0.8,84,0.72,-2259,Food,On-Time,Gold
8662,24,42501,35,12286,0,5,493.98,2,0.45,80,0.25,2557,Travel,On-Time,Standard
8663,56,103717,37,19711,7563,4,55.47,3,0.47,94,0.59,2920,Fashion,On-Time,Gold
8664,69,155564,71,33342,23815,2,300.12,18,0.93,93,0.63,5442,Fashion,On-Time,Standard
8665,40,77054,55,17620,19404,6,181.12,17,0.05,79,0.46,446,Food,Delayed,Standard
8666,57,42316,38,29859,6506,4,199.08,4,0.33,163,0.86,3551,Home,Late,Platinum
8667,30,82546,92,11921,11451,4,75.64,12,0.44,164,0.24,2406,Food,On-Time,Standard
8668,34,112561,75,21475,5926,8,352.89,2,0.2,7,0.36,3669,Fashion,On-Time,Platinum
8669,50,99839,81,29968,0,2,434.28,6,0.18,151,0.25,3709,Fashion,On-Time,Standard
8670,56,184724,82,15435,5736,4,160.23,18,0.5,88,0.15,2775,Food,Delayed,Gold
8671,61,46386,99,35337,14469,4,285.2,4,0.59,8,0.94,3398,Food,On-Time,Gold
8672,68,85089,96,19569,1762,8,73.45,14,0.46,21,0.15,4586,Travel,Delayed,Standard
8673,43,136956,68,10699,17496,2,176.28,16,0.41,166,0.82,710,Electronics,On-Time,Gold
8674,62,134446,27,28031,17800,5,150.08,18,0.71,159,0.74,4169,Food,Delayed,Platinum
8675,39,20000,89,32681,6842,3,489.08,14,0.74,168,0.68,-486,Food,Delayed,Gold
8676,58,74865,20,10023,10777,3,275.37,10,0.17,45,0.01,637,Electronics,On-Time,Platinum
8677,48,134380,61,23531,19113,3,147.38,15,0.06,97,0.04,1981,Fashion,On-Time,Standard
8678,51,190625,22,14617,12541,10,109.51,16,0.06,18,0.67,1501,Fashion,On-Time,Gold
8679,51,103151,20,11828,20213,5,399.28,16,0.73,148,0.79,5849,Fashion,On-Time,Platinum
8680,20,60285,74,12944,0,3,70.37,14,0.02,103,0.87,-781,Electronics,Delayed,Standard
8681,28,34631,15,21681,5927,4,111.87,2,0.98,122,0.58,2609,Fashion,On-Time,Gold
8682,46,163749,61,30347,7705,2,73.04,11,0.71,154,0.32,5069,Fashion,On-Time,Platinum
8683,19,104149,96,19512,18705,3,215.08,12,0.6,90,0.52,2412,Travel,Delayed,Gold
8684,57,41077,90,23360,10006,7,474.61,18,0.03,85,0.78,2682,Home,On-Time,Standard
8685,58,66873,64,15568,4834,5,155.92,18,0.03,132,0.56,1803,Electronics,On-Time,Gold
8686,49,87407,79,18989,9222,6,218.76,19,0.46,10,0.43,-542,Food,On-Time,Standard
8687,28,96752,4,13054,13639,6,380.28,19,0.38,168,0.15,1219,Fashion,Delayed,Standard
8688,65,39015,45,5515,7791,5,141.74,8,0.29,162,0.96,5614,Travel,On-Time,Standard
8689,75,50432,63,15905,15867,6,178.97,20,0.13,83,0.03,1609,Food,Late,Standard
8690,47,20000,81,29034,10815,2,224.12,3,0.27,125,0.03,5273,Fashion,On-Time,Standard
8691,52,116590,40,5000,7884,6,479.44,14,0.63,131,0.29,1865,Food,On-Time,Standard
8692,48,61335,97,28810,18253,6,294.94,8,0.4,150,0.63,536,Electronics,On-Time,Gold
8693,52,93652,43,22629,20071,6,247.0,9,0.31,3,0.44,4500,Electronics,Late,Standard
8694,43,131890,88,18891,18179,3,230.68,15,0.92,175,0.9,1502,Fashion,On-Time,Gold
8695,44,83794,97,15797,4355,3,225.24,3,0.33,27,0.33,4891,Fashion,On-Time,Standard
8696,58,70481,14,23831,18340,6,459.15,0,0.91,137,0.2,3598,Home,On-Time,Standard
8697,80,82756,67,31188,17011,1,399.88,9,0.08,10,0.27,6273,Electronics,On-Time,Platinum
8698,23,77527,50,22063,1985,3,134.43,12,0.83,128,1.0,985,Travel,Late,Gold
8699,43,124846,53,18316,7656,3,193.53,3,0.51,161,0.58,5636,Food,Delayed,Platinum
8700,27,87433,67,41591,18711,3,431.56,3,0.51,96,0.48,1696,Travel,On-Time,Platinum
8701,68,53223,88,20689,16687,6,387.64,13,0.6,33,0.22,4494,Fashion,On-Time,Gold
8702,36,116913,76,6893,6324,2,96.66,13,0.66,55,0.18,2690,Home,On-Time,Standard
8703,23,124219,41,22622,2384,2,233.6,16,0.82,61,0.02,986,Home,On-Time,Gold
8704,54,21466,45,15292,19099,4,270.82,14,0.05,80,0.74,4574,Home,Delayed,Platinum
8705,71,136311,24,17175,13937,6,435.83,5,0.31,104,0.62,2102,Fashion,Late,Gold
8706,54,89588,66,30227,10253,8,433.77,1,0.46,35,0.52,3991,Fashion,On-Time,Platinum
8707,48,86330,34,27022,4387,6,117.96,0,0.96,148,0.45,2677,Food,On-Time,Standard
8708,51,115264,72,5903,15038,5,313.54,10,0.06,27,0.74,2925,Home,On-Time,Gold
8709,66,52320,77,6165,2749,2,474.42,7,0.39,143,0.7,3755,Electronics,On-Time,Gold
8710,31,113166,21,21128,3669,3,84.55,4,0.78,121,0.44,3715,Electronics,On-Time,Platinum
8711,43,59928,8,27780,12811,9,211.35,13,0.93,121,0.36,3298,Home,On-Time,Gold
8712,38,20000,23,5000,16926,5,201.81,0,0.81,155,0.04,16,Food,On-Time,Standard
8713,27,35089,22,27836,10997,5,127.17,16,0.98,171,0.13,2747,Fashion,On-Time,Gold
8714,40,97680,60,39728,7463,6,490.44,20,0.53,28,0.7,2955,Electronics,On-Time,Standard
8715,61,37181,36,29490,16208,5,368.58,0,0.73,1,0.52,1360,Food,Late,Platinum
8716,53,139403,44,13655,1913,6,357.82,8,0.88,123,0.24,5289,Travel,On-Time,Standard
8717,54,122571,14,25136,3345,6,72.04,9,0.41,143,0.42,4229,Home,Delayed,Standard
8718,47,128337,56,21863,17606,6,222.88,8,0.08,176,0.83,4504,Electronics,On-Time,Gold
8719,52,79991,99,34254,1726,1,329.82,8,0.06,82,0.04,171,Food,On-Time,Platinum
8720,32,85314,13,29082,0,5,268.91,9,0.92,104,0.89,3251,Electronics,On-Time,Standard
8721,40,27251,51,12808,3089,7,376.21,10,0.0,54,0.18,857,Electronics,On-Time,Standard
8722,47,114831,83,24697,17613,5,422.34,10,0.32,1,0.95,3183,Home,On-Time,Standard
8723,49,90193,35,13437,16253,6,392.65,16,0.85,81,0.72,2326,Fashion,On-Time,Standard
8724,49,97692,26,28305,0,10,474.68,20,0.4,139,0.16,5460,Fashion,On-Time,Standard
8725,42,142532,16,17969,4258,7,299.11,18,0.2,25,0.09,3997,Food,On-Time,Gold
8726,39,50761,89,19684,0,6,433.92,0,0.13,49,0.31,1781,Home,On-Time,Standard
8727,80,69954,40,21355,14455,2,492.52,8,0.03,29,0.67,8139,Fashion,Delayed,Gold
8728,58,88066,3,15590,1437,7,279.83,18,0.65,141,0.05,4574,Food,On-Time,Gold
8729,51,37582,2,20851,13155,4,56.56,3,0.33,14,0.93,4866,Food,On-Time,Standard
8730,41,67496,18,23671,8552,2,196.92,9,0.01,16,0.4,3268,Food,Late,Gold
8731,38,94717,40,17750,10656,4,291.93,7,0.08,71,0.29,3875,Electronics,On-Time,Standard
8732,43,61983,39,21754,0,5,356.21,1,0.85,94,0.81,2703,Food,On-Time,Standard
8733,49,127359,57,14047,16246,5,316.46,17,0.12,89,0.87,3522,Travel,On-Time,Standard
8734,18,20000,38,10155,20825,5,341.57,0,0.5,50,0.71,954,Travel,On-Time,Gold
8735,21,119910,6,19727,20362,8,375.17,17,0.35,114,0.51,4715,Travel,On-Time,Platinum
8736,35,101447,35,28139,10448,7,273.46,2,0.2,13,0.03,5729,Travel,On-Time,Standard
8737,48,52246,82,27878,0,6,422.62,17,0.12,180,0.85,2380,Electronics,On-Time,Standard
8738,41,38023,75,27376,7463,7,349.56,15,0.64,48,0.16,6191,Travel,Delayed,Standard
8739,67,20000,19,28079,11879,4,399.13,8,0.88,176,0.58,2055,Home,Delayed,Standard
8740,22,43192,75,21473,10939,7,347.45,0,0.6,51,0.36,1649,Food,On-Time,Standard
8741,33,116887,28,15613,0,8,98.61,15,0.38,45,0.53,3906,Food,On-Time,Standard
8742,67,72756,93,17912,14978,4,119.76,6,0.31,69,0.73,3236,Food,On-Time,Gold
8743,46,121519,83,19031,15397,8,126.42,18,0.36,115,0.82,1997,Home,On-Time,Gold
8744,58,50205,67,14736,15415,3,71.97,3,0.37,50,0.59,2497,Travel,On-Time,Standard
8745,75,103284,65,24743,4980,6,148.43,4,0.51,112,0.33,1936,Travel,On-Time,Gold
8746,34,46300,46,15103,0,5,302.02,19,0.37,20,0.68,3881,Electronics,Delayed,Gold
8747,43,36376,93,5202,6578,3,76.95,0,0.59,85,0.21,3741,Electronics,On-Time,Standard
8748,40,70714,22,28468,18253,5,177.59,8,0.1,12,0.89,536,Electronics,On-Time,Gold
8749,18,48401,5,24082,3221,6,330.41,14,0.28,166,0.03,970,Fashion,On-Time,Gold
8750,40,20000,17,6197,3922,3,139.96,11,0.72,129,0.8,1106,Electronics,On-Time,Standard
8751,58,67707,52,14816,2574,9,138.91,17,0.76,84,0.11,2275,Food,Delayed,Platinum
8752,53,79257,21,19229,7059,5,422.18,9,0.68,154,0.92,5440,Travel,On-Time,Standard
8753,54,125734,100,19975,12904,4,297.16,15,0.34,99,0.39,5225,Fashion,Late,Standard
8754,39,112472,67,36838,14740,4,191.12,8,0.45,82,0.47,654,Fashion,On-Time,Platinum
8755,35,123797,74,12326,1166,8,296.96,5,0.18,126,0.44,3825,Fashion,Late,Gold
8756,64,103814,34,11831,17084,7,242.65,17,0.97,144,0.57,4432,Electronics,Late,Standard
8757,37,88304,74,30171,18069,8,477.91,7,0.87,43,0.62,3806,Home,On-Time,Standard
8758,49,25842,97,18533,7999,5,140.62,9,0.94,83,0.96,-1576,Fashion,On-Time,Standard
8759,47,80994,8,29386,293,4,348.94,12,0.57,24,0.09,6143,Fashion,On-Time,Standard
8760,66,98871,30,17872,18797,2,460.88,0,0.47,93,0.74,7782,Electronics,On-Time,Standard
8761,59,133297,95,29748,12625,4,374.72,15,0.87,161,0.15,3295,Travel,On-Time,Gold
8762,25,102451,42,17779,23326,3,224.29,9,0.41,120,0.52,1716,Food,Delayed,Gold
8763,27,124615,98,19000,0,5,385.87,12,0.27,38,0.46,1230,Travel,Delayed,Standard
8764,53,33720,74,11702,12038,5,154.55,2,0.5,114,0.98,5644,Travel,On-Time,Standard
8765,44,61943,16,33823,20273,7,372.64,20,0.17,84,0.08,2148,Fashion,On-Time,Gold
8766,38,92174,50,13969,13255,2,403.93,0,0.77,140,0.26,1548,Fashion,On-Time,Standard
8767,60,121438,99,9783,0,5,219.16,13,0.44,0,0.01,3627,Travel,On-Time,Gold
8768,47,69190,65,32961,0,6,299.75,17,0.65,137,0.89,545,Fashion,On-Time,Standard
8769,45,71702,23,25270,22582,4,304.01,14,0.58,63,0.35,905,Fashion,On-Time,Gold
8770,56,102485,14,32675,5691,5,300.22,5,0.58,104,0.01,3746,Food,On-Time,Standard
8771,39,29965,27,14294,13341,15,140.15,14,0.93,160,0.72,1200,Food,On-Time,Gold
8772,68,139296,2,24841,897,5,334.13,13,0.06,17,0.08,-578,Fashion,On-Time,Standard
8773,33,39834,28,31200,6017,4,232.83,7,0.61,177,0.55,4762,Travel,On-Time,Gold
8774,54,20000,51,10859,16678,5,110.05,10,0.26,86,0.64,4880,Fashion,Delayed,Standard
8775,66,75402,53,22612,11978,4,74.98,13,0.12,37,0.36,976,Home,Late,Gold
8776,24,142938,57,16374,6849,9,420.57,20,0.05,125,0.53,2520,Food,Late,Standard
8777,39,98458,44,16854,15588,3,391.6,6,0.83,158,0.89,841,Home,On-Time,Standard
8778,62,105043,76,13431,9608,2,469.13,3,0.4,73,0.14,4821,Travel,On-Time,Platinum
8779,62,76655,49,23409,17008,6,265.08,14,0.7,113,0.76,-1019,Travel,Delayed,Standard
8780,42,68904,21,18099,6993,4,326.14,6,0.93,123,0.2,329,Travel,On-Time,Gold
8781,33,20000,51,12596,12062,2,78.56,3,0.85,169,0.66,5821,Electronics,On-Time,Gold
8782,59,20000,52,31359,23992,7,185.46,14,0.24,107,0.83,4437,Home,On-Time,Gold
8783,62,82850,30,20411,11104,8,388.07,3,0.64,38,0.13,4473,Electronics,On-Time,Gold
8784,27,127501,70,7462,14851,8,174.23,9,0.3,113,0.64,2447,Fashion,Delayed,Standard
8785,26,88765,47,14519,0,5,100.51,11,0.05,135,0.82,5727,Home,Delayed,Standard
8786,48,99943,89,8157,11026,2,77.94,0,0.91,72,0.89,3213,Food,On-Time,Platinum
8787,54,138348,30,14989,11433,1,253.98,14,0.7,125,0.23,277,Electronics,On-Time,Standard
8788,40,88150,3,22816,1516,5,443.67,15,0.84,61,0.22,4057,Home,On-Time,Gold
8789,55,70093,34,24953,8104,4,216.21,0,0.27,172,0.4,5833,Home,On-Time,Gold
8790,34,42259,96,26761,7968,3,350.14,0,0.28,89,0.85,5493,Travel,On-Time,Standard
8791,18,155888,66,15010,2227,6,243.89,12,0.2,67,0.92,5508,Electronics,Delayed,Standard
8792,38,96061,63,17151,6445,7,403.79,20,0.28,113,0.59,-939,Fashion,On-Time,Standard
8793,45,37255,82,23518,24790,8,411.48,14,0.11,45,0.88,2711,Fashion,Delayed,Gold
8794,40,28153,8,26901,10156,5,475.96,19,0.73,50,0.06,3026,Food,Delayed,Gold
8795,27,125122,45,18878,12186,3,202.08,2,0.97,102,0.1,1547,Fashion,On-Time,Standard
8796,18,33502,82,25136,23199,7,262.05,5,0.91,13,0.18,3434,Fashion,Delayed,Gold
8797,37,149153,55,15518,0,7,340.58,6,0.15,95,0.61,1723,Travel,Delayed,Standard
8798,58,20000,55,5000,25078,11,275.4,17,0.21,164,0.35,-1298,Travel,Delayed,Platinum
8799,63,131903,82,27249,15220,2,87.77,17,0.36,104,0.21,1478,Fashion,On-Time,Platinum
8800,62,94475,25,24507,1379,5,340.83,4,0.2,30,0.69,4173,Home,On-Time,Platinum
8801,32,79743,59,19221,1318,4,99.51,4,0.69,159,0.55,3581,Travel,On-Time,Gold
8802,27,67981,76,21399,15582,8,428.32,6,0.75,161,1.0,692,Food,Delayed,Platinum
8803,52,150629,85,29252,15428,5,87.29,20,0.76,34,0.93,4376,Home,On-Time,Gold
8804,54,103282,71,19932,13041,2,401.59,5,0.58,136,0.31,4853,Home,On-Time,Platinum
8805,51,38871,87,5000,3367,5,117.97,8,0.25,118,0.58,3213,Electronics,On-Time,Standard
8806,18,20000,89,5000,11642,9,383.33,8,0.12,147,0.38,2825,Travel,Late,Platinum
8807,31,82091,47,30709,5488,11,60.38,14,0.49,151,0.65,3690,Fashion,On-Time,Platinum
8808,44,74957,57,24746,8086,5,100.26,8,0.89,176,0.54,679,Home,On-Time,Platinum
8809,52,20000,62,29087,3096,6,59.18,5,0.27,50,0.93,7826,Fashion,Delayed,Gold
8810,56,72784,57,31891,5255,2,132.08,12,0.33,149,0.62,3909,Travel,On-Time,Gold
8811,47,52042,2,31427,0,4,50.16,11,0.72,114,0.4,3777,Electronics,Delayed,Standard
8812,49,75371,6,8725,20523,9,88.88,14,0.34,87,0.67,-38,Food,On-Time,Gold
8813,46,104036,51,18385,4093,0,61.27,18,0.87,150,0.7,5938,Food,On-Time,Gold
8814,55,134704,61,12919,19602,6,245.48,10,0.87,20,0.79,921,Home,Delayed,Standard
8815,49,111355,1,21306,6817,12,120.74,13,0.9,118,0.35,2013,Food,Delayed,Platinum
8816,45,46142,32,9161,5836,4,179.26,1,0.77,108,0.42,2855,Food,On-Time,Standard
8817,40,89756,11,20343,0,5,168.31,17,0.06,98,0.29,1706,Fashion,On-Time,Platinum
8818,46,77524,47,6219,23338,6,423.93,12,0.53,91,0.31,2706,Travel,On-Time,Standard
8819,52,21714,75,17223,17345,4,123.49,16,0.48,151,0.4,1242,Food,On-Time,Gold
8820,49,90929,52,31667,3374,2,274.54,2,0.46,33,0.23,4593,Food,Late,Platinum
8821,50,149266,73,14542,16440,5,81.12,16,0.66,137,0.31,3877,Travel,Delayed,Standard
8822,65,76297,40,14458,17495,3,234.77,0,0.75,141,0.74,2153,Home,Delayed,Gold
8823,48,20000,90,21007,11426,2,411.86,1,0.54,97,0.15,4821,Fashion,On-Time,Platinum
8824,35,76210,81,21456,11214,3,282.4,17,0.75,171,0.43,3273,Home,Late,Platinum
8825,58,26451,57,22510,9911,6,166.38,1,0.24,166,0.41,633,Food,On-Time,Standard
8826,24,109544,67,13639,4519,5,233.48,1,0.64,93,0.47,1516,Food,On-Time,Gold
8827,28,95994,22,15188,7186,9,300.13,5,0.61,41,0.27,4140,Home,On-Time,Platinum
8828,50,68163,84,20546,3233,8,457.2,9,0.33,105,0.3,4523,Fashion,On-Time,Standard
8829,52,61753,35,27868,17236,12,427.05,17,0.5,45,0.1,3896,Home,On-Time,Standard
8830,26,66510,93,14157,21616,6,482.51,3,0.99,160,0.22,2710,Home,On-Time,Standard
8831,39,75330,84,18423,12538,6,130.42,5,0.7,139,0.69,5439,Home,On-Time,Gold
8832,35,44110,86,5000,6332,7,139.2,19,0.44,15,0.04,919,Food,On-Time,Platinum
8833,37,20000,20,16509,6879,6,95.13,9,0.71,54,0.43,1781,Electronics,On-Time,Standard
8834,59,120547,71,21612,12482,3,278.81,16,0.38,64,0.83,2774,Fashion,On-Time,Gold
8835,55,59583,54,26963,13912,5,131.33,15,0.32,41,0.07,3732,Electronics,On-Time,Gold
8836,44,81681,55,13710,11016,4,359.88,2,0.5,69,0.05,2549,Home,Late,Standard
8837,36,86411,12,21373,4961,5,480.33,0,0.45,4,0.05,-379,Travel,Late,Gold
8838,24,87880,21,22173,18203,7,305.56,19,0.95,168,0.61,1415,Food,On-Time,Gold
8839,66,28047,6,5663,10881,9,372.88,19,0.98,8,0.87,-395,Travel,On-Time,Gold
8840,53,20000,23,9943,13227,7,140.03,14,0.32,47,0.77,1511,Travel,On-Time,Standard
8841,34,51452,60,24019,0,3,417.35,17,0.07,29,0.87,1144,Home,On-Time,Platinum
8842,55,90828,4,20484,8475,6,435.37,15,0.2,120,0.6,6467,Home,On-Time,Gold
8843,43,45882,49,20759,14972,6,448.07,15,0.93,168,0.36,5198,Travel,Delayed,Standard
8844,40,60803,61,12563,1352,3,439.54,10,0.15,16,0.69,4112,Travel,Delayed,Gold
8845,51,160091,54,8415,0,5,190.16,14,0.62,96,0.21,5988,Travel,Delayed,Platinum
8846,33,20000,25,23830,17920,5,287.55,17,0.04,110,0.1,3867,Electronics,Delayed,Standard
8847,39,44798,9,21338,10880,3,189.18,20,0.51,56,0.97,-1505,Food,On-Time,Standard
8848,46,150864,10,5000,11405,5,445.28,15,0.41,172,0.29,5970,Home,On-Time,Standard
8849,37,73216,39,19209,12814,4,458.78,13,0.71,27,0.6,4397,Fashion,On-Time,Standard
8850,55,46760,10,34247,11811,4,353.41,4,0.51,120,0.92,6104,Electronics,Delayed,Standard
8851,73,121750,93,24797,0,3,148.99,13,0.49,23,0.86,1832,Fashion,On-Time,Gold
8852,33,77209,3,12836,7153,9,100.79,5,0.62,56,0.35,1533,Food,On-Time,Standard
8853,20,61067,1,21334,8997,11,456.99,18,0.7,170,0.44,3344,Travel,On-Time,Gold
8854,18,82694,76,18353,11130,3,210.3,15,0.65,106,0.66,3655,Fashion,On-Time,Standard
8855,42,48675,38,33170,10184,7,342.34,4,0.88,63,0.53,4147,Food,On-Time,Gold
8856,35,34300,80,10995,6988,5,417.63,13,0.11,99,0.99,4229,Home,On-Time,Standard
8857,48,70456,22,30396,16167,10,350.9,5,0.96,160,0.21,3164,Food,On-Time,Standard
8858,46,34560,44,10450,8006,7,494.9,14,0.68,97,0.91,3419,Food,Delayed,Gold
8859,20,75427,73,22670,11293,6,308.45,11,0.2,97,0.78,1754,Food,On-Time,Standard
8860,18,89176,76,25160,21169,6,302.11,5,0.41,155,0.6,2731,Home,On-Time,Gold
8861,49,109122,41,29230,0,4,327.37,6,0.31,65,0.87,5048,Travel,Delayed,Standard
8862,47,120116,41,26146,0,6,290.1,6,0.72,78,0.05,3639,Electronics,On-Time,Standard
8863,38,58770,28,7805,12400,5,399.7,19,1.0,85,0.03,3712,Travel,Delayed,Standard
8864,20,94976,15,20009,14109,10,472.03,16,0.87,158,0.89,376,Home,Delayed,Standard
8865,52,94700,66,24089,25241,3,457.46,16,0.86,141,0.33,3384,Home,On-Time,Standard
8866,64,88112,99,28690,10225,7,272.34,0,0.41,18,0.02,1506,Electronics,Delayed,Standard
8867,49,55821,59,10955,8767,5,467.33,18,0.44,161,0.86,4284,Food,On-Time,Platinum
8868,32,33877,3,12487,6316,2,115.05,12,0.2,51,0.99,1427,Electronics,On-Time,Platinum
8869,45,95080,99,8291,17595,4,299.99,1,0.37,164,0.09,2237,Fashion,Delayed,Standard
8870,24,20000,15,19997,13563,4,278.86,14,0.63,136,0.72,8960,Food,Delayed,Standard
8871,60,64286,40,22163,15744,7,145.1,11,0.84,58,0.14,4179,Fashion,Late,Gold
8872,46,20000,5,22836,11936,4,492.4,12,0.06,31,0.15,6041,Fashion,Delayed,Standard
8873,18,21543,41,17873,16000,7,481.33,4,0.95,83,0.44,2641,Food,On-Time,Standard
8874,40,39914,56,19095,19830,6,50.81,20,0.24,165,0.17,4336,Food,Delayed,Standard
8875,51,118868,27,19157,14170,6,291.98,4,0.2,165,0.43,5142,Home,Delayed,Standard
8876,40,102524,99,18139,6222,9,118.52,2,0.4,45,0.26,970,Home,On-Time,Gold
8877,40,52842,22,5318,3237,5,202.86,3,0.64,132,0.47,2228,Food,Delayed,Gold
8878,26,104174,75,12347,11087,3,199.33,12,0.57,7,0.93,3787,Travel,On-Time,Standard
8879,53,110504,41,24301,20594,7,204.93,9,0.25,122,0.83,3317,Travel,On-Time,Gold
8880,35,68573,94,16443,11443,2,308.82,20,0.96,86,0.55,5224,Home,On-Time,Gold
8881,18,20000,11,15993,0,9,281.52,14,0.6,17,0.93,1643,Fashion,On-Time,Platinum
8882,39,66683,95,30130,22442,9,258.9,18,0.82,69,0.25,7796,Home,On-Time,Platinum
8883,59,71084,88,28602,13229,2,284.96,7,0.91,74,0.35,3957,Home,Delayed,Standard
8884,39,25701,63,14156,9367,3,319.19,13,0.4,89,0.19,2322,Food,On-Time,Standard
8885,71,89681,57,31928,8826,6,163.51,2,0.23,132,0.13,3291,Home,On-Time,Gold
8886,51,86192,50,18434,0,6,416.88,17,0.64,65,0.86,3972,Food,On-Time,Standard
8887,50,92801,28,26399,4199,6,298.54,1,0.34,109,0.17,4153,Electronics,On-Time,Standard
8888,43,86156,18,19723,4086,9,168.63,0,0.38,128,0.85,2090,Home,On-Time,Gold
8889,43,104193,85,14881,14374,7,127.28,6,0.14,33,0.46,1621,Fashion,On-Time,Standard
8890,41,67826,87,26414,8519,1,394.59,0,0.82,161,0.61,2163,Electronics,Late,Standard
8891,40,83071,96,12782,17634,7,286.67,0,0.78,171,0.28,6458,Fashion,On-Time,Standard
8892,52,59090,99,18741,0,7,133.2,16,0.64,137,0.19,2665,Fashion,On-Time,Standard
8893,30,51620,44,19977,25811,3,427.27,12,0.38,168,0.12,2458,Electronics,On-Time,Standard
8894,28,128529,53,16916,18700,2,365.39,0,0.97,167,0.24,2737,Home,Delayed,Standard
8895,28,20000,79,9122,13001,4,197.27,5,0.36,129,0.93,3987,Travel,Delayed,Standard
8896,75,110070,65,24052,7574,5,174.94,18,0.62,66,0.94,1987,Fashion,On-Time,Gold
8897,52,50178,71,27365,15521,9,149.12,17,0.15,30,0.2,290,Food,On-Time,Standard
8898,49,44998,12,21313,10620,5,82.15,2,0.14,30,0.62,4722,Travel,Late,Standard
8899,29,85463,93,13914,8610,1,474.93,10,0.96,54,0.44,2361,Home,On-Time,Standard
8900,54,20000,64,37341,15230,4,480.74,3,0.73,149,0.6,5417,Fashion,Delayed,Gold
8901,43,42359,11,18151,16077,5,232.02,6,0.03,17,0.69,7884,Food,On-Time,Gold
8902,48,41034,70,18014,12485,2,92.01,17,0.64,111,0.04,1413,Electronics,Delayed,Gold
8903,30,66144,13,5000,6653,8,203.38,1,0.05,173,0.1,1839,Food,On-Time,Standard
8904,47,42834,41,10072,9154,7,212.0,6,0.74,59,0.55,3899,Home,Delayed,Standard
8905,38,139044,98,29284,574,7,166.84,1,0.05,159,0.26,2829,Food,On-Time,Gold
8906,33,146880,91,46343,182,4,95.16,2,0.37,99,0.75,6082,Electronics,On-Time,Standard
8907,56,20000,75,30286,5786,7,95.69,16,0.38,129,0.11,2927,Home,On-Time,Gold
8908,21,96772,47,11664,16788,7,472.37,3,0.59,128,0.74,1915,Food,On-Time,Gold
8909,53,109346,23,23808,10824,4,407.56,8,0.21,160,0.33,1291,Travel,On-Time,Platinum
8910,55,96719,64,16888,16674,5,154.93,11,0.69,82,0.23,1421,Food,On-Time,Standard
8911,31,48675,16,17133,19040,3,370.97,5,0.54,10,0.74,4680,Travel,Delayed,Standard
8912,32,65236,37,9585,12537,7,75.41,7,0.34,156,0.31,-710,Electronics,On-Time,Gold
8913,41,45069,27,24155,2743,4,164.01,15,0.77,138,0.7,4435,Electronics,Delayed,Standard
8914,49,58189,32,9851,15688,6,360.26,6,0.6,90,0.56,3307,Fashion,On-Time,Platinum
8915,42,26601,23,5000,2058,9,331.01,7,0.9,157,0.69,3296,Food,On-Time,Gold
8916,51,70408,69,16725,6255,7,331.23,0,0.52,34,0.09,4670,Electronics,Delayed,Standard
8917,71,20000,84,5000,19489,3,218.34,16,0.32,26,0.6,2992,Home,On-Time,Gold
8918,37,66994,3,13535,9964,5,195.07,7,0.01,85,0.83,1431,Travel,On-Time,Standard
8919,19,25056,32,24796,13228,3,227.37,9,0.57,17,0.48,-609,Food,On-Time,Platinum
8920,57,83272,9,29054,0,6,178.76,7,0.9,155,0.42,2470,Travel,On-Time,Standard
8921,70,47823,35,25100,7779,6,88.24,19,0.13,54,0.02,2112,Electronics,On-Time,Platinum
8922,50,86623,76,18153,11974,5,140.58,0,0.98,52,0.96,3875,Travel,On-Time,Standard
8923,28,118263,99,15647,10667,12,70.66,6,0.64,165,0.99,4924,Travel,Late,Standard
8924,43,138577,72,12587,15516,3,127.07,17,0.25,22,0.74,3844,Travel,Delayed,Standard
8925,28,20000,30,31891,5565,8,177.79,7,0.95,3,0.13,2929,Travel,On-Time,Gold
8926,54,41632,3,9930,18030,2,206.3,13,0.99,45,0.64,5464,Fashion,On-Time,Gold
8927,24,62876,83,20993,6763,3,473.0,9,0.03,94,0.32,1663,Food,On-Time,Gold
8928,40,93413,7,24748,10159,7,412.28,17,0.95,28,0.54,-647,Home,On-Time,Gold
8929,29,20000,26,5000,3086,3,279.96,13,0.26,39,0.05,3161,Home,On-Time,Gold
8930,46,35716,35,5000,13875,5,346.38,9,0.74,171,0.76,3026,Food,Delayed,Standard
8931,39,80214,8,24730,4689,7,127.62,16,0.28,81,0.59,1102,Electronics,Delayed,Gold
8932,47,78395,42,8359,11842,3,293.5,5,0.46,75,0.23,2134,Travel,On-Time,Platinum
8933,45,90104,23,22476,15703,8,411.34,6,0.27,44,0.64,3040,Home,On-Time,Gold
8934,30,92747,36,12995,16463,1,120.77,19,0.72,60,0.47,3557,Electronics,On-Time,Standard
8935,54,88543,40,22140,28327,2,401.18,18,0.8,71,0.51,679,Electronics,On-Time,Standard
8936,44,82746,93,23225,10050,6,250.75,9,0.73,71,0.08,2279,Electronics,Delayed,Gold
8937,30,77229,25,28039,7836,6,140.31,13,0.96,157,0.02,260,Food,On-Time,Standard
8938,78,101590,3,23544,5601,1,72.92,8,0.14,129,0.34,3815,Fashion,Late,Standard
8939,52,20000,0,21796,14301,6,480.16,16,0.58,179,0.05,3638,Food,On-Time,Standard
8940,42,136773,19,33916,9105,6,128.36,12,0.95,37,0.34,2928,Home,Delayed,Standard
8941,66,20000,91,12183,4090,8,413.62,3,0.46,101,0.38,2917,Fashion,On-Time,Gold
8942,72,31833,44,20418,3863,3,292.29,7,0.89,69,0.26,5886,Travel,On-Time,Gold
8943,42,65929,87,27283,18793,6,464.28,18,0.01,25,0.76,429,Food,On-Time,Standard
8944,50,101904,91,5000,16170,5,419.81,18,0.95,161,0.42,4793,Travel,On-Time,Standard
8945,30,20000,91,32199,19261,4,158.91,1,0.05,121,0.09,7848,Home,On-Time,Standard
8946,42,73875,68,18670,16,7,495.57,11,0.06,30,0.43,1844,Home,On-Time,Standard
8947,42,106695,95,23431,7496,2,226.01,19,0.36,124,0.06,2143,Travel,On-Time,Gold
8948,47,114780,51,16054,3596,4,416.22,15,0.84,10,0.45,4866,Fashion,Delayed,Gold
8949,49,47106,93,23521,10937,10,493.32,12,0.09,2,0.76,2543,Travel,On-Time,Standard
8950,53,62966,63,22123,4466,3,187.63,19,0.93,2,0.79,5990,Home,On-Time,Standard
